{
  "type": "FeatureCollection",
  "features": [
    {
      "type": "Feature",
      "geometry": {
        "type": "Polygon",
        "coordinates": [
          [
            [
              88.1244640625,
              27.8893984375
            ],
            [
              88.1244640625,
              27.8892421875
            ],
            [
              88.1245421875,
              27.8892421875
            ],
            [
              88.1245421875,
              27.88928125
            ],
            [
              88.12458124999999,
              27.88928125
            ],
            [
              88.12458124999999,
              27.8893984375
            ],
            [
              88.1244640625,
              27.8893984375
            ]
          ]
        ]
      },
      "properties": {
        "building_id": 0,
        "damage_tier": "major-damage",
        "confidence": 0.541
      }
    },
    {
      "type": "Feature",
      "geometry": {
        "type": "Polygon",
        "coordinates": [
          [
            [
              88.124503125,
              27.889164062499997
            ],
            [
              88.124503125,
              27.889125
            ],
            [
              88.1244640625,
              27.889125
            ],
            [
              88.1244640625,
              27.889046875
            ],
            [
              88.124425,
              27.889046875
            ],
            [
              88.124425,
              27.889007812499997
            ],
            [
              88.1243859375,
              27.889007812499997
            ],
            [
              88.1243859375,
              27.888968749999997
            ],
            [
              88.124346875,
              27.888968749999997
            ],
            [
              88.124346875,
              27.888890625
            ],
            [
              88.12430781249999,
              27.888890625
            ],
            [
              88.12430781249999,
              27.888656249999997
            ],
            [
              88.124346875,
              27.888656249999997
            ],
            [
              88.124346875,
              27.8886171875
            ],
            [
              88.124425,
              27.8886171875
            ],
            [
              88.124425,
              27.888578125
            ],
            [
              88.124503125,
              27.888578125
            ],
            [
              88.124503125,
              27.888539062499998
            ],
            [
              88.1245421875,
              27.888539062499998
            ],
            [
              88.1245421875,
              27.8884609375
            ],
            [
              88.12458124999999,
              27.8884609375
            ],
            [
              88.12458124999999,
              27.888421875
            ],
            [
              88.1245421875,
              27.888421875
            ],
            [
              88.1245421875,
              27.888382812499998
            ],
            [
              88.124425,
              27.888382812499998
            ],
            [
              88.124425,
              27.888343749999997
            ],
            [
              88.12430781249999,
              27.888343749999997
            ],
            [
              88.12430781249999,
              27.888382812499998
            ],
            [
              88.12422968749999,
              27.888382812499998
            ],
            [
              88.12422968749999,
              27.888421875
            ],
            [
              88.1241515625,
              27.888421875
            ],
            [
              88.1241515625,
              27.888343749999997
            ],
            [
              88.1241125,
              27.888343749999997
            ],
            [
              88.1241125,
              27.888265625
            ],
            [
              88.1241515625,
              27.888265625
            ],
            [
              88.1241515625,
              27.888226562499998
            ],
            [
              88.124346875,
              27.888226562499998
            ],
            [
              88.124346875,
              27.888187499999997
            ],
            [
              88.124503125,
              27.888187499999997
            ],
            [
              88.124503125,
              27.8881484375
            ],
            [
              88.12493281249999,
              27.8881484375
            ],
            [
              88.12493281249999,
              27.888187499999997
            ],
            [
              88.124971875,
              27.888187499999997
            ],
            [
              88.124971875,
              27.888226562499998
            ],
            [
              88.1250109375,
              27.888226562499998
            ],
            [
              88.1250109375,
              27.8883046875
            ],
            [
              88.124971875,
              27.8883046875
            ],
            [
              88.124971875,
              27.888382812499998
            ],
            [
              88.12493281249999,
              27.888382812499998
            ],
            [
              88.12493281249999,
              27.888499999999997
            ],
            [
              88.124971875,
              27.888499999999997
            ],
            [
              88.124971875,
              27.888656249999997
            ],
            [
              88.1250109375,
              27.888656249999997
            ],
            [
              88.1250109375,
              27.888734375
            ],
            [
              88.124971875,
              27.888734375
            ],
            [
              88.124971875,
              27.8887734375
            ],
            [
              88.12493281249999,
              27.8887734375
            ],
            [
              88.12493281249999,
              27.888812499999997
            ],
            [
              88.12489375,
              27.888812499999997
            ],
            [
              88.12489375,
              27.888890625
            ],
            [
              88.12485468749999,
              27.888890625
            ],
            [
              88.12485468749999,
              27.8889296875
            ],
            [
              88.1247765625,
              27.8889296875
            ],
            [
              88.1247765625,
              27.888968749999997
            ],
            [
              88.1246984375,
              27.888968749999997
            ],
            [
              88.1246984375,
              27.889007812499997
            ],
            [
              88.1246203125,
              27.889007812499997
            ],
            [
              88.1246203125,
              27.889046875
            ],
            [
              88.12458124999999,
              27.889046875
            ],
            [
              88.12458124999999,
              27.8890859375
            ],
            [
              88.1245421875,
              27.8890859375
            ],
            [
              88.1245421875,
              27.889164062499997
            ],
            [
              88.124503125,
              27.889164062499997
            ]
          ]
        ]
      },
      "properties": {
        "building_id": 1,
        "damage_tier": "major-damage",
        "confidence": 0.559
      }
    },
    {
      "type": "Feature",
      "geometry": {
        "type": "Polygon",
        "coordinates": [
          [
            [
              88.1112609375,
              27.887562499999998
            ],
            [
              88.1112609375,
              27.887523437499997
            ],
            [
              88.11114375,
              27.887523437499997
            ],
            [
              88.11114375,
              27.887484375
            ],
            [
              88.1111828125,
              27.887484375
            ],
            [
              88.1111828125,
              27.8874453125
            ],
            [
              88.11145625,
              27.8874453125
            ],
            [
              88.11145625,
              27.887523437499997
            ],
            [
              88.1114171875,
              27.887523437499997
            ],
            [
              88.1114171875,
              27.887562499999998
            ],
            [
              88.1112609375,
              27.887562499999998
            ]
          ]
        ]
      },
      "properties": {
        "building_id": 2,
        "damage_tier": "destroyed",
        "confidence": 0.97
      }
    },
    {
      "type": "Feature",
      "geometry": {
        "type": "Polygon",
        "coordinates": [
          [
            [
              88.1108703125,
              27.887367187499997
            ],
            [
              88.1108703125,
              27.887328125
            ],
            [
              88.110909375,
              27.887328125
            ],
            [
              88.110909375,
              27.887367187499997
            ],
            [
              88.1108703125,
              27.887367187499997
            ]
          ]
        ]
      },
      "properties": {
        "building_id": 3,
        "damage_tier": "destroyed",
        "confidence": 0.955
      }
    },
    {
      "type": "Feature",
      "geometry": {
        "type": "Polygon",
        "coordinates": [
          [
            [
              88.1105578125,
              27.8872890625
            ],
            [
              88.1105578125,
              27.887249999999998
            ],
            [
              88.11051875,
              27.887249999999998
            ],
            [
              88.11051875,
              27.887210937499997
            ],
            [
              88.1104796875,
              27.887210937499997
            ],
            [
              88.1104796875,
              27.887171875
            ],
            [
              88.110440625,
              27.887171875
            ],
            [
              88.110440625,
              27.886859374999997
            ],
            [
              88.1104796875,
              27.886859374999997
            ],
            [
              88.1104796875,
              27.8868203125
            ],
            [
              88.11051875,
              27.8868203125
            ],
            [
              88.11051875,
              27.88678125
            ],
            [
              88.110596875,
              27.88678125
            ],
            [
              88.110596875,
              27.8868203125
            ],
            [
              88.1106359375,
              27.8868203125
            ],
            [
              88.1106359375,
              27.886859374999997
            ],
            [
              88.110675,
              27.886859374999997
            ],
            [
              88.110675,
              27.8869375
            ],
            [
              88.1107140625,
              27.8869375
            ],
            [
              88.1107140625,
              27.887015625
            ],
            [
              88.110753125,
              27.887015625
            ],
            [
              88.110753125,
              27.8871328125
            ],
            [
              88.1107921875,
              27.8871328125
            ],
            [
              88.1107921875,
              27.8872890625
            ],
            [
              88.1105578125,
              27.8872890625
            ]
          ]
        ]
      },
      "properties": {
        "building_id": 4,
        "damage_tier": "destroyed",
        "confidence": 0.937
      }
    },
    {
      "type": "Feature",
      "geometry": {
        "type": "Polygon",
        "coordinates": [
          [
            [
              88.109971875,
              27.8869375
            ],
            [
              88.109971875,
              27.886898437499998
            ],
            [
              88.1099328125,
              27.886898437499998
            ],
            [
              88.1099328125,
              27.8868203125
            ],
            [
              88.109971875,
              27.8868203125
            ],
            [
              88.109971875,
              27.88678125
            ],
            [
              88.1100109375,
              27.88678125
            ],
            [
              88.1100109375,
              27.8868203125
            ],
            [
              88.1100890625,
              27.8868203125
            ],
            [
              88.1100890625,
              27.886898437499998
            ],
            [
              88.1100109375,
              27.886898437499998
            ],
            [
              88.1100109375,
              27.8869375
            ],
            [
              88.109971875,
              27.8869375
            ]
          ]
        ]
      },
      "properties": {
        "building_id": 5,
        "damage_tier": "destroyed",
        "confidence": 0.874
      }
    },
    {
      "type": "Feature",
      "geometry": {
        "type": "Polygon",
        "coordinates": [
          [
            [
              88.1114953125,
              27.8871328125
            ],
            [
              88.1114953125,
              27.88709375
            ],
            [
              88.1114171875,
              27.88709375
            ],
            [
              88.1114171875,
              27.887054687499997
            ],
            [
              88.111378125,
              27.887054687499997
            ],
            [
              88.111378125,
              27.887015625
            ],
            [
              88.1113390625,
              27.887015625
            ],
            [
              88.1113390625,
              27.8869765625
            ],
            [
              88.1113,
              27.8869765625
            ],
            [
              88.1113,
              27.886898437499998
            ],
            [
              88.111221875,
              27.886898437499998
            ],
            [
              88.111221875,
              27.886859374999997
            ],
            [
              88.1111828125,
              27.886859374999997
            ],
            [
              88.1111828125,
              27.8868203125
            ],
            [
              88.111221875,
              27.8868203125
            ],
            [
              88.111221875,
              27.88678125
            ],
            [
              88.1112609375,
              27.88678125
            ],
            [
              88.1112609375,
              27.8865078125
            ],
            [
              88.111378125,
              27.8865078125
            ],
            [
              88.111378125,
              27.88646875
            ],
            [
              88.111690625,
              27.88646875
            ],
            [
              88.111690625,
              27.8865078125
            ],
            [
              88.1117296875,
              27.8865078125
            ],
            [
              88.1117296875,
              27.886585937499998
            ],
            [
              88.111690625,
              27.886585937499998
            ],
            [
              88.111690625,
              27.886703124999997
            ],
            [
              88.1116515625,
              27.886703124999997
            ],
            [
              88.1116515625,
              27.886898437499998
            ],
            [
              88.111690625,
              27.886898437499998
            ],
            [
              88.111690625,
              27.887054687499997
            ],
            [
              88.1116515625,
              27.887054687499997
            ],
            [
              88.1116515625,
              27.88709375
            ],
            [
              88.1116125,
              27.88709375
            ],
            [
              88.1116125,
              27.8871328125
            ],
            [
              88.1114953125,
              27.8871328125
            ]
          ]
        ]
      },
      "properties": {
        "building_id": 6,
        "damage_tier": "destroyed",
        "confidence": 0.947
      }
    },
    {
      "type": "Feature",
      "geometry": {
        "type": "Polygon",
        "coordinates": [
          [
            [
              88.1114953125,
              27.885726562499997
            ],
            [
              88.1114953125,
              27.8856484375
            ],
            [
              88.11145625,
              27.8856484375
            ],
            [
              88.11145625,
              27.885609374999998
            ],
            [
              88.1114953125,
              27.885609374999998
            ],
            [
              88.1114953125,
              27.885570312499997
            ],
            [
              88.111534375,
              27.885570312499997
            ],
            [
              88.111534375,
              27.885726562499997
            ],
            [
              88.1114953125,
              27.885726562499997
            ]
          ]
        ]
      },
      "properties": {
        "building_id": 7,
        "damage_tier": "destroyed",
        "confidence": 0.711
      }
    },
    {
      "type": "Feature",
      "geometry": {
        "type": "Polygon",
        "coordinates": [
          [
            [
              88.1110265625,
              27.886742187499998
            ],
            [
              88.1110265625,
              27.886625
            ],
            [
              88.1109875,
              27.886625
            ],
            [
              88.1109875,
              27.886585937499998
            ],
            [
              88.1109484375,
              27.886585937499998
            ],
            [
              88.1109484375,
              27.886546874999997
            ],
            [
              88.1108703125,
              27.886546874999997
            ],
            [
              88.1108703125,
              27.8865078125
            ],
            [
              88.11083125,
              27.8865078125
            ],
            [
              88.11083125,
              27.88646875
            ],
            [
              88.110753125,
              27.88646875
            ],
            [
              88.110753125,
              27.886429687499998
            ],
            [
              88.1107140625,
              27.886429687499998
            ],
            [
              88.1107140625,
              27.886390624999997
            ],
            [
              88.1106359375,
              27.886390624999997
            ],
            [
              88.1106359375,
              27.8863515625
            ],
            [
              88.110596875,
              27.8863515625
            ],
            [
              88.110596875,
              27.8863125
            ],
            [
              88.1105578125,
              27.8863125
            ],
            [
              88.1105578125,
              27.886234374999997
            ],
            [
              88.11051875,
              27.886234374999997
            ],
            [
              88.11051875,
              27.886
            ],
            [
              88.1104796875,
              27.886
            ],
            [
              88.1104796875,
              27.885882812499997
            ],
            [
              88.110440625,
              27.885882812499997
            ],
            [
              88.110440625,
              27.885765624999998
            ],
            [
              88.1104015625,
              27.885765624999998
            ],
            [
              88.1104015625,
              27.8856875
            ],
            [
              88.1103625,
              27.8856875
            ],
            [
              88.1103625,
              27.8856484375
            ],
            [
              88.1103234375,
              27.8856484375
            ],
            [
              88.1103234375,
              27.885609374999998
            ],
            [
              88.1102453125,
              27.885609374999998
            ],
            [
              88.1102453125,
              27.885570312499997
            ],
            [
              88.110128125,
              27.885570312499997
            ],
            [
              88.110128125,
              27.88553125
            ],
            [
              88.1100109375,
              27.88553125
            ],
            [
              88.1100109375,
              27.8854921875
            ],
            [
              88.1098546875,
              27.8854921875
            ],
            [
              88.1098546875,
              27.885453124999998
            ],
            [
              88.1097375,
              27.885453124999998
            ],
            [
              88.1097375,
              27.885414062499997
            ],
            [
              88.1096984375,
              27.885414062499997
            ],
            [
              88.1096984375,
              27.885375
            ],
            [
              88.109659375,
              27.885375
            ],
            [
              88.109659375,
              27.8853359375
            ],
            [
              88.1096203125,
              27.8853359375
            ],
            [
              88.1096203125,
              27.885296874999998
            ],
            [
              88.10958125,
              27.885296874999998
            ],
            [
              88.10958125,
              27.885101562499997
            ],
            [
              88.1096203125,
              27.885101562499997
            ],
            [
              88.1096203125,
              27.884828125
            ],
            [
              88.109659375,
              27.884828125
            ],
            [
              88.109659375,
              27.884749999999997
            ],
            [
              88.1096984375,
              27.884749999999997
            ],
            [
              88.1096984375,
              27.8847109375
            ],
            [
              88.1097375,
              27.8847109375
            ],
            [
              88.1097375,
              27.884476562499998
            ],
            [
              88.1096984375,
              27.884476562499998
            ],
            [
              88.1096984375,
              27.8843984375
            ],
            [
              88.109659375,
              27.8843984375
            ],
            [
              88.109659375,
              27.884281249999997
            ],
            [
              88.1096984375,
              27.884281249999997
            ],
            [
              88.1096984375,
              27.8842421875
            ],
            [
              88.1097375,
              27.8842421875
            ],
            [
              88.1097375,
              27.8841640625
            ],
            [
              88.1097765625,
              27.8841640625
            ],
            [
              88.1097765625,
              27.8840859375
            ],
            [
              88.109815625,
              27.8840859375
            ],
            [
              88.109815625,
              27.8840078125
            ],
            [
              88.1098546875,
              27.8840078125
            ],
            [
              88.1098546875,
              27.883968749999998
            ],
            [
              88.10989375,
              27.883968749999998
            ],
            [
              88.10989375,
              27.883890625
            ],
            [
              88.1100109375,
              27.883890625
            ],
            [
              88.1100109375,
              27.883929687499997
            ],
            [
              88.1100890625,
              27.883929687499997
            ],
            [
              88.1100890625,
              27.883968749999998
            ],
            [
              88.11020625,
              27.883968749999998
            ],
            [
              88.11020625,
              27.8840078125
            ],
            [
              88.110284375,
              27.8840078125
            ],
            [
              88.110284375,
              27.884046875
            ],
            [
              88.1103234375,
              27.884046875
            ],
            [
              88.1103234375,
              27.8840859375
            ],
            [
              88.1104015625,
              27.8840859375
            ],
            [
              88.1104015625,
              27.884124999999997
            ],
            [
              88.1104796875,
              27.884124999999997
            ],
            [
              88.1104796875,
              27.8840859375
            ],
            [
              88.1109484375,
              27.8840859375
            ],
            [
              88.1109484375,
              27.884124999999997
            ],
            [
              88.1109875,
              27.884124999999997
            ],
            [
              88.1109875,
              27.884281249999997
            ],
            [
              88.1110265625,
              27.884281249999997
            ],
            [
              88.1110265625,
              27.884828125
            ],
            [
              88.1109875,
              27.884828125
            ],
            [
              88.1109875,
              27.884906249999997
            ],
            [
              88.1109484375,
              27.884906249999997
            ],
            [
              88.1109484375,
              27.8850234375
            ],
            [
              88.1109875,
              27.8850234375
            ],
            [
              88.1109875,
              27.8850625
            ],
            [
              88.1110265625,
              27.8850625
            ],
            [
              88.1110265625,
              27.885101562499997
            ],
            [
              88.111065625,
              27.885101562499997
            ],
            [
              88.111065625,
              27.8851796875
            ],
            [
              88.1111046875,
              27.8851796875
            ],
            [
              88.1111046875,
              27.88521875
            ],
            [
              88.11114375,
              27.88521875
            ],
            [
              88.11114375,
              27.8853359375
            ],
            [
              88.1111828125,
              27.8853359375
            ],
            [
              88.1111828125,
              27.885414062499997
            ],
            [
              88.111221875,
              27.885414062499997
            ],
            [
              88.111221875,
              27.8854921875
            ],
            [
              88.1112609375,
              27.8854921875
            ],
            [
              88.1112609375,
              27.88553125
            ],
            [
              88.1113,
              27.88553125
            ],
            [
              88.1113,
              27.885570312499997
            ],
            [
              88.1113390625,
              27.885570312499997
            ],
            [
              88.1113390625,
              27.8859609375
            ],
            [
              88.111378125,
              27.8859609375
            ],
            [
              88.111378125,
              27.886078124999997
            ],
            [
              88.1113390625,
              27.886078124999997
            ],
            [
              88.1113390625,
              27.88615625
            ],
            [
              88.1113,
              27.88615625
            ],
            [
              88.1113,
              27.886234374999997
            ],
            [
              88.1112609375,
              27.886234374999997
            ],
            [
              88.1112609375,
              27.8863515625
            ],
            [
              88.111221875,
              27.8863515625
            ],
            [
              88.111221875,
              27.886390624999997
            ],
            [
              88.1111828125,
              27.886390624999997
            ],
            [
              88.1111828125,
              27.88646875
            ],
            [
              88.11114375,
              27.88646875
            ],
            [
              88.11114375,
              27.886703124999997
            ],
            [
              88.1111046875,
              27.886703124999997
            ],
            [
              88.1111046875,
              27.886742187499998
            ],
            [
              88.1110265625,
              27.886742187499998
            ]
          ]
        ]
      },
      "properties": {
        "building_id": 8,
        "damage_tier": "destroyed",
        "confidence": 0.642
      }
    },
    {
      "type": "Feature",
      "geometry": {
        "type": "Polygon",
        "coordinates": [
          [
            [
              88.1093078125,
              27.8838515625
            ],
            [
              88.1093078125,
              27.883812499999998
            ],
            [
              88.109190625,
              27.883812499999998
            ],
            [
              88.109190625,
              27.883773437499997
            ],
            [
              88.10895625,
              27.883773437499997
            ],
            [
              88.10895625,
              27.883734375
            ],
            [
              88.1089171875,
              27.883734375
            ],
            [
              88.1089171875,
              27.8835390625
            ],
            [
              88.10895625,
              27.8835390625
            ],
            [
              88.10895625,
              27.883421875
            ],
            [
              88.1089953125,
              27.883421875
            ],
            [
              88.1089953125,
              27.883304687499997
            ],
            [
              88.10903437500001,
              27.883304687499997
            ],
            [
              88.10903437500001,
              27.8832265625
            ],
            [
              88.1091125,
              27.8832265625
            ],
            [
              88.1091125,
              27.8831875
            ],
            [
              88.109190625,
              27.8831875
            ],
            [
              88.109190625,
              27.883148437499997
            ],
            [
              88.1092296875,
              27.883148437499997
            ],
            [
              88.1092296875,
              27.883109375
            ],
            [
              88.1093078125,
              27.883109375
            ],
            [
              88.1093078125,
              27.8830703125
            ],
            [
              88.1094640625,
              27.8830703125
            ],
            [
              88.1094640625,
              27.883109375
            ],
            [
              88.1095421875,
              27.883109375
            ],
            [
              88.1095421875,
              27.8831875
            ],
            [
              88.10958125,
              27.8831875
            ],
            [
              88.10958125,
              27.8832265625
            ],
            [
              88.1096203125,
              27.8832265625
            ],
            [
              88.1096203125,
              27.883265625
            ],
            [
              88.109659375,
              27.883265625
            ],
            [
              88.109659375,
              27.8833828125
            ],
            [
              88.1096984375,
              27.8833828125
            ],
            [
              88.1096984375,
              27.883499999999998
            ],
            [
              88.109659375,
              27.883499999999998
            ],
            [
              88.109659375,
              27.883617187499997
            ],
            [
              88.1096203125,
              27.883617187499997
            ],
            [
              88.1096203125,
              27.883734375
            ],
            [
              88.10958125,
              27.883734375
            ],
            [
              88.10958125,
              27.883812499999998
            ],
            [
              88.1095421875,
              27.883812499999998
            ],
            [
              88.1095421875,
              27.8838515625
            ],
            [
              88.1093078125,
              27.8838515625
            ]
          ]
        ]
      },
      "properties": {
        "building_id": 9,
        "damage_tier": "destroyed",
        "confidence": 0.797
      }
    },
    {
      "type": "Feature",
      "geometry": {
        "type": "Polygon",
        "coordinates": [
          [
            [
              88.12333124999999,
              27.882875
            ],
            [
              88.12333124999999,
              27.882835937499998
            ],
            [
              88.1232921875,
              27.882835937499998
            ],
            [
              88.1232921875,
              27.8826015625
            ],
            [
              88.12333124999999,
              27.8826015625
            ],
            [
              88.12333124999999,
              27.8825625
            ],
            [
              88.1233703125,
              27.8825625
            ],
            [
              88.1233703125,
              27.882523437499998
            ],
            [
              88.123409375,
              27.882523437499998
            ],
            [
              88.123409375,
              27.8825625
            ],
            [
              88.1234484375,
              27.8825625
            ],
            [
              88.1234484375,
              27.8826015625
            ],
            [
              88.1234875,
              27.8826015625
            ],
            [
              88.1234875,
              27.882796874999997
            ],
            [
              88.1234484375,
              27.882796874999997
            ],
            [
              88.1234484375,
              27.882875
            ],
            [
              88.12333124999999,
              27.882875
            ]
          ]
        ]
      },
      "properties": {
        "building_id": 10,
        "damage_tier": "destroyed",
        "confidence": 0.981
      }
    },
    {
      "type": "Feature",
      "geometry": {
        "type": "Polygon",
        "coordinates": [
          [
            [
              88.1172765625,
              27.8796328125
            ],
            [
              88.1172765625,
              27.879593749999998
            ],
            [
              88.1171984375,
              27.879593749999998
            ],
            [
              88.1171984375,
              27.879554687499997
            ],
            [
              88.117159375,
              27.879554687499997
            ],
            [
              88.117159375,
              27.879515625
            ],
            [
              88.11712031249999,
              27.879515625
            ],
            [
              88.11712031249999,
              27.879359375
            ],
            [
              88.11708125,
              27.879359375
            ],
            [
              88.11708125,
              27.8791640625
            ],
            [
              88.11712031249999,
              27.8791640625
            ],
            [
              88.11712031249999,
              27.879085937499998
            ],
            [
              88.117159375,
              27.879085937499998
            ],
            [
              88.117159375,
              27.879046875
            ],
            [
              88.1171984375,
              27.879046875
            ],
            [
              88.1171984375,
              27.879085937499998
            ],
            [
              88.117315625,
              27.879085937499998
            ],
            [
              88.117315625,
              27.879125
            ],
            [
              88.11739375,
              27.879125
            ],
            [
              88.11739375,
              27.8791640625
            ],
            [
              88.11747187499999,
              27.8791640625
            ],
            [
              88.11747187499999,
              27.879398437499997
            ],
            [
              88.1174328125,
              27.879398437499997
            ],
            [
              88.1174328125,
              27.879437499999998
            ],
            [
              88.11739375,
              27.879437499999998
            ],
            [
              88.11739375,
              27.879554687499997
            ],
            [
              88.1173546875,
              27.879554687499997
            ],
            [
              88.1173546875,
              27.879593749999998
            ],
            [
              88.117315625,
              27.879593749999998
            ],
            [
              88.117315625,
              27.8796328125
            ],
            [
              88.1172765625,
              27.8796328125
            ]
          ]
        ]
      },
      "properties": {
        "building_id": 11,
        "damage_tier": "major-damage",
        "confidence": 0.519
      }
    },
    {
      "type": "Feature",
      "geometry": {
        "type": "Polygon",
        "coordinates": [
          [
            [
              88.1180578125,
              27.8768984375
            ],
            [
              88.1180578125,
              27.876781249999997
            ],
            [
              88.11809687499999,
              27.876781249999997
            ],
            [
              88.11809687499999,
              27.876703125
            ],
            [
              88.1182140625,
              27.876703125
            ],
            [
              88.1182140625,
              27.876664062499998
            ],
            [
              88.118253125,
              27.876664062499998
            ],
            [
              88.118253125,
              27.876859375
            ],
            [
              88.118175,
              27.876859375
            ],
            [
              88.118175,
              27.8768984375
            ],
            [
              88.1180578125,
              27.8768984375
            ]
          ]
        ]
      },
      "properties": {
        "building_id": 12,
        "damage_tier": "major-damage",
        "confidence": 0.512
      }
    },
    {
      "type": "Feature",
      "geometry": {
        "type": "Polygon",
        "coordinates": [
          [
            [
              88.1158703125,
              27.876820312499998
            ],
            [
              88.1158703125,
              27.876781249999997
            ],
            [
              88.11583125,
              27.876781249999997
            ],
            [
              88.11583125,
              27.8767421875
            ],
            [
              88.1157921875,
              27.8767421875
            ],
            [
              88.1157921875,
              27.876703125
            ],
            [
              88.115596875,
              27.876703125
            ],
            [
              88.115596875,
              27.876507812499998
            ],
            [
              88.1156359375,
              27.876507812499998
            ],
            [
              88.1156359375,
              27.876390625
            ],
            [
              88.1157140625,
              27.876390625
            ],
            [
              88.1157140625,
              27.8763515625
            ],
            [
              88.1157921875,
              27.8763515625
            ],
            [
              88.1157921875,
              27.876312499999997
            ],
            [
              88.1158703125,
              27.876312499999997
            ],
            [
              88.1158703125,
              27.8762734375
            ],
            [
              88.1159484375,
              27.8762734375
            ],
            [
              88.1159484375,
              27.876390625
            ],
            [
              88.1159875,
              27.876390625
            ],
            [
              88.1159875,
              27.876703125
            ],
            [
              88.1159484375,
              27.876703125
            ],
            [
              88.1159484375,
              27.876820312499998
            ],
            [
              88.1158703125,
              27.876820312499998
            ]
          ]
        ]
      },
      "properties": {
        "building_id": 13,
        "damage_tier": "destroyed",
        "confidence": 0.504
      }
    },
    {
      "type": "Feature",
      "geometry": {
        "type": "Polygon",
        "coordinates": [
          [
            [
              88.1161828125,
              27.876078125
            ],
            [
              88.1161828125,
              27.875999999999998
            ],
            [
              88.11614374999999,
              27.875999999999998
            ],
            [
              88.11614374999999,
              27.875921875
            ],
            [
              88.1161046875,
              27.875921875
            ],
            [
              88.1161046875,
              27.8758828125
            ],
            [
              88.116065625,
              27.8758828125
            ],
            [
              88.116065625,
              27.875843749999998
            ],
            [
              88.1160265625,
              27.875843749999998
            ],
            [
              88.1160265625,
              27.875804687499997
            ],
            [
              88.1159875,
              27.875804687499997
            ],
            [
              88.1159875,
              27.875687499999998
            ],
            [
              88.1160265625,
              27.875687499999998
            ],
            [
              88.1160265625,
              27.8755703125
            ],
            [
              88.116065625,
              27.8755703125
            ],
            [
              88.116065625,
              27.875531249999998
            ],
            [
              88.1161046875,
              27.875531249999998
            ],
            [
              88.1161046875,
              27.875492187499997
            ],
            [
              88.11614374999999,
              27.875492187499997
            ],
            [
              88.11614374999999,
              27.8754140625
            ],
            [
              88.1161828125,
              27.8754140625
            ],
            [
              88.1161828125,
              27.875335937499997
            ],
            [
              88.116221875,
              27.875335937499997
            ],
            [
              88.116221875,
              27.875296875
            ],
            [
              88.1162609375,
              27.875296875
            ],
            [
              88.1162609375,
              27.8752578125
            ],
            [
              88.1163390625,
              27.8752578125
            ],
            [
              88.1163390625,
              27.87521875
            ],
            [
              88.1164171875,
              27.87521875
            ],
            [
              88.1164171875,
              27.875179687499998
            ],
            [
              88.11645625,
              27.875179687499998
            ],
            [
              88.11645625,
              27.8751015625
            ],
            [
              88.11649531249999,
              27.8751015625
            ],
            [
              88.11649531249999,
              27.8750625
            ],
            [
              88.116534375,
              27.8750625
            ],
            [
              88.116534375,
              27.8752578125
            ],
            [
              88.11649531249999,
              27.8752578125
            ],
            [
              88.11649531249999,
              27.875492187499997
            ],
            [
              88.116534375,
              27.875492187499997
            ],
            [
              88.116534375,
              27.875687499999998
            ],
            [
              88.11649531249999,
              27.875687499999998
            ],
            [
              88.11649531249999,
              27.875804687499997
            ],
            [
              88.11645625,
              27.875804687499997
            ],
            [
              88.11645625,
              27.8758828125
            ],
            [
              88.1164171875,
              27.8758828125
            ],
            [
              88.1164171875,
              27.875960937499997
            ],
            [
              88.116378125,
              27.875960937499997
            ],
            [
              88.116378125,
              27.875999999999998
            ],
            [
              88.1163390625,
              27.875999999999998
            ],
            [
              88.1163390625,
              27.8760390625
            ],
            [
              88.1162609375,
              27.8760390625
            ],
            [
              88.1162609375,
              27.876078125
            ],
            [
              88.1161828125,
              27.876078125
            ]
          ]
        ]
      },
      "properties": {
        "building_id": 14,
        "damage_tier": "destroyed",
        "confidence": 0.627
      }
    },
    {
      "type": "Feature",
      "geometry": {
        "type": "Polygon",
        "coordinates": [
          [
            [
              88.120440625,
              27.876468749999997
            ],
            [
              88.120440625,
              27.8764296875
            ],
            [
              88.12040156249999,
              27.8764296875
            ],
            [
              88.12040156249999,
              27.8761953125
            ],
            [
              88.1203625,
              27.8761953125
            ],
            [
              88.1203625,
              27.8761171875
            ],
            [
              88.1203234375,
              27.8761171875
            ],
            [
              88.1203234375,
              27.876078125
            ],
            [
              88.120284375,
              27.876078125
            ],
            [
              88.120284375,
              27.875960937499997
            ],
            [
              88.1202453125,
              27.875960937499997
            ],
            [
              88.1202453125,
              27.875804687499997
            ],
            [
              88.12020625,
              27.875804687499997
            ],
            [
              88.12020625,
              27.875648437499997
            ],
            [
              88.1201671875,
              27.875648437499997
            ],
            [
              88.1201671875,
              27.875453125
            ],
            [
              88.120128125,
              27.875453125
            ],
            [
              88.120128125,
              27.875179687499998
            ],
            [
              88.1201671875,
              27.875179687499998
            ],
            [
              88.1201671875,
              27.875140625
            ],
            [
              88.12020625,
              27.875140625
            ],
            [
              88.12020625,
              27.8751015625
            ],
            [
              88.1202453125,
              27.8751015625
            ],
            [
              88.1202453125,
              27.8750625
            ],
            [
              88.1203625,
              27.8750625
            ],
            [
              88.1203625,
              27.8751015625
            ],
            [
              88.120440625,
              27.8751015625
            ],
            [
              88.120440625,
              27.875140625
            ],
            [
              88.12051875,
              27.875140625
            ],
            [
              88.12051875,
              27.875179687499998
            ],
            [
              88.1205578125,
              27.875179687499998
            ],
            [
              88.1205578125,
              27.87521875
            ],
            [
              88.120596875,
              27.87521875
            ],
            [
              88.120596875,
              27.8754140625
            ],
            [
              88.1206359375,
              27.8754140625
            ],
            [
              88.1206359375,
              27.875687499999998
            ],
            [
              88.120596875,
              27.875687499999998
            ],
            [
              88.120596875,
              27.875804687499997
            ],
            [
              88.1205578125,
              27.875804687499997
            ],
            [
              88.1205578125,
              27.8761953125
            ],
            [
              88.12051875,
              27.8761953125
            ],
            [
              88.12051875,
              27.8762734375
            ],
            [
              88.1205578125,
              27.8762734375
            ],
            [
              88.1205578125,
              27.876312499999997
            ],
            [
              88.120596875,
              27.876312499999997
            ],
            [
              88.120596875,
              27.8764296875
            ],
            [
              88.1204796875,
              27.8764296875
            ],
            [
              88.1204796875,
              27.876468749999997
            ],
            [
              88.120440625,
              27.876468749999997
            ]
          ]
        ]
      },
      "properties": {
        "building_id": 15,
        "damage_tier": "destroyed",
        "confidence": 0.575
      }
    },
    {
      "type": "Feature",
      "geometry": {
        "type": "Polygon",
        "coordinates": [
          [
            [
              88.1179015625,
              27.8744765625
            ],
            [
              88.1179015625,
              27.8744375
            ],
            [
              88.1178625,
              27.8744375
            ],
            [
              88.1178625,
              27.8743203125
            ],
            [
              88.1178234375,
              27.8743203125
            ],
            [
              88.1178234375,
              27.873382812499997
            ],
            [
              88.1178625,
              27.873382812499997
            ],
            [
              88.1178625,
              27.873265625
            ],
            [
              88.1179015625,
              27.873265625
            ],
            [
              88.1179015625,
              27.8731875
            ],
            [
              88.117940625,
              27.8731875
            ],
            [
              88.117940625,
              27.8731484375
            ],
            [
              88.1179796875,
              27.8731484375
            ],
            [
              88.1179796875,
              27.873265625
            ],
            [
              88.11801875,
              27.873265625
            ],
            [
              88.11801875,
              27.87334375
            ],
            [
              88.1180578125,
              27.87334375
            ],
            [
              88.1180578125,
              27.8734609375
            ],
            [
              88.11809687499999,
              27.8734609375
            ],
            [
              88.11809687499999,
              27.873851562499997
            ],
            [
              88.1181359375,
              27.873851562499997
            ],
            [
              88.1181359375,
              27.874203124999998
            ],
            [
              88.11809687499999,
              27.874203124999998
            ],
            [
              88.11809687499999,
              27.8743984375
            ],
            [
              88.1180578125,
              27.8743984375
            ],
            [
              88.1180578125,
              27.8744375
            ],
            [
              88.11801875,
              27.8744375
            ],
            [
              88.11801875,
              27.8744765625
            ],
            [
              88.1179015625,
              27.8744765625
            ]
          ]
        ]
      },
      "properties": {
        "building_id": 16,
        "damage_tier": "major-damage",
        "confidence": 0.55
      }
    },
    {
      "type": "Feature",
      "geometry": {
        "type": "Polygon",
        "coordinates": [
          [
            [
              88.1205578125,
              27.874828124999997
            ],
            [
              88.1205578125,
              27.8747890625
            ],
            [
              88.12051875,
              27.8747890625
            ],
            [
              88.12051875,
              27.87475
            ],
            [
              88.1203234375,
              27.87475
            ],
            [
              88.1203234375,
              27.874710937499998
            ],
            [
              88.1202453125,
              27.874710937499998
            ],
            [
              88.1202453125,
              27.874671874999997
            ],
            [
              88.12020625,
              27.874671874999997
            ],
            [
              88.12020625,
              27.87459375
            ],
            [
              88.1201671875,
              27.87459375
            ],
            [
              88.1201671875,
              27.874554687499998
            ],
            [
              88.120128125,
              27.874554687499998
            ],
            [
              88.120128125,
              27.8744765625
            ],
            [
              88.1200890625,
              27.8744765625
            ],
            [
              88.1200890625,
              27.8744375
            ],
            [
              88.12004999999999,
              27.8744375
            ],
            [
              88.12004999999999,
              27.8743984375
            ],
            [
              88.1200109375,
              27.8743984375
            ],
            [
              88.1200109375,
              27.874359374999997
            ],
            [
              88.119971875,
              27.874359374999997
            ],
            [
              88.119971875,
              27.8743203125
            ],
            [
              88.11989375,
              27.8743203125
            ],
            [
              88.11989375,
              27.87428125
            ],
            [
              88.1198546875,
              27.87428125
            ],
            [
              88.1198546875,
              27.874203124999998
            ],
            [
              88.119815625,
              27.874203124999998
            ],
            [
              88.119815625,
              27.873695312499997
            ],
            [
              88.1197765625,
              27.873695312499997
            ],
            [
              88.1197765625,
              27.8735
            ],
            [
              88.1197375,
              27.8735
            ],
            [
              88.1197375,
              27.873382812499997
            ],
            [
              88.11969843749999,
              27.873382812499997
            ],
            [
              88.11969843749999,
              27.873265625
            ],
            [
              88.119659375,
              27.873265625
            ],
            [
              88.119659375,
              27.873070312499998
            ],
            [
              88.1196203125,
              27.873070312499998
            ],
            [
              88.1196203125,
              27.872601562499998
            ],
            [
              88.11958125,
              27.872601562499998
            ],
            [
              88.11958125,
              27.8722109375
            ],
            [
              88.1196203125,
              27.8722109375
            ],
            [
              88.1196203125,
              27.871742187499997
            ],
            [
              88.119659375,
              27.871742187499997
            ],
            [
              88.119659375,
              27.8716640625
            ],
            [
              88.11969843749999,
              27.8716640625
            ],
            [
              88.11969843749999,
              27.871585937499997
            ],
            [
              88.1197375,
              27.871585937499997
            ],
            [
              88.1197375,
              27.8715078125
            ],
            [
              88.11969843749999,
              27.8715078125
            ],
            [
              88.11969843749999,
              27.87146875
            ],
            [
              88.119659375,
              27.87146875
            ],
            [
              88.119659375,
              27.871390625
            ],
            [
              88.1196203125,
              27.871390625
            ],
            [
              88.1196203125,
              27.871273437499998
            ],
            [
              88.11958125,
              27.871273437499998
            ],
            [
              88.11958125,
              27.8710390625
            ],
            [
              88.1195421875,
              27.8710390625
            ],
            [
              88.1195421875,
              27.870804687499998
            ],
            [
              88.11958125,
              27.870804687499998
            ],
            [
              88.11958125,
              27.870609374999997
            ],
            [
              88.1195421875,
              27.870609374999997
            ],
            [
              88.1195421875,
              27.87053125
            ],
            [
              88.119503125,
              27.87053125
            ],
            [
              88.119503125,
              27.87021875
            ],
            [
              88.119659375,
              27.87021875
            ],
            [
              88.119659375,
              27.870140624999998
            ],
            [
              88.11969843749999,
              27.870140624999998
            ],
            [
              88.11969843749999,
              27.8700234375
            ],
            [
              88.1197375,
              27.8700234375
            ],
            [
              88.1197375,
              27.86975
            ],
            [
              88.11969843749999,
              27.86975
            ],
            [
              88.11969843749999,
              27.869632812499997
            ],
            [
              88.1197375,
              27.869632812499997
            ],
            [
              88.1197375,
              27.86959375
            ],
            [
              88.1197765625,
              27.86959375
            ],
            [
              88.1197765625,
              27.8695546875
            ],
            [
              88.1198546875,
              27.8695546875
            ],
            [
              88.1198546875,
              27.869515625
            ],
            [
              88.1203625,
              27.869515625
            ],
            [
              88.1203625,
              27.8695546875
            ],
            [
              88.12040156249999,
              27.8695546875
            ],
            [
              88.12040156249999,
              27.86959375
            ],
            [
              88.120440625,
              27.86959375
            ],
            [
              88.120440625,
              27.869632812499997
            ],
            [
              88.1204796875,
              27.869632812499997
            ],
            [
              88.1204796875,
              27.869671874999998
            ],
            [
              88.12051875,
              27.869671874999998
            ],
            [
              88.12051875,
              27.8697109375
            ],
            [
              88.1205578125,
              27.8697109375
            ],
            [
              88.1205578125,
              27.86975
            ],
            [
              88.120596875,
              27.86975
            ],
            [
              88.120596875,
              27.869828124999998
            ],
            [
              88.1206359375,
              27.869828124999998
            ],
            [
              88.1206359375,
              27.8698671875
            ],
            [
              88.12067499999999,
              27.8698671875
            ],
            [
              88.12067499999999,
              27.869945312499997
            ],
            [
              88.1207140625,
              27.869945312499997
            ],
            [
              88.1207140625,
              27.869984374999998
            ],
            [
              88.120753125,
              27.869984374999998
            ],
            [
              88.120753125,
              27.8702578125
            ],
            [
              88.1207921875,
              27.8702578125
            ],
            [
              88.1207921875,
              27.8704921875
            ],
            [
              88.12083125,
              27.8704921875
            ],
            [
              88.12083125,
              27.870609374999997
            ],
            [
              88.1208703125,
              27.870609374999997
            ],
            [
              88.1208703125,
              27.870648437499998
            ],
            [
              88.120909375,
              27.870648437499998
            ],
            [
              88.120909375,
              27.8707265625
            ],
            [
              88.1209484375,
              27.8707265625
            ],
            [
              88.1209484375,
              27.870765624999997
            ],
            [
              88.1209875,
              27.870765624999997
            ],
            [
              88.1209875,
              27.870804687499998
            ],
            [
              88.12102656249999,
              27.870804687499998
            ],
            [
              88.12102656249999,
              27.870960937499998
            ],
            [
              88.121065625,
              27.870960937499998
            ],
            [
              88.121065625,
              27.872015625
            ],
            [
              88.1211046875,
              27.872015625
            ],
            [
              88.1211046875,
              27.872093749999998
            ],
            [
              88.12114375,
              27.872093749999998
            ],
            [
              88.12114375,
              27.8722109375
            ],
            [
              88.1211046875,
              27.8722109375
            ],
            [
              88.1211046875,
              27.8722890625
            ],
            [
              88.121065625,
              27.8722890625
            ],
            [
              88.121065625,
              27.872328125
            ],
            [
              88.12102656249999,
              27.872328125
            ],
            [
              88.12102656249999,
              27.8723671875
            ],
            [
              88.1209875,
              27.8723671875
            ],
            [
              88.1209875,
              27.872406249999997
            ],
            [
              88.1209484375,
              27.872406249999997
            ],
            [
              88.1209484375,
              27.8724453125
            ],
            [
              88.120909375,
              27.8724453125
            ],
            [
              88.120909375,
              27.8728359375
            ],
            [
              88.1208703125,
              27.8728359375
            ],
            [
              88.1208703125,
              27.87303125
            ],
            [
              88.12083125,
              27.87303125
            ],
            [
              88.12083125,
              27.8735
            ],
            [
              88.1208703125,
              27.8735
            ],
            [
              88.1208703125,
              27.87365625
            ],
            [
              88.120909375,
              27.87365625
            ],
            [
              88.120909375,
              27.873851562499997
            ],
            [
              88.1209484375,
              27.873851562499997
            ],
            [
              88.1209484375,
              27.87396875
            ],
            [
              88.1209875,
              27.87396875
            ],
            [
              88.1209875,
              27.874046874999998
            ],
            [
              88.12102656249999,
              27.874046874999998
            ],
            [
              88.12102656249999,
              27.874125
            ],
            [
              88.121065625,
              27.874125
            ],
            [
              88.121065625,
              27.8742421875
            ],
            [
              88.12102656249999,
              27.8742421875
            ],
            [
              88.12102656249999,
              27.8743203125
            ],
            [
              88.1209875,
              27.8743203125
            ],
            [
              88.1209875,
              27.874359374999997
            ],
            [
              88.1209484375,
              27.874359374999997
            ],
            [
              88.1209484375,
              27.8743984375
            ],
            [
              88.120909375,
              27.8743984375
            ],
            [
              88.120909375,
              27.8744375
            ],
            [
              88.1208703125,
              27.8744375
            ],
            [
              88.1208703125,
              27.874515624999997
            ],
            [
              88.12083125,
              27.874515624999997
            ],
            [
              88.12083125,
              27.874671874999997
            ],
            [
              88.1207921875,
              27.874671874999997
            ],
            [
              88.1207921875,
              27.87475
            ],
            [
              88.120753125,
              27.87475
            ],
            [
              88.120753125,
              27.8747890625
            ],
            [
              88.1206359375,
              27.8747890625
            ],
            [
              88.1206359375,
              27.874828124999997
            ],
            [
              88.1205578125,
              27.874828124999997
            ]
          ]
        ]
      },
      "properties": {
        "building_id": 17,
        "damage_tier": "destroyed",
        "confidence": 0.559
      }
    },
    {
      "type": "Feature",
      "geometry": {
        "type": "Polygon",
        "coordinates": [
          [
            [
              88.113409375,
              27.865140625
            ],
            [
              88.113409375,
              27.8650234375
            ],
            [
              88.1133703125,
              27.8650234375
            ],
            [
              88.1133703125,
              27.8644765625
            ],
            [
              88.113409375,
              27.8644765625
            ],
            [
              88.113409375,
              27.864437499999998
            ],
            [
              88.1134484375,
              27.864437499999998
            ],
            [
              88.1134484375,
              27.8645546875
            ],
            [
              88.1134875,
              27.8645546875
            ],
            [
              88.1134875,
              27.8646328125
            ],
            [
              88.1135265625,
              27.8646328125
            ],
            [
              88.1135265625,
              27.864906249999997
            ],
            [
              88.1134875,
              27.864906249999997
            ],
            [
              88.1134875,
              27.8650234375
            ],
            [
              88.1134484375,
              27.8650234375
            ],
            [
              88.1134484375,
              27.865140625
            ],
            [
              88.113409375,
              27.865140625
            ]
          ]
        ]
      },
      "properties": {
        "building_id": 18,
        "damage_tier": "destroyed",
        "confidence": 0.534
      }
    },
    {
      "type": "Feature",
      "geometry": {
        "type": "Polygon",
        "coordinates": [
          [
            [
              88.1150890625,
              27.86334375
            ],
            [
              88.1150890625,
              27.863304687499998
            ],
            [
              88.114971875,
              27.863304687499998
            ],
            [
              88.114971875,
              27.863265625
            ],
            [
              88.1149328125,
              27.863265625
            ],
            [
              88.1149328125,
              27.8631875
            ],
            [
              88.11489375,
              27.8631875
            ],
            [
              88.11489375,
              27.8629140625
            ],
            [
              88.1149328125,
              27.8629140625
            ],
            [
              88.1149328125,
              27.8627578125
            ],
            [
              88.11489375,
              27.8627578125
            ],
            [
              88.11489375,
              27.8622109375
            ],
            [
              88.1148546875,
              27.8622109375
            ],
            [
              88.1148546875,
              27.86209375
            ],
            [
              88.11489375,
              27.86209375
            ],
            [
              88.11489375,
              27.862015624999998
            ],
            [
              88.1147765625,
              27.862015624999998
            ],
            [
              88.1147765625,
              27.8620546875
            ],
            [
              88.1147375,
              27.8620546875
            ],
            [
              88.1147375,
              27.8621328125
            ],
            [
              88.114659375,
              27.8621328125
            ],
            [
              88.114659375,
              27.862171874999998
            ],
            [
              88.1146203125,
              27.862171874999998
            ],
            [
              88.1146203125,
              27.86225
            ],
            [
              88.11458125,
              27.86225
            ],
            [
              88.11458125,
              27.862328124999998
            ],
            [
              88.11454218749999,
              27.862328124999998
            ],
            [
              88.11454218749999,
              27.8624453125
            ],
            [
              88.114503125,
              27.8624453125
            ],
            [
              88.114503125,
              27.8625234375
            ],
            [
              88.1144640625,
              27.8625234375
            ],
            [
              88.1144640625,
              27.8625625
            ],
            [
              88.1143859375,
              27.8625625
            ],
            [
              88.1143859375,
              27.8626015625
            ],
            [
              88.1142296875,
              27.8626015625
            ],
            [
              88.1142296875,
              27.862640624999997
            ],
            [
              88.1141515625,
              27.862640624999997
            ],
            [
              88.1141515625,
              27.8626796875
            ],
            [
              88.1141125,
              27.8626796875
            ],
            [
              88.1141125,
              27.8627578125
            ],
            [
              88.1140734375,
              27.8627578125
            ],
            [
              88.1140734375,
              27.862875
            ],
            [
              88.114034375,
              27.862875
            ],
            [
              88.114034375,
              27.862953124999997
            ],
            [
              88.1139953125,
              27.862953124999997
            ],
            [
              88.1139953125,
              27.862992187499998
            ],
            [
              88.11395625,
              27.862992187499998
            ],
            [
              88.11395625,
              27.86303125
            ],
            [
              88.1139171875,
              27.86303125
            ],
            [
              88.1139171875,
              27.8630703125
            ],
            [
              88.1138390625,
              27.8630703125
            ],
            [
              88.1138390625,
              27.86303125
            ],
            [
              88.1138,
              27.86303125
            ],
            [
              88.1138,
              27.8629140625
            ],
            [
              88.1137609375,
              27.8629140625
            ],
            [
              88.1137609375,
              27.862796874999997
            ],
            [
              88.113721875,
              27.862796874999997
            ],
            [
              88.113721875,
              27.86271875
            ],
            [
              88.1136828125,
              27.86271875
            ],
            [
              88.1136828125,
              27.8626796875
            ],
            [
              88.11364375,
              27.8626796875
            ],
            [
              88.11364375,
              27.862640624999997
            ],
            [
              88.1136046875,
              27.862640624999997
            ],
            [
              88.1136046875,
              27.86240625
            ],
            [
              88.11356562499999,
              27.86240625
            ],
            [
              88.11356562499999,
              27.862328124999998
            ],
            [
              88.1134484375,
              27.862328124999998
            ],
            [
              88.1134484375,
              27.8622890625
            ],
            [
              88.1132921875,
              27.8622890625
            ],
            [
              88.1132921875,
              27.86225
            ],
            [
              88.113253125,
              27.86225
            ],
            [
              88.113253125,
              27.8621328125
            ],
            [
              88.1132140625,
              27.8621328125
            ],
            [
              88.1132140625,
              27.862015624999998
            ],
            [
              88.113175,
              27.862015624999998
            ],
            [
              88.113175,
              27.8619375
            ],
            [
              88.1131359375,
              27.8619375
            ],
            [
              88.1131359375,
              27.8618984375
            ],
            [
              88.113096875,
              27.8618984375
            ],
            [
              88.113096875,
              27.8615859375
            ],
            [
              88.1130578125,
              27.8615859375
            ],
            [
              88.1130578125,
              27.860999999999997
            ],
            [
              88.11301875,
              27.860999999999997
            ],
            [
              88.11301875,
              27.860882812499998
            ],
            [
              88.1130578125,
              27.860882812499998
            ],
            [
              88.1130578125,
              27.860687499999997
            ],
            [
              88.113096875,
              27.860687499999997
            ],
            [
              88.113096875,
              27.860453125
            ],
            [
              88.1130578125,
              27.860453125
            ],
            [
              88.1130578125,
              27.860374999999998
            ],
            [
              88.11301875,
              27.860374999999998
            ],
            [
              88.11301875,
              27.860062499999998
            ],
            [
              88.1130578125,
              27.860062499999998
            ],
            [
              88.1130578125,
              27.8599453125
            ],
            [
              88.113175,
              27.8599453125
            ],
            [
              88.113175,
              27.859984375
            ],
            [
              88.113253125,
              27.859984375
            ],
            [
              88.113253125,
              27.8599453125
            ],
            [
              88.1132921875,
              27.8599453125
            ],
            [
              88.1132921875,
              27.859671875
            ],
            [
              88.113253125,
              27.859671875
            ],
            [
              88.113253125,
              27.85959375
            ],
            [
              88.1132140625,
              27.85959375
            ],
            [
              88.1132140625,
              27.8594765625
            ],
            [
              88.113175,
              27.8594765625
            ],
            [
              88.113175,
              27.8593203125
            ],
            [
              88.1132140625,
              27.8593203125
            ],
            [
              88.1132140625,
              27.859242187499998
            ],
            [
              88.113253125,
              27.859242187499998
            ],
            [
              88.113253125,
              27.8591640625
            ],
            [
              88.11333125,
              27.8591640625
            ],
            [
              88.11333125,
              27.859125
            ],
            [
              88.1134875,
              27.859125
            ],
            [
              88.1134875,
              27.8591640625
            ],
            [
              88.11364375,
              27.8591640625
            ],
            [
              88.11364375,
              27.859203125
            ],
            [
              88.113721875,
              27.859203125
            ],
            [
              88.113721875,
              27.8591640625
            ],
            [
              88.1138,
              27.8591640625
            ],
            [
              88.1138,
              27.859125
            ],
            [
              88.113878125,
              27.859125
            ],
            [
              88.113878125,
              27.8591640625
            ],
            [
              88.1139171875,
              27.8591640625
            ],
            [
              88.1139171875,
              27.85928125
            ],
            [
              88.11395625,
              27.85928125
            ],
            [
              88.11395625,
              27.8594375
            ],
            [
              88.1139953125,
              27.8594375
            ],
            [
              88.1139953125,
              27.859554687499998
            ],
            [
              88.114034375,
              27.859554687499998
            ],
            [
              88.114034375,
              27.85975
            ],
            [
              88.1140734375,
              27.85975
            ],
            [
              88.1140734375,
              27.859984375
            ],
            [
              88.1141125,
              27.859984375
            ],
            [
              88.1141125,
              27.8601796875
            ],
            [
              88.1141515625,
              27.8601796875
            ],
            [
              88.1141515625,
              27.8602578125
            ],
            [
              88.114190625,
              27.8602578125
            ],
            [
              88.114190625,
              27.860296875
            ],
            [
              88.11426875,
              27.860296875
            ],
            [
              88.11426875,
              27.8602578125
            ],
            [
              88.114346875,
              27.8602578125
            ],
            [
              88.114346875,
              27.860218749999998
            ],
            [
              88.1143859375,
              27.860218749999998
            ],
            [
              88.1143859375,
              27.8601015625
            ],
            [
              88.114425,
              27.8601015625
            ],
            [
              88.114425,
              27.860062499999998
            ],
            [
              88.1144640625,
              27.860062499999998
            ],
            [
              88.1144640625,
              27.859984375
            ],
            [
              88.114503125,
              27.859984375
            ],
            [
              88.114503125,
              27.8599453125
            ],
            [
              88.11454218749999,
              27.8599453125
            ],
            [
              88.11454218749999,
              27.859867187499997
            ],
            [
              88.11458125,
              27.859867187499997
            ],
            [
              88.11458125,
              27.8597890625
            ],
            [
              88.1146203125,
              27.8597890625
            ],
            [
              88.1146203125,
              27.859710937499997
            ],
            [
              88.1146984375,
              27.859710937499997
            ],
            [
              88.1146984375,
              27.8597890625
            ],
            [
              88.1147375,
              27.8597890625
            ],
            [
              88.1147375,
              27.859828125
            ],
            [
              88.1147765625,
              27.859828125
            ],
            [
              88.1147765625,
              27.859906249999998
            ],
            [
              88.114815625,
              27.859906249999998
            ],
            [
              88.114815625,
              27.8599453125
            ],
            [
              88.1148546875,
              27.8599453125
            ],
            [
              88.1148546875,
              27.859984375
            ],
            [
              88.11489375,
              27.859984375
            ],
            [
              88.11489375,
              27.8600234375
            ],
            [
              88.1149328125,
              27.8600234375
            ],
            [
              88.1149328125,
              27.860062499999998
            ],
            [
              88.114971875,
              27.860062499999998
            ],
            [
              88.114971875,
              27.8601015625
            ],
            [
              88.11505,
              27.8601015625
            ],
            [
              88.11505,
              27.860140625
            ],
            [
              88.115128125,
              27.860140625
            ],
            [
              88.115128125,
              27.8601796875
            ],
            [
              88.1151671875,
              27.8601796875
            ],
            [
              88.1151671875,
              27.860218749999998
            ],
            [
              88.11520625,
              27.860218749999998
            ],
            [
              88.11520625,
              27.860296875
            ],
            [
              88.1152453125,
              27.860296875
            ],
            [
              88.1152453125,
              27.8603359375
            ],
            [
              88.115284375,
              27.8603359375
            ],
            [
              88.115284375,
              27.860374999999998
            ],
            [
              88.1153625,
              27.860374999999998
            ],
            [
              88.1153625,
              27.8604140625
            ],
            [
              88.11551874999999,
              27.8604140625
            ],
            [
              88.11551874999999,
              27.860374999999998
            ],
            [
              88.115596875,
              27.860374999999998
            ],
            [
              88.115596875,
              27.8604140625
            ],
            [
              88.1156359375,
              27.8604140625
            ],
            [
              88.1156359375,
              27.860453125
            ],
            [
              88.115596875,
              27.860453125
            ],
            [
              88.115596875,
              27.860531249999998
            ],
            [
              88.1155578125,
              27.860531249999998
            ],
            [
              88.1155578125,
              27.860609375
            ],
            [
              88.11551874999999,
              27.860609375
            ],
            [
              88.11551874999999,
              27.860765625
            ],
            [
              88.1154796875,
              27.860765625
            ],
            [
              88.1154796875,
              27.860843749999997
            ],
            [
              88.115440625,
              27.860843749999997
            ],
            [
              88.115440625,
              27.860921875
            ],
            [
              88.1154015625,
              27.860921875
            ],
            [
              88.1154015625,
              27.860999999999997
            ],
            [
              88.1153625,
              27.860999999999997
            ],
            [
              88.1153625,
              27.861039062499998
            ],
            [
              88.1153234375,
              27.861039062499998
            ],
            [
              88.1153234375,
              27.861078125
            ],
            [
              88.115284375,
              27.861078125
            ],
            [
              88.115284375,
              27.86115625
            ],
            [
              88.1152453125,
              27.86115625
            ],
            [
              88.1152453125,
              27.8614296875
            ],
            [
              88.11520625,
              27.8614296875
            ],
            [
              88.11520625,
              27.861507812499998
            ],
            [
              88.115128125,
              27.861507812499998
            ],
            [
              88.115128125,
              27.861625
            ],
            [
              88.1151671875,
              27.861625
            ],
            [
              88.1151671875,
              27.8617421875
            ],
            [
              88.115128125,
              27.8617421875
            ],
            [
              88.115128125,
              27.86178125
            ],
            [
              88.11505,
              27.86178125
            ],
            [
              88.11505,
              27.861820312499997
            ],
            [
              88.114971875,
              27.861820312499997
            ],
            [
              88.114971875,
              27.8619375
            ],
            [
              88.1150890625,
              27.8619375
            ],
            [
              88.1150890625,
              27.8618984375
            ],
            [
              88.115128125,
              27.8618984375
            ],
            [
              88.115128125,
              27.8619375
            ],
            [
              88.1151671875,
              27.8619375
            ],
            [
              88.1151671875,
              27.861976562499997
            ],
            [
              88.1152453125,
              27.861976562499997
            ],
            [
              88.1152453125,
              27.862015624999998
            ],
            [
              88.115440625,
              27.862015624999998
            ],
            [
              88.115440625,
              27.861976562499997
            ],
            [
              88.1154796875,
              27.861976562499997
            ],
            [
              88.1154796875,
              27.8619375
            ],
            [
              88.11551874999999,
              27.8619375
            ],
            [
              88.11551874999999,
              27.861820312499997
            ],
            [
              88.1155578125,
              27.861820312499997
            ],
            [
              88.1155578125,
              27.8617421875
            ],
            [
              88.115596875,
              27.8617421875
            ],
            [
              88.115596875,
              27.861664062499997
            ],
            [
              88.1156359375,
              27.861664062499997
            ],
            [
              88.1156359375,
              27.861546875
            ],
            [
              88.115675,
              27.861546875
            ],
            [
              88.115675,
              27.861507812499998
            ],
            [
              88.1157140625,
              27.861507812499998
            ],
            [
              88.1157140625,
              27.86146875
            ],
            [
              88.1157921875,
              27.86146875
            ],
            [
              88.1157921875,
              27.8614296875
            ],
            [
              88.11583125,
              27.8614296875
            ],
            [
              88.11583125,
              27.861390625
            ],
            [
              88.1158703125,
              27.861390625
            ],
            [
              88.1158703125,
              27.861351562499998
            ],
            [
              88.115909375,
              27.861351562499998
            ],
            [
              88.115909375,
              27.8613125
            ],
            [
              88.1160265625,
              27.8613125
            ],
            [
              88.1160265625,
              27.8612734375
            ],
            [
              88.116065625,
              27.8612734375
            ],
            [
              88.116065625,
              27.8613125
            ],
            [
              88.1161046875,
              27.8613125
            ],
            [
              88.1161046875,
              27.8614296875
            ],
            [
              88.11614374999999,
              27.8614296875
            ],
            [
              88.11614374999999,
              27.861703125
            ],
            [
              88.1161046875,
              27.861703125
            ],
            [
              88.1161046875,
              27.861859374999998
            ],
            [
              88.116065625,
              27.861859374999998
            ],
            [
              88.116065625,
              27.862015624999998
            ],
            [
              88.1160265625,
              27.862015624999998
            ],
            [
              88.1160265625,
              27.862171874999998
            ],
            [
              88.1159875,
              27.862171874999998
            ],
            [
              88.1159875,
              27.8622890625
            ],
            [
              88.1159484375,
              27.8622890625
            ],
            [
              88.1159484375,
              27.86240625
            ],
            [
              88.115909375,
              27.86240625
            ],
            [
              88.115909375,
              27.8625234375
            ],
            [
              88.1158703125,
              27.8625234375
            ],
            [
              88.1158703125,
              27.8626015625
            ],
            [
              88.1157921875,
              27.8626015625
            ],
            [
              88.1157921875,
              27.862640624999997
            ],
            [
              88.1157140625,
              27.862640624999997
            ],
            [
              88.1157140625,
              27.86271875
            ],
            [
              88.115675,
              27.86271875
            ],
            [
              88.115675,
              27.8627578125
            ],
            [
              88.1156359375,
              27.8627578125
            ],
            [
              88.1156359375,
              27.862835937499998
            ],
            [
              88.115596875,
              27.862835937499998
            ],
            [
              88.115596875,
              27.8629140625
            ],
            [
              88.1155578125,
              27.8629140625
            ],
            [
              88.1155578125,
              27.862992187499998
            ],
            [
              88.11551874999999,
              27.862992187499998
            ],
            [
              88.11551874999999,
              27.86303125
            ],
            [
              88.1154796875,
              27.86303125
            ],
            [
              88.1154796875,
              27.863109375
            ],
            [
              88.115440625,
              27.863109375
            ],
            [
              88.115440625,
              27.863148437499998
            ],
            [
              88.1153625,
              27.863148437499998
            ],
            [
              88.1153625,
              27.8631875
            ],
            [
              88.1153234375,
              27.8631875
            ],
            [
              88.1153234375,
              27.863265625
            ],
            [
              88.115284375,
              27.863265625
            ],
            [
              88.115284375,
              27.863304687499998
            ],
            [
              88.1151671875,
              27.863304687499998
            ],
            [
              88.1151671875,
              27.86334375
            ],
            [
              88.1150890625,
              27.86334375
            ]
          ]
        ]
      },
      "properties": {
        "building_id": 19,
        "damage_tier": "destroyed",
        "confidence": 0.671
      }
    },
    {
      "type": "Feature",
      "geometry": {
        "type": "Polygon",
        "coordinates": [
          [
            [
              88.116846875,
              27.864945312499998
            ],
            [
              88.116846875,
              27.864906249999997
            ],
            [
              88.11676875,
              27.864906249999997
            ],
            [
              88.11676875,
              27.8648671875
            ],
            [
              88.1167296875,
              27.8648671875
            ],
            [
              88.1167296875,
              27.864789062499998
            ],
            [
              88.116690625,
              27.864789062499998
            ],
            [
              88.116690625,
              27.8647109375
            ],
            [
              88.1166515625,
              27.8647109375
            ],
            [
              88.1166515625,
              27.8645546875
            ],
            [
              88.1166125,
              27.8645546875
            ],
            [
              88.1166125,
              27.8642421875
            ],
            [
              88.1165734375,
              27.8642421875
            ],
            [
              88.1165734375,
              27.8641640625
            ],
            [
              88.1166125,
              27.8641640625
            ],
            [
              88.1166125,
              27.8640078125
            ],
            [
              88.1166515625,
              27.8640078125
            ],
            [
              88.1166515625,
              27.8638515625
            ],
            [
              88.116690625,
              27.8638515625
            ],
            [
              88.116690625,
              27.863734375
            ],
            [
              88.1167296875,
              27.863734375
            ],
            [
              88.1167296875,
              27.863460937499998
            ],
            [
              88.116690625,
              27.863460937499998
            ],
            [
              88.116690625,
              27.86334375
            ],
            [
              88.1166515625,
              27.86334375
            ],
            [
              88.1166515625,
              27.863265625
            ],
            [
              88.1166125,
              27.863265625
            ],
            [
              88.1166125,
              27.863148437499998
            ],
            [
              88.1165734375,
              27.863148437499998
            ],
            [
              88.1165734375,
              27.86225
            ],
            [
              88.116534375,
              27.86225
            ],
            [
              88.116534375,
              27.8622109375
            ],
            [
              88.11645625,
              27.8622109375
            ],
            [
              88.11645625,
              27.86209375
            ],
            [
              88.11649531249999,
              27.86209375
            ],
            [
              88.11649531249999,
              27.861976562499997
            ],
            [
              88.116534375,
              27.861976562499997
            ],
            [
              88.116534375,
              27.86178125
            ],
            [
              88.11649531249999,
              27.86178125
            ],
            [
              88.11649531249999,
              27.861195312499998
            ],
            [
              88.11645625,
              27.861195312499998
            ],
            [
              88.11645625,
              27.8609609375
            ],
            [
              88.1164171875,
              27.8609609375
            ],
            [
              88.1164171875,
              27.860843749999997
            ],
            [
              88.1166515625,
              27.860843749999997
            ],
            [
              88.1166515625,
              27.860882812499998
            ],
            [
              88.1167296875,
              27.860882812499998
            ],
            [
              88.1167296875,
              27.860843749999997
            ],
            [
              88.1168078125,
              27.860843749999997
            ],
            [
              88.1168078125,
              27.8608046875
            ],
            [
              88.11712031249999,
              27.8608046875
            ],
            [
              88.11712031249999,
              27.860843749999997
            ],
            [
              88.117159375,
              27.860843749999997
            ],
            [
              88.117159375,
              27.8608046875
            ],
            [
              88.1174328125,
              27.8608046875
            ],
            [
              88.1174328125,
              27.860843749999997
            ],
            [
              88.1175109375,
              27.860843749999997
            ],
            [
              88.1175109375,
              27.8608046875
            ],
            [
              88.1178234375,
              27.8608046875
            ],
            [
              88.1178234375,
              27.860765625
            ],
            [
              88.1178625,
              27.860765625
            ],
            [
              88.1178625,
              27.8606484375
            ],
            [
              88.1179015625,
              27.8606484375
            ],
            [
              88.1179015625,
              27.860609375
            ],
            [
              88.1178625,
              27.860609375
            ],
            [
              88.1178625,
              27.8605703125
            ],
            [
              88.1178234375,
              27.8605703125
            ],
            [
              88.1178234375,
              27.860531249999998
            ],
            [
              88.117784375,
              27.860531249999998
            ],
            [
              88.117784375,
              27.8604921875
            ],
            [
              88.1177453125,
              27.8604921875
            ],
            [
              88.1177453125,
              27.860374999999998
            ],
            [
              88.117784375,
              27.860374999999998
            ],
            [
              88.117784375,
              27.860296875
            ],
            [
              88.1178234375,
              27.860296875
            ],
            [
              88.1178234375,
              27.860218749999998
            ],
            [
              88.1178625,
              27.860218749999998
            ],
            [
              88.1178625,
              27.860140625
            ],
            [
              88.1179015625,
              27.860140625
            ],
            [
              88.1179015625,
              27.859984375
            ],
            [
              88.117940625,
              27.859984375
            ],
            [
              88.117940625,
              27.859828125
            ],
            [
              88.1179796875,
              27.859828125
            ],
            [
              88.1179796875,
              27.859710937499997
            ],
            [
              88.11801875,
              27.859710937499997
            ],
            [
              88.11801875,
              27.8594375
            ],
            [
              88.1180578125,
              27.8594375
            ],
            [
              88.1180578125,
              27.859359375
            ],
            [
              88.11809687499999,
              27.859359375
            ],
            [
              88.11809687499999,
              27.8593203125
            ],
            [
              88.118175,
              27.8593203125
            ],
            [
              88.118175,
              27.85928125
            ],
            [
              88.1182140625,
              27.85928125
            ],
            [
              88.1182140625,
              27.859242187499998
            ],
            [
              88.118253125,
              27.859242187499998
            ],
            [
              88.118253125,
              27.859203125
            ],
            [
              88.1182921875,
              27.859203125
            ],
            [
              88.1182921875,
              27.859085937499998
            ],
            [
              88.118253125,
              27.859085937499998
            ],
            [
              88.118253125,
              27.858890624999997
            ],
            [
              88.1182921875,
              27.858890624999997
            ],
            [
              88.1182921875,
              27.8588515625
            ],
            [
              88.1185265625,
              27.8588515625
            ],
            [
              88.1185265625,
              27.858890624999997
            ],
            [
              88.1186046875,
              27.858890624999997
            ],
            [
              88.1186046875,
              27.858929687499998
            ],
            [
              88.11864375,
              27.858929687499998
            ],
            [
              88.11864375,
              27.85896875
            ],
            [
              88.1186828125,
              27.85896875
            ],
            [
              88.1186828125,
              27.8590078125
            ],
            [
              88.11872187499999,
              27.8590078125
            ],
            [
              88.11872187499999,
              27.859046875
            ],
            [
              88.1187609375,
              27.859046875
            ],
            [
              88.1187609375,
              27.859085937499998
            ],
            [
              88.11872187499999,
              27.859085937499998
            ],
            [
              88.11872187499999,
              27.8591640625
            ],
            [
              88.1186828125,
              27.8591640625
            ],
            [
              88.1186828125,
              27.859398437499998
            ],
            [
              88.11872187499999,
              27.859398437499998
            ],
            [
              88.11872187499999,
              27.8594765625
            ],
            [
              88.1187609375,
              27.8594765625
            ],
            [
              88.1187609375,
              27.859554687499998
            ],
            [
              88.1188,
              27.859554687499998
            ],
            [
              88.1188,
              27.859828125
            ],
            [
              88.1188390625,
              27.859828125
            ],
            [
              88.1188390625,
              27.859906249999998
            ],
            [
              88.118878125,
              27.859906249999998
            ],
            [
              88.118878125,
              27.859984375
            ],
            [
              88.1189171875,
              27.859984375
            ],
            [
              88.1189171875,
              27.860062499999998
            ],
            [
              88.11895625,
              27.860062499999998
            ],
            [
              88.11895625,
              27.8601015625
            ],
            [
              88.1189953125,
              27.8601015625
            ],
            [
              88.1189953125,
              27.8601796875
            ],
            [
              88.119034375,
              27.8601796875
            ],
            [
              88.119034375,
              27.860218749999998
            ],
            [
              88.11907343749999,
              27.860218749999998
            ],
            [
              88.11907343749999,
              27.860296875
            ],
            [
              88.1191125,
              27.860296875
            ],
            [
              88.1191125,
              27.860374999999998
            ],
            [
              88.1191515625,
              27.860374999999998
            ],
            [
              88.1191515625,
              27.8604140625
            ],
            [
              88.119190625,
              27.8604140625
            ],
            [
              88.119190625,
              27.860843749999997
            ],
            [
              88.1191515625,
              27.860843749999997
            ],
            [
              88.1191515625,
              27.8609609375
            ],
            [
              88.1191125,
              27.8609609375
            ],
            [
              88.1191125,
              27.861039062499998
            ],
            [
              88.11907343749999,
              27.861039062499998
            ],
            [
              88.11907343749999,
              27.86115625
            ],
            [
              88.119034375,
              27.86115625
            ],
            [
              88.119034375,
              27.8613125
            ],
            [
              88.11907343749999,
              27.8613125
            ],
            [
              88.11907343749999,
              27.861390625
            ],
            [
              88.1191125,
              27.861390625
            ],
            [
              88.1191125,
              27.861546875
            ],
            [
              88.1191515625,
              27.861546875
            ],
            [
              88.1191515625,
              27.8615859375
            ],
            [
              88.119190625,
              27.8615859375
            ],
            [
              88.119190625,
              27.861625
            ],
            [
              88.1192296875,
              27.861625
            ],
            [
              88.1192296875,
              27.861664062499997
            ],
            [
              88.119346875,
              27.861664062499997
            ],
            [
              88.119346875,
              27.861703125
            ],
            [
              88.11942499999999,
              27.861703125
            ],
            [
              88.11942499999999,
              27.8617421875
            ],
            [
              88.1194640625,
              27.8617421875
            ],
            [
              88.1194640625,
              27.8618984375
            ],
            [
              88.11942499999999,
              27.8618984375
            ],
            [
              88.11942499999999,
              27.86209375
            ],
            [
              88.1194640625,
              27.86209375
            ],
            [
              88.1194640625,
              27.8621328125
            ],
            [
              88.119503125,
              27.8621328125
            ],
            [
              88.119503125,
              27.862171874999998
            ],
            [
              88.11958125,
              27.862171874999998
            ],
            [
              88.11958125,
              27.8622109375
            ],
            [
              88.1197765625,
              27.8622109375
            ],
            [
              88.1197765625,
              27.862171874999998
            ],
            [
              88.1198546875,
              27.862171874999998
            ],
            [
              88.1198546875,
              27.86225
            ],
            [
              88.11989375,
              27.86225
            ],
            [
              88.11989375,
              27.862328124999998
            ],
            [
              88.1199328125,
              27.862328124999998
            ],
            [
              88.1199328125,
              27.8623671875
            ],
            [
              88.119971875,
              27.8623671875
            ],
            [
              88.119971875,
              27.86240625
            ],
            [
              88.1200109375,
              27.86240625
            ],
            [
              88.1200109375,
              27.8624453125
            ],
            [
              88.12004999999999,
              27.8624453125
            ],
            [
              88.12004999999999,
              27.8625234375
            ],
            [
              88.1200109375,
              27.8625234375
            ],
            [
              88.1200109375,
              27.8625625
            ],
            [
              88.119971875,
              27.8625625
            ],
            [
              88.119971875,
              27.8626015625
            ],
            [
              88.1199328125,
              27.8626015625
            ],
            [
              88.1199328125,
              27.862640624999997
            ],
            [
              88.11989375,
              27.862640624999997
            ],
            [
              88.11989375,
              27.8626796875
            ],
            [
              88.1198546875,
              27.8626796875
            ],
            [
              88.1198546875,
              27.8627578125
            ],
            [
              88.119815625,
              27.8627578125
            ],
            [
              88.119815625,
              27.862796874999997
            ],
            [
              88.1197765625,
              27.862796874999997
            ],
            [
              88.1197765625,
              27.862875
            ],
            [
              88.1197375,
              27.862875
            ],
            [
              88.1197375,
              27.862992187499998
            ],
            [
              88.11969843749999,
              27.862992187499998
            ],
            [
              88.11969843749999,
              27.863109375
            ],
            [
              88.119659375,
              27.863109375
            ],
            [
              88.119659375,
              27.863148437499998
            ],
            [
              88.11926875,
              27.863148437499998
            ],
            [
              88.11926875,
              27.863109375
            ],
            [
              88.119190625,
              27.863109375
            ],
            [
              88.119190625,
              27.86303125
            ],
            [
              88.1191515625,
              27.86303125
            ],
            [
              88.1191515625,
              27.862953124999997
            ],
            [
              88.1191125,
              27.862953124999997
            ],
            [
              88.1191125,
              27.862875
            ],
            [
              88.11907343749999,
              27.862875
            ],
            [
              88.11907343749999,
              27.862835937499998
            ],
            [
              88.1188390625,
              27.862835937499998
            ],
            [
              88.1188390625,
              27.862875
            ],
            [
              88.1187609375,
              27.862875
            ],
            [
              88.1187609375,
              27.8629140625
            ],
            [
              88.11864375,
              27.8629140625
            ],
            [
              88.11864375,
              27.862875
            ],
            [
              88.1186046875,
              27.862875
            ],
            [
              88.1186046875,
              27.862835937499998
            ],
            [
              88.1185265625,
              27.862835937499998
            ],
            [
              88.1185265625,
              27.862875
            ],
            [
              88.1184875,
              27.862875
            ],
            [
              88.1184875,
              27.8629140625
            ],
            [
              88.11844843749999,
              27.8629140625
            ],
            [
              88.11844843749999,
              27.862953124999997
            ],
            [
              88.118409375,
              27.862953124999997
            ],
            [
              88.118409375,
              27.862992187499998
            ],
            [
              88.1184875,
              27.862992187499998
            ],
            [
              88.1184875,
              27.86303125
            ],
            [
              88.1186046875,
              27.86303125
            ],
            [
              88.1186046875,
              27.862992187499998
            ],
            [
              88.1187609375,
              27.862992187499998
            ],
            [
              88.1187609375,
              27.863304687499998
            ],
            [
              88.11872187499999,
              27.863304687499998
            ],
            [
              88.11872187499999,
              27.86334375
            ],
            [
              88.1186828125,
              27.86334375
            ],
            [
              88.1186828125,
              27.863304687499998
            ],
            [
              88.1186046875,
              27.863304687499998
            ],
            [
              88.1186046875,
              27.863265625
            ],
            [
              88.118565625,
              27.863265625
            ],
            [
              88.118565625,
              27.8632265625
            ],
            [
              88.1185265625,
              27.8632265625
            ],
            [
              88.1185265625,
              27.8631875
            ],
            [
              88.1184875,
              27.8631875
            ],
            [
              88.1184875,
              27.863148437499998
            ],
            [
              88.11844843749999,
              27.863148437499998
            ],
            [
              88.11844843749999,
              27.863109375
            ],
            [
              88.118409375,
              27.863109375
            ],
            [
              88.118409375,
              27.8630703125
            ],
            [
              88.118253125,
              27.8630703125
            ],
            [
              88.118253125,
              27.86303125
            ],
            [
              88.1182140625,
              27.86303125
            ],
            [
              88.1182140625,
              27.862992187499998
            ],
            [
              88.118175,
              27.862992187499998
            ],
            [
              88.118175,
              27.862953124999997
            ],
            [
              88.1181359375,
              27.862953124999997
            ],
            [
              88.1181359375,
              27.862875
            ],
            [
              88.11809687499999,
              27.862875
            ],
            [
              88.11809687499999,
              27.862835937499998
            ],
            [
              88.1180578125,
              27.862835937499998
            ],
            [
              88.1180578125,
              27.862796874999997
            ],
            [
              88.1179796875,
              27.862796874999997
            ],
            [
              88.1179796875,
              27.8627578125
            ],
            [
              88.1179015625,
              27.8627578125
            ],
            [
              88.1179015625,
              27.862796874999997
            ],
            [
              88.1178625,
              27.862796874999997
            ],
            [
              88.1178625,
              27.862835937499998
            ],
            [
              88.117784375,
              27.862835937499998
            ],
            [
              88.117784375,
              27.862875
            ],
            [
              88.1177453125,
              27.862875
            ],
            [
              88.1177453125,
              27.862953124999997
            ],
            [
              88.11770625,
              27.862953124999997
            ],
            [
              88.11770625,
              27.86303125
            ],
            [
              88.1176671875,
              27.86303125
            ],
            [
              88.1176671875,
              27.8630703125
            ],
            [
              88.117628125,
              27.8630703125
            ],
            [
              88.117628125,
              27.8632265625
            ],
            [
              88.1175890625,
              27.8632265625
            ],
            [
              88.1175890625,
              27.8635390625
            ],
            [
              88.11755,
              27.8635390625
            ],
            [
              88.11755,
              27.8636953125
            ],
            [
              88.1175109375,
              27.8636953125
            ],
            [
              88.1175109375,
              27.863890625
            ],
            [
              88.11747187499999,
              27.863890625
            ],
            [
              88.11747187499999,
              27.863929687499997
            ],
            [
              88.1174328125,
              27.863929687499997
            ],
            [
              88.1174328125,
              27.863968749999998
            ],
            [
              88.1173546875,
              27.863968749999998
            ],
            [
              88.1173546875,
              27.8640078125
            ],
            [
              88.117315625,
              27.8640078125
            ],
            [
              88.117315625,
              27.864046875
            ],
            [
              88.1172765625,
              27.864046875
            ],
            [
              88.1172765625,
              27.8640859375
            ],
            [
              88.1171984375,
              27.8640859375
            ],
            [
              88.1171984375,
              27.864124999999998
            ],
            [
              88.117159375,
              27.864124999999998
            ],
            [
              88.117159375,
              27.8642421875
            ],
            [
              88.11712031249999,
              27.8642421875
            ],
            [
              88.11712031249999,
              27.8646328125
            ],
            [
              88.11708125,
              27.8646328125
            ],
            [
              88.11708125,
              27.864789062499998
            ],
            [
              88.1170421875,
              27.864789062499998
            ],
            [
              88.1170421875,
              27.8648671875
            ],
            [
              88.117003125,
              27.8648671875
            ],
            [
              88.117003125,
              27.864945312499998
            ],
            [
              88.116846875,
              27.864945312499998
            ]
          ],
          [
            [
              88.119034375,
              27.8625234375
            ],
            [
              88.11907343749999,
              27.8625234375
            ],
            [
              88.11907343749999,
              27.862484374999998
            ],
            [
              88.119034375,
              27.862484374999998
            ],
            [
              88.119034375,
              27.8625234375
            ]
          ],
          [
            [
              88.1177453125,
              27.861507812499998
            ],
            [
              88.1179015625,
              27.861507812499998
            ],
            [
              88.1179015625,
              27.86146875
            ],
            [
              88.1179796875,
              27.86146875
            ],
            [
              88.1179796875,
              27.8614296875
            ],
            [
              88.11801875,
              27.8614296875
            ],
            [
              88.11801875,
              27.8613125
            ],
            [
              88.1179796875,
              27.8613125
            ],
            [
              88.1179796875,
              27.8612734375
            ],
            [
              88.1179015625,
              27.8612734375
            ],
            [
              88.1179015625,
              27.861234375
            ],
            [
              88.1177453125,
              27.861234375
            ],
            [
              88.1177453125,
              27.8612734375
            ],
            [
              88.11770625,
              27.8612734375
            ],
            [
              88.11770625,
              27.861351562499998
            ],
            [
              88.1176671875,
              27.861351562499998
            ],
            [
              88.1176671875,
              27.8614296875
            ],
            [
              88.11770625,
              27.8614296875
            ],
            [
              88.11770625,
              27.86146875
            ],
            [
              88.1177453125,
              27.86146875
            ],
            [
              88.1177453125,
              27.861507812499998
            ]
          ]
        ]
      },
      "properties": {
        "building_id": 20,
        "damage_tier": "major-damage",
        "confidence": 0.529
      }
    },
    {
      "type": "Feature",
      "geometry": {
        "type": "Polygon",
        "coordinates": [
          [
            [
              88.12262812499999,
              27.85834375
            ],
            [
              88.12262812499999,
              27.858265624999998
            ],
            [
              88.1226671875,
              27.858265624999998
            ],
            [
              88.1226671875,
              27.85834375
            ],
            [
              88.12262812499999,
              27.85834375
            ]
          ]
        ]
      },
      "properties": {
        "building_id": 21,
        "damage_tier": "major-damage",
        "confidence": 0.417
      }
    },
    {
      "type": "Feature",
      "geometry": {
        "type": "Polygon",
        "coordinates": [
          [
            [
              88.1229015625,
              27.85865625
            ],
            [
              88.1229015625,
              27.8586171875
            ],
            [
              88.122784375,
              27.8586171875
            ],
            [
              88.122784375,
              27.858578124999998
            ],
            [
              88.12270625,
              27.858578124999998
            ],
            [
              88.12270625,
              27.8586171875
            ],
            [
              88.12262812499999,
              27.8586171875
            ],
            [
              88.12262812499999,
              27.858421874999998
            ],
            [
              88.1226671875,
              27.858421874999998
            ],
            [
              88.1226671875,
              27.8584609375
            ],
            [
              88.12270625,
              27.8584609375
            ],
            [
              88.12270625,
              27.8585
            ],
            [
              88.1227453125,
              27.8585
            ],
            [
              88.1227453125,
              27.8585390625
            ],
            [
              88.122784375,
              27.8585390625
            ],
            [
              88.122784375,
              27.858421874999998
            ],
            [
              88.1228234375,
              27.858421874999998
            ],
            [
              88.1228234375,
              27.85834375
            ],
            [
              88.122784375,
              27.85834375
            ],
            [
              88.122784375,
              27.858265624999998
            ],
            [
              88.1228234375,
              27.858265624999998
            ],
            [
              88.1228234375,
              27.858109374999998
            ],
            [
              88.1228625,
              27.858109374999998
            ],
            [
              88.1228625,
              27.8578359375
            ],
            [
              88.1229015625,
              27.8578359375
            ],
            [
              88.1229015625,
              27.85771875
            ],
            [
              88.122940625,
              27.85771875
            ],
            [
              88.122940625,
              27.857640625
            ],
            [
              88.12297968749999,
              27.857640625
            ],
            [
              88.12297968749999,
              27.8575234375
            ],
            [
              88.12301875,
              27.8575234375
            ],
            [
              88.12301875,
              27.857328125
            ],
            [
              88.1230578125,
              27.857328125
            ],
            [
              88.1230578125,
              27.85725
            ],
            [
              88.123096875,
              27.85725
            ],
            [
              88.123096875,
              27.857132812499998
            ],
            [
              88.1231359375,
              27.857132812499998
            ],
            [
              88.1231359375,
              27.856976562499998
            ],
            [
              88.1230578125,
              27.856976562499998
            ],
            [
              88.1230578125,
              27.856937499999997
            ],
            [
              88.12297968749999,
              27.856937499999997
            ],
            [
              88.12297968749999,
              27.8568984375
            ],
            [
              88.122940625,
              27.8568984375
            ],
            [
              88.122940625,
              27.8568203125
            ],
            [
              88.1229015625,
              27.8568203125
            ],
            [
              88.1229015625,
              27.856703125
            ],
            [
              88.1228625,
              27.856703125
            ],
            [
              88.1228625,
              27.856624999999998
            ],
            [
              88.1228234375,
              27.856624999999998
            ],
            [
              88.1228234375,
              27.8565859375
            ],
            [
              88.122784375,
              27.8565859375
            ],
            [
              88.122784375,
              27.8565078125
            ],
            [
              88.1228625,
              27.8565078125
            ],
            [
              88.1228625,
              27.856468749999998
            ],
            [
              88.1229015625,
              27.856468749999998
            ],
            [
              88.1229015625,
              27.8564296875
            ],
            [
              88.122940625,
              27.8564296875
            ],
            [
              88.122940625,
              27.856390625
            ],
            [
              88.12301875,
              27.856390625
            ],
            [
              88.12301875,
              27.8563515625
            ],
            [
              88.123175,
              27.8563515625
            ],
            [
              88.123175,
              27.856390625
            ],
            [
              88.1232140625,
              27.856390625
            ],
            [
              88.1232140625,
              27.8564296875
            ],
            [
              88.12325312499999,
              27.8564296875
            ],
            [
              88.12325312499999,
              27.8565078125
            ],
            [
              88.1232921875,
              27.8565078125
            ],
            [
              88.1232921875,
              27.8565859375
            ],
            [
              88.1233703125,
              27.8565859375
            ],
            [
              88.1233703125,
              27.856624999999998
            ],
            [
              88.1234484375,
              27.856624999999998
            ],
            [
              88.1234484375,
              27.8565859375
            ],
            [
              88.123565625,
              27.8565859375
            ],
            [
              88.123565625,
              27.856546875
            ],
            [
              88.12364375,
              27.856546875
            ],
            [
              88.12364375,
              27.8565078125
            ],
            [
              88.1237609375,
              27.8565078125
            ],
            [
              88.1237609375,
              27.856546875
            ],
            [
              88.1238390625,
              27.856546875
            ],
            [
              88.1238390625,
              27.8565859375
            ],
            [
              88.123878125,
              27.8565859375
            ],
            [
              88.123878125,
              27.8566640625
            ],
            [
              88.1239171875,
              27.8566640625
            ],
            [
              88.1239171875,
              27.857132812499998
            ],
            [
              88.12395624999999,
              27.857132812499998
            ],
            [
              88.12395624999999,
              27.857445312499998
            ],
            [
              88.1239953125,
              27.857445312499998
            ],
            [
              88.1239953125,
              27.857640625
            ],
            [
              88.12395624999999,
              27.857640625
            ],
            [
              88.12395624999999,
              27.8576796875
            ],
            [
              88.1239171875,
              27.8576796875
            ],
            [
              88.1239171875,
              27.85771875
            ],
            [
              88.1237609375,
              27.85771875
            ],
            [
              88.1237609375,
              27.8576796875
            ],
            [
              88.123721875,
              27.8576796875
            ],
            [
              88.123721875,
              27.85771875
            ],
            [
              88.1236828125,
              27.85771875
            ],
            [
              88.1236828125,
              27.857796875
            ],
            [
              88.12364375,
              27.857796875
            ],
            [
              88.12364375,
              27.8581875
            ],
            [
              88.12360468749999,
              27.8581875
            ],
            [
              88.12360468749999,
              27.8583046875
            ],
            [
              88.123565625,
              27.8583046875
            ],
            [
              88.123565625,
              27.85834375
            ],
            [
              88.1234875,
              27.85834375
            ],
            [
              88.1234875,
              27.8583828125
            ],
            [
              88.1234484375,
              27.8583828125
            ],
            [
              88.1234484375,
              27.858421874999998
            ],
            [
              88.1233703125,
              27.858421874999998
            ],
            [
              88.1233703125,
              27.8584609375
            ],
            [
              88.1232921875,
              27.8584609375
            ],
            [
              88.1232921875,
              27.8585
            ],
            [
              88.1232140625,
              27.8585
            ],
            [
              88.1232140625,
              27.8585390625
            ],
            [
              88.123175,
              27.8585390625
            ],
            [
              88.123175,
              27.8586171875
            ],
            [
              88.123096875,
              27.8586171875
            ],
            [
              88.123096875,
              27.85865625
            ],
            [
              88.1229015625,
              27.85865625
            ]
          ]
        ]
      },
      "properties": {
        "building_id": 22,
        "damage_tier": "major-damage",
        "confidence": 0.493
      }
    },
    {
      "type": "Feature",
      "geometry": {
        "type": "Polygon",
        "coordinates": [
          [
            [
              88.1124328125,
              27.8554140625
            ],
            [
              88.1124328125,
              27.855335937499998
            ],
            [
              88.11239375,
              27.855335937499998
            ],
            [
              88.11239375,
              27.855140625
            ],
            [
              88.1124328125,
              27.855140625
            ],
            [
              88.1124328125,
              27.8551015625
            ],
            [
              88.1125109375,
              27.8551015625
            ],
            [
              88.1125109375,
              27.855375
            ],
            [
              88.112471875,
              27.855375
            ],
            [
              88.112471875,
              27.8554140625
            ],
            [
              88.1124328125,
              27.8554140625
            ]
          ]
        ]
      },
      "properties": {
        "building_id": 23,
        "damage_tier": "major-damage",
        "confidence": 0.41
      }
    },
    {
      "type": "Feature",
      "geometry": {
        "type": "Polygon",
        "coordinates": [
          [
            [
              88.1119640625,
              27.855921875
            ],
            [
              88.1119640625,
              27.8558828125
            ],
            [
              88.1118859375,
              27.8558828125
            ],
            [
              88.1118859375,
              27.85584375
            ],
            [
              88.111846875,
              27.85584375
            ],
            [
              88.111846875,
              27.855804687499997
            ],
            [
              88.1118078125,
              27.855804687499997
            ],
            [
              88.1118078125,
              27.8556875
            ],
            [
              88.11176875,
              27.8556875
            ],
            [
              88.11176875,
              27.855648437499998
            ],
            [
              88.1117296875,
              27.855648437499998
            ],
            [
              88.1117296875,
              27.8555703125
            ],
            [
              88.111690625,
              27.8555703125
            ],
            [
              88.111690625,
              27.85553125
            ],
            [
              88.1116515625,
              27.85553125
            ],
            [
              88.1116515625,
              27.855453125
            ],
            [
              88.1116125,
              27.855453125
            ],
            [
              88.1116125,
              27.85521875
            ],
            [
              88.1115734375,
              27.85521875
            ],
            [
              88.1115734375,
              27.8548671875
            ],
            [
              88.1116125,
              27.8548671875
            ],
            [
              88.1116125,
              27.854828124999997
            ],
            [
              88.1116515625,
              27.854828124999997
            ],
            [
              88.1116515625,
              27.8547890625
            ],
            [
              88.111690625,
              27.8547890625
            ],
            [
              88.111690625,
              27.85475
            ],
            [
              88.1117296875,
              27.85475
            ],
            [
              88.1117296875,
              27.8547109375
            ],
            [
              88.11176875,
              27.8547109375
            ],
            [
              88.11176875,
              27.854671874999998
            ],
            [
              88.1118078125,
              27.854671874999998
            ],
            [
              88.1118078125,
              27.85459375
            ],
            [
              88.111846875,
              27.85459375
            ],
            [
              88.111846875,
              27.8546328125
            ],
            [
              88.1118859375,
              27.8546328125
            ],
            [
              88.1118859375,
              27.854671874999998
            ],
            [
              88.111925,
              27.854671874999998
            ],
            [
              88.111925,
              27.8547109375
            ],
            [
              88.1119640625,
              27.8547109375
            ],
            [
              88.1119640625,
              27.8547890625
            ],
            [
              88.112003125,
              27.8547890625
            ],
            [
              88.112003125,
              27.854828124999997
            ],
            [
              88.1120421875,
              27.854828124999997
            ],
            [
              88.1120421875,
              27.855023437499998
            ],
            [
              88.11208125,
              27.855023437499998
            ],
            [
              88.11208125,
              27.855296875
            ],
            [
              88.1121203125,
              27.855296875
            ],
            [
              88.1121203125,
              27.8554140625
            ],
            [
              88.112159375,
              27.8554140625
            ],
            [
              88.112159375,
              27.855609375
            ],
            [
              88.1121203125,
              27.855609375
            ],
            [
              88.1121203125,
              27.8557265625
            ],
            [
              88.11208125,
              27.8557265625
            ],
            [
              88.11208125,
              27.85584375
            ],
            [
              88.1120421875,
              27.85584375
            ],
            [
              88.1120421875,
              27.855921875
            ],
            [
              88.1119640625,
              27.855921875
            ]
          ]
        ]
      },
      "properties": {
        "building_id": 24,
        "damage_tier": "major-damage",
        "confidence": 0.432
      }
    },
    {
      "type": "Feature",
      "geometry": {
        "type": "Polygon",
        "coordinates": [
          [
            [
              88.1105578125,
              27.853382812499998
            ],
            [
              88.1105578125,
              27.8533046875
            ],
            [
              88.11051875,
              27.8533046875
            ],
            [
              88.11051875,
              27.853265625
            ],
            [
              88.1105578125,
              27.853265625
            ],
            [
              88.1105578125,
              27.8531875
            ],
            [
              88.1106359375,
              27.8531875
            ],
            [
              88.1106359375,
              27.853226562499998
            ],
            [
              88.110675,
              27.853226562499998
            ],
            [
              88.110675,
              27.8533046875
            ],
            [
              88.1106359375,
              27.8533046875
            ],
            [
              88.1106359375,
              27.85334375
            ],
            [
              88.110596875,
              27.85334375
            ],
            [
              88.110596875,
              27.853382812499998
            ],
            [
              88.1105578125,
              27.853382812499998
            ]
          ]
        ]
      },
      "properties": {
        "building_id": 25,
        "damage_tier": "major-damage",
        "confidence": 0.447
      }
    },
    {
      "type": "Feature",
      "geometry": {
        "type": "Polygon",
        "coordinates": [
          [
            [
              88.1310265625,
              27.852328125
            ],
            [
              88.1310265625,
              27.8518203125
            ],
            [
              88.13106562499999,
              27.8518203125
            ],
            [
              88.13106562499999,
              27.8519375
            ],
            [
              88.1311046875,
              27.8519375
            ],
            [
              88.1311046875,
              27.8522890625
            ],
            [
              88.13106562499999,
              27.8522890625
            ],
            [
              88.13106562499999,
              27.852328125
            ],
            [
              88.1310265625,
              27.852328125
            ]
          ]
        ]
      },
      "properties": {
        "building_id": 26,
        "damage_tier": "no-damage",
        "confidence": 0.708
      }
    },
    {
      "type": "Feature",
      "geometry": {
        "type": "Polygon",
        "coordinates": [
          [
            [
              88.1122765625,
              27.8513125
            ],
            [
              88.1122765625,
              27.851273437499998
            ],
            [
              88.1122375,
              27.851273437499998
            ],
            [
              88.1122375,
              27.851234375
            ],
            [
              88.1122765625,
              27.851234375
            ],
            [
              88.1122765625,
              27.8511953125
            ],
            [
              88.11239375,
              27.8511953125
            ],
            [
              88.11239375,
              27.851234375
            ],
            [
              88.112471875,
              27.851234375
            ],
            [
              88.112471875,
              27.851273437499998
            ],
            [
              88.1123546875,
              27.851273437499998
            ],
            [
              88.1123546875,
              27.8513125
            ],
            [
              88.1122765625,
              27.8513125
            ]
          ]
        ]
      },
      "properties": {
        "building_id": 27,
        "damage_tier": "major-damage",
        "confidence": 0.37
      }
    },
    {
      "type": "Feature",
      "geometry": {
        "type": "Polygon",
        "coordinates": [
          [
            [
              88.1310265625,
              27.851585937499998
            ],
            [
              88.1310265625,
              27.85146875
            ],
            [
              88.13098749999999,
              27.85146875
            ],
            [
              88.13098749999999,
              27.8513515625
            ],
            [
              88.1309484375,
              27.8513515625
            ],
            [
              88.1309484375,
              27.8513125
            ],
            [
              88.130909375,
              27.8513125
            ],
            [
              88.130909375,
              27.851273437499998
            ],
            [
              88.1308703125,
              27.851273437499998
            ],
            [
              88.1308703125,
              27.851234375
            ],
            [
              88.130909375,
              27.851234375
            ],
            [
              88.130909375,
              27.8511953125
            ],
            [
              88.1310265625,
              27.8511953125
            ],
            [
              88.1310265625,
              27.85115625
            ],
            [
              88.13106562499999,
              27.85115625
            ],
            [
              88.13106562499999,
              27.8511953125
            ],
            [
              88.1311046875,
              27.8511953125
            ],
            [
              88.1311046875,
              27.851234375
            ],
            [
              88.13114374999999,
              27.851234375
            ],
            [
              88.13114374999999,
              27.8513515625
            ],
            [
              88.1311046875,
              27.8513515625
            ],
            [
              88.1311046875,
              27.851546875
            ],
            [
              88.13106562499999,
              27.851546875
            ],
            [
              88.13106562499999,
              27.851585937499998
            ],
            [
              88.1310265625,
              27.851585937499998
            ]
          ]
        ]
      },
      "properties": {
        "building_id": 28,
        "damage_tier": "no-damage",
        "confidence": 0.742
      }
    },
    {
      "type": "Feature",
      "geometry": {
        "type": "Polygon",
        "coordinates": [
          [
            [
              88.1066515625,
              27.891
            ],
            [
              88.1066515625,
              27.890804687499998
            ],
            [
              88.1066125,
              27.890804687499998
            ],
            [
              88.1066125,
              27.8906875
            ],
            [
              88.1066515625,
              27.8906875
            ],
            [
              88.1066515625,
              27.8898671875
            ],
            [
              88.1066125,
              27.8898671875
            ],
            [
              88.1066125,
              27.888695312499998
            ],
            [
              88.1066515625,
              27.888695312499998
            ],
            [
              88.1066515625,
              27.887953125
            ],
            [
              88.106690625,
              27.887953125
            ],
            [
              88.106690625,
              27.8879140625
            ],
            [
              88.1066515625,
              27.8879140625
            ],
            [
              88.1066515625,
              27.887406249999998
            ],
            [
              88.106690625,
              27.887406249999998
            ],
            [
              88.106690625,
              27.885765624999998
            ],
            [
              88.1066515625,
              27.885765624999998
            ],
            [
              88.1066515625,
              27.885296874999998
            ],
            [
              88.106690625,
              27.885296874999998
            ],
            [
              88.106690625,
              27.884945312499998
            ],
            [
              88.1067296875,
              27.884945312499998
            ],
            [
              88.1067296875,
              27.884281249999997
            ],
            [
              88.10676875,
              27.884281249999997
            ],
            [
              88.10676875,
              27.883499999999998
            ],
            [
              88.1068078125,
              27.883499999999998
            ],
            [
              88.1068078125,
              27.8832265625
            ],
            [
              88.10676875,
              27.8832265625
            ],
            [
              88.10676875,
              27.88225
            ],
            [
              88.1068078125,
              27.88225
            ],
            [
              88.1068078125,
              27.880374999999997
            ],
            [
              88.106846875,
              27.880374999999997
            ],
            [
              88.106846875,
              27.879085937499998
            ],
            [
              88.1068859375,
              27.879085937499998
            ],
            [
              88.1068859375,
              27.877796874999998
            ],
            [
              88.106925,
              27.877796874999998
            ],
            [
              88.106925,
              27.876781249999997
            ],
            [
              88.1069640625,
              27.876781249999997
            ],
            [
              88.1069640625,
              27.876546875
            ],
            [
              88.106925,
              27.876546875
            ],
            [
              88.106925,
              27.875921875
            ],
            [
              88.1069640625,
              27.875921875
            ],
            [
              88.1069640625,
              27.875453125
            ],
            [
              88.107003125,
              27.875453125
            ],
            [
              88.107003125,
              27.8752578125
            ],
            [
              88.1069640625,
              27.8752578125
            ],
            [
              88.1069640625,
              27.8737734375
            ],
            [
              88.107003125,
              27.8737734375
            ],
            [
              88.107003125,
              27.873421875
            ],
            [
              88.1070421875,
              27.873421875
            ],
            [
              88.1070421875,
              27.8725234375
            ],
            [
              88.107003125,
              27.8725234375
            ],
            [
              88.107003125,
              27.8721328125
            ],
            [
              88.1069640625,
              27.8721328125
            ],
            [
              88.1069640625,
              27.871429687499997
            ],
            [
              88.107003125,
              27.871429687499997
            ],
            [
              88.107003125,
              27.871
            ],
            [
              88.1070421875,
              27.871
            ],
            [
              88.1070421875,
              27.870453124999997
            ],
            [
              88.10708125000001,
              27.870453124999997
            ],
            [
              88.10708125000001,
              27.868695312499998
            ],
            [
              88.1071203125,
              27.868695312499998
            ],
            [
              88.1071203125,
              27.866859374999997
            ],
            [
              88.107159375,
              27.866859374999997
            ],
            [
              88.107159375,
              27.86615625
            ],
            [
              88.1071984375,
              27.86615625
            ],
            [
              88.1071984375,
              27.8654921875
            ],
            [
              88.1072375,
              27.8654921875
            ],
            [
              88.1072375,
              27.863890625
            ],
            [
              88.1072765625,
              27.863890625
            ],
            [
              88.1072765625,
              27.86209375
            ],
            [
              88.107315625,
              27.86209375
            ],
            [
              88.107315625,
              27.8609609375
            ],
            [
              88.1073546875,
              27.8609609375
            ],
            [
              88.1073546875,
              27.8602578125
            ],
            [
              88.10739375,
              27.8602578125
            ],
            [
              88.10739375,
              27.858929687499998
            ],
            [
              88.1074328125,
              27.858929687499998
            ],
            [
              88.1074328125,
              27.857914062499997
            ],
            [
              88.107471875,
              27.857914062499997
            ],
            [
              88.107471875,
              27.857484375
            ],
            [
              88.1075109375,
              27.857484375
            ],
            [
              88.1075109375,
              27.8568984375
            ],
            [
              88.10755,
              27.8568984375
            ],
            [
              88.10755,
              27.8563515625
            ],
            [
              88.1075890625,
              27.8563515625
            ],
            [
              88.1075890625,
              27.853539062499998
            ],
            [
              88.107628125,
              27.853539062499998
            ],
            [
              88.107628125,
              27.85303125
            ],
            [
              88.1076671875,
              27.85303125
            ],
            [
              88.1076671875,
              27.852484375
            ],
            [
              88.10770625,
              27.852484375
            ],
            [
              88.10770625,
              27.851
            ],
            [
              88.1101671875,
              27.851
            ],
            [
              88.1101671875,
              27.851078125
            ],
            [
              88.110284375,
              27.851078125
            ],
            [
              88.110284375,
              27.851117187499998
            ],
            [
              88.110440625,
              27.851117187499998
            ],
            [
              88.110440625,
              27.85115625
            ],
            [
              88.110675,
              27.85115625
            ],
            [
              88.110675,
              27.8511953125
            ],
            [
              88.1107921875,
              27.8511953125
            ],
            [
              88.1107921875,
              27.8513515625
            ],
            [
              88.110753125,
              27.8513515625
            ],
            [
              88.110753125,
              27.8515078125
            ],
            [
              88.1107140625,
              27.8515078125
            ],
            [
              88.1107140625,
              27.851585937499998
            ],
            [
              88.110753125,
              27.851585937499998
            ],
            [
              88.110753125,
              27.8519765625
            ],
            [
              88.1107921875,
              27.8519765625
            ],
            [
              88.1107921875,
              27.8520546875
            ],
            [
              88.110753125,
              27.8520546875
            ],
            [
              88.110753125,
              27.852171875
            ],
            [
              88.1107140625,
              27.852171875
            ],
            [
              88.1107140625,
              27.8526015625
            ],
            [
              88.110753125,
              27.8526015625
            ],
            [
              88.110753125,
              27.852796875
            ],
            [
              88.1107140625,
              27.852796875
            ],
            [
              88.1107140625,
              27.8528359375
            ],
            [
              88.1105578125,
              27.8528359375
            ],
            [
              88.1105578125,
              27.852796875
            ],
            [
              88.11051875,
              27.852796875
            ],
            [
              88.11051875,
              27.8527578125
            ],
            [
              88.1104796875,
              27.8527578125
            ],
            [
              88.1104796875,
              27.852718749999998
            ],
            [
              88.110284375,
              27.852718749999998
            ],
            [
              88.110284375,
              27.852796875
            ],
            [
              88.1102453125,
              27.852796875
            ],
            [
              88.1102453125,
              27.853226562499998
            ],
            [
              88.110284375,
              27.853226562499998
            ],
            [
              88.110284375,
              27.8533046875
            ],
            [
              88.1103234375,
              27.8533046875
            ],
            [
              88.1103234375,
              27.85334375
            ],
            [
              88.1104015625,
              27.85334375
            ],
            [
              88.1104015625,
              27.8534609375
            ],
            [
              88.110440625,
              27.8534609375
            ],
            [
              88.110440625,
              27.853578125
            ],
            [
              88.1104796875,
              27.853578125
            ],
            [
              88.1104796875,
              27.85365625
            ],
            [
              88.11051875,
              27.85365625
            ],
            [
              88.11051875,
              27.8537734375
            ],
            [
              88.1105578125,
              27.8537734375
            ],
            [
              88.1105578125,
              27.8538125
            ],
            [
              88.110596875,
              27.8538125
            ],
            [
              88.110596875,
              27.853890625
            ],
            [
              88.1106359375,
              27.853890625
            ],
            [
              88.1106359375,
              27.854125
            ],
            [
              88.110596875,
              27.854125
            ],
            [
              88.110596875,
              27.8541640625
            ],
            [
              88.1105578125,
              27.8541640625
            ],
            [
              88.1105578125,
              27.8540859375
            ],
            [
              88.11051875,
              27.8540859375
            ],
            [
              88.11051875,
              27.8540078125
            ],
            [
              88.1104796875,
              27.8540078125
            ],
            [
              88.1104796875,
              27.85396875
            ],
            [
              88.110440625,
              27.85396875
            ],
            [
              88.110440625,
              27.854125
            ],
            [
              88.1104015625,
              27.854125
            ],
            [
              88.1104015625,
              27.8547890625
            ],
            [
              88.110440625,
              27.8547890625
            ],
            [
              88.110440625,
              27.8548671875
            ],
            [
              88.1104015625,
              27.8548671875
            ],
            [
              88.1104015625,
              27.855023437499998
            ],
            [
              88.1103625,
              27.855023437499998
            ],
            [
              88.1103625,
              27.855296875
            ],
            [
              88.1103234375,
              27.855296875
            ],
            [
              88.1103234375,
              27.855648437499998
            ],
            [
              88.110284375,
              27.855648437499998
            ],
            [
              88.110284375,
              27.8557265625
            ],
            [
              88.1101671875,
              27.8557265625
            ],
            [
              88.1101671875,
              27.855765625
            ],
            [
              88.110128125,
              27.855765625
            ],
            [
              88.110128125,
              27.855804687499997
            ],
            [
              88.1101671875,
              27.855804687499997
            ],
            [
              88.1101671875,
              27.856078125
            ],
            [
              88.110128125,
              27.856078125
            ],
            [
              88.110128125,
              27.856156249999998
            ],
            [
              88.1100890625,
              27.856156249999998
            ],
            [
              88.1100890625,
              27.856234375
            ],
            [
              88.11005,
              27.856234375
            ],
            [
              88.11005,
              27.8564296875
            ],
            [
              88.1100109375,
              27.8564296875
            ],
            [
              88.1100109375,
              27.8568984375
            ],
            [
              88.109971875,
              27.8568984375
            ],
            [
              88.109971875,
              27.856937499999997
            ],
            [
              88.1099328125,
              27.856937499999997
            ],
            [
              88.1099328125,
              27.857015625
            ],
            [
              88.10989375,
              27.857015625
            ],
            [
              88.10989375,
              27.8570546875
            ],
            [
              88.1098546875,
              27.8570546875
            ],
            [
              88.1098546875,
              27.8572109375
            ],
            [
              88.10989375,
              27.8572109375
            ],
            [
              88.10989375,
              27.857289062499998
            ],
            [
              88.1099328125,
              27.857289062499998
            ],
            [
              88.1099328125,
              27.857328125
            ],
            [
              88.109971875,
              27.857328125
            ],
            [
              88.109971875,
              27.85740625
            ],
            [
              88.1100109375,
              27.85740625
            ],
            [
              88.1100109375,
              27.857484375
            ],
            [
              88.11005,
              27.857484375
            ],
            [
              88.11005,
              27.8576796875
            ],
            [
              88.1100109375,
              27.8576796875
            ],
            [
              88.1100109375,
              27.8578359375
            ],
            [
              88.11005,
              27.8578359375
            ],
            [
              88.11005,
              27.857953124999998
            ],
            [
              88.1100890625,
              27.857953124999998
            ],
            [
              88.1100890625,
              27.85803125
            ],
            [
              88.11005,
              27.85803125
            ],
            [
              88.11005,
              27.8581484375
            ],
            [
              88.1100890625,
              27.8581484375
            ],
            [
              88.1100890625,
              27.858421874999998
            ],
            [
              88.110128125,
              27.858421874999998
            ],
            [
              88.110128125,
              27.858734374999997
            ],
            [
              88.1100890625,
              27.858734374999997
            ],
            [
              88.1100890625,
              27.8587734375
            ],
            [
              88.11005,
              27.8587734375
            ],
            [
              88.11005,
              27.8588125
            ],
            [
              88.1100109375,
              27.8588125
            ],
            [
              88.1100109375,
              27.8588515625
            ],
            [
              88.109971875,
              27.8588515625
            ],
            [
              88.109971875,
              27.858890624999997
            ],
            [
              88.1098546875,
              27.858890624999997
            ],
            [
              88.1098546875,
              27.858929687499998
            ],
            [
              88.1097765625,
              27.858929687499998
            ],
            [
              88.1097765625,
              27.858890624999997
            ],
            [
              88.1097375,
              27.858890624999997
            ],
            [
              88.1097375,
              27.8588515625
            ],
            [
              88.1096203125,
              27.8588515625
            ],
            [
              88.1096203125,
              27.858890624999997
            ],
            [
              88.10958125,
              27.858890624999997
            ],
            [
              88.10958125,
              27.859085937499998
            ],
            [
              88.1095421875,
              27.859085937499998
            ],
            [
              88.1095421875,
              27.859125
            ],
            [
              88.109503125,
              27.859125
            ],
            [
              88.109503125,
              27.8591640625
            ],
            [
              88.1094640625,
              27.8591640625
            ],
            [
              88.1094640625,
              27.859242187499998
            ],
            [
              88.109425,
              27.859242187499998
            ],
            [
              88.109425,
              27.8593203125
            ],
            [
              88.1093859375,
              27.8593203125
            ],
            [
              88.1093859375,
              27.859398437499998
            ],
            [
              88.109346875,
              27.859398437499998
            ],
            [
              88.109346875,
              27.8594375
            ],
            [
              88.1093078125,
              27.8594375
            ],
            [
              88.1093078125,
              27.8594765625
            ],
            [
              88.1092296875,
              27.8594765625
            ],
            [
              88.1092296875,
              27.859515625
            ],
            [
              88.10895625,
              27.859515625
            ],
            [
              88.10895625,
              27.859554687499998
            ],
            [
              88.1087609375,
              27.859554687499998
            ],
            [
              88.1087609375,
              27.85959375
            ],
            [
              88.1086828125,
              27.85959375
            ],
            [
              88.1086828125,
              27.8596328125
            ],
            [
              88.10864375,
              27.8596328125
            ],
            [
              88.10864375,
              27.859671875
            ],
            [
              88.1086046875,
              27.859671875
            ],
            [
              88.1086046875,
              27.85975
            ],
            [
              88.108565625,
              27.85975
            ],
            [
              88.108565625,
              27.859828125
            ],
            [
              88.1085265625,
              27.859828125
            ],
            [
              88.1085265625,
              27.8600234375
            ],
            [
              88.1084875,
              27.8600234375
            ],
            [
              88.1084875,
              27.860140625
            ],
            [
              88.1084484375,
              27.860140625
            ],
            [
              88.1084484375,
              27.8602578125
            ],
            [
              88.108409375,
              27.8602578125
            ],
            [
              88.108409375,
              27.8604921875
            ],
            [
              88.1083703125,
              27.8604921875
            ],
            [
              88.1083703125,
              27.860921875
            ],
            [
              88.10833125,
              27.860921875
            ],
            [
              88.10833125,
              27.8613125
            ],
            [
              88.1083703125,
              27.8613125
            ],
            [
              88.1083703125,
              27.861507812499998
            ],
            [
              88.108409375,
              27.861507812499998
            ],
            [
              88.108409375,
              27.862015624999998
            ],
            [
              88.1084484375,
              27.862015624999998
            ],
            [
              88.1084484375,
              27.862328124999998
            ],
            [
              88.108409375,
              27.862328124999998
            ],
            [
              88.108409375,
              27.8625234375
            ],
            [
              88.1083703125,
              27.8625234375
            ],
            [
              88.1083703125,
              27.862640624999997
            ],
            [
              88.10833125,
              27.862640624999997
            ],
            [
              88.10833125,
              27.86271875
            ],
            [
              88.1082921875,
              27.86271875
            ],
            [
              88.1082921875,
              27.86365625
            ],
            [
              88.10833125,
              27.86365625
            ],
            [
              88.10833125,
              27.8640859375
            ],
            [
              88.1083703125,
              27.8640859375
            ],
            [
              88.1083703125,
              27.864203125
            ],
            [
              88.108409375,
              27.864203125
            ],
            [
              88.108409375,
              27.8643203125
            ],
            [
              88.1084484375,
              27.8643203125
            ],
            [
              88.1084484375,
              27.8644765625
            ],
            [
              88.1084875,
              27.8644765625
            ],
            [
              88.1084875,
              27.864671875
            ],
            [
              88.1085265625,
              27.864671875
            ],
            [
              88.1085265625,
              27.864749999999997
            ],
            [
              88.1084875,
              27.864749999999997
            ],
            [
              88.1084875,
              27.865765624999998
            ],
            [
              88.1085265625,
              27.865765624999998
            ],
            [
              88.1085265625,
              27.865921874999998
            ],
            [
              88.108565625,
              27.865921874999998
            ],
            [
              88.108565625,
              27.866
            ],
            [
              88.1086046875,
              27.866
            ],
            [
              88.1086046875,
              27.8660390625
            ],
            [
              88.10864375,
              27.8660390625
            ],
            [
              88.10864375,
              27.8661953125
            ],
            [
              88.1086828125,
              27.8661953125
            ],
            [
              88.1086828125,
              27.8662734375
            ],
            [
              88.10864375,
              27.8662734375
            ],
            [
              88.10864375,
              27.866546874999997
            ],
            [
              88.1086046875,
              27.866546874999997
            ],
            [
              88.1086046875,
              27.8666640625
            ],
            [
              88.10864375,
              27.8666640625
            ],
            [
              88.10864375,
              27.8668203125
            ],
            [
              88.1086828125,
              27.8668203125
            ],
            [
              88.1086828125,
              27.866859374999997
            ],
            [
              88.108721875,
              27.866859374999997
            ],
            [
              88.108721875,
              27.866898437499998
            ],
            [
              88.1088,
              27.866898437499998
            ],
            [
              88.1088,
              27.866859374999997
            ],
            [
              88.1089953125,
              27.866859374999997
            ],
            [
              88.1089953125,
              27.866898437499998
            ],
            [
              88.10903437500001,
              27.866898437499998
            ],
            [
              88.10903437500001,
              27.866859374999997
            ],
            [
              88.1090734375,
              27.866859374999997
            ],
            [
              88.1090734375,
              27.8668203125
            ],
            [
              88.1091125,
              27.8668203125
            ],
            [
              88.1091125,
              27.866742187499998
            ],
            [
              88.1091515625,
              27.866742187499998
            ],
            [
              88.1091515625,
              27.866625
            ],
            [
              88.1092296875,
              27.866625
            ],
            [
              88.1092296875,
              27.8666640625
            ],
            [
              88.10926875,
              27.8666640625
            ],
            [
              88.10926875,
              27.866703124999997
            ],
            [
              88.1093078125,
              27.866703124999997
            ],
            [
              88.1093078125,
              27.866742187499998
            ],
            [
              88.109346875,
              27.866742187499998
            ],
            [
              88.109346875,
              27.866859374999997
            ],
            [
              88.1093859375,
              27.866859374999997
            ],
            [
              88.1093859375,
              27.8669375
            ],
            [
              88.109425,
              27.8669375
            ],
            [
              88.109425,
              27.867015625
            ],
            [
              88.1094640625,
              27.867015625
            ],
            [
              88.1094640625,
              27.867054687499998
            ],
            [
              88.109503125,
              27.867054687499998
            ],
            [
              88.109503125,
              27.86709375
            ],
            [
              88.10958125,
              27.86709375
            ],
            [
              88.10958125,
              27.8671328125
            ],
            [
              88.1096203125,
              27.8671328125
            ],
            [
              88.1096203125,
              27.867171875
            ],
            [
              88.109659375,
              27.867171875
            ],
            [
              88.109659375,
              27.86725
            ],
            [
              88.1096984375,
              27.86725
            ],
            [
              88.1096984375,
              27.8672890625
            ],
            [
              88.1097375,
              27.8672890625
            ],
            [
              88.1097375,
              27.867328125
            ],
            [
              88.1097765625,
              27.867328125
            ],
            [
              88.1097765625,
              27.86740625
            ],
            [
              88.109815625,
              27.86740625
            ],
            [
              88.109815625,
              27.8674453125
            ],
            [
              88.1098546875,
              27.8674453125
            ],
            [
              88.1098546875,
              27.8675625
            ],
            [
              88.10989375,
              27.8675625
            ],
            [
              88.10989375,
              27.867796875
            ],
            [
              88.1098546875,
              27.867796875
            ],
            [
              88.1098546875,
              27.867835937499997
            ],
            [
              88.109815625,
              27.867835937499997
            ],
            [
              88.109815625,
              27.867874999999998
            ],
            [
              88.1097765625,
              27.867874999999998
            ],
            [
              88.1097765625,
              27.8679140625
            ],
            [
              88.1097375,
              27.8679140625
            ],
            [
              88.1097375,
              27.867953125
            ],
            [
              88.1096984375,
              27.867953125
            ],
            [
              88.1096984375,
              27.867992187499997
            ],
            [
              88.1096203125,
              27.867992187499997
            ],
            [
              88.1096203125,
              27.868031249999998
            ],
            [
              88.10958125,
              27.868031249999998
            ],
            [
              88.10958125,
              27.8680703125
            ],
            [
              88.1095421875,
              27.8680703125
            ],
            [
              88.1095421875,
              27.868109375
            ],
            [
              88.1093859375,
              27.868109375
            ],
            [
              88.1093859375,
              27.8681484375
            ],
            [
              88.1092296875,
              27.8681484375
            ],
            [
              88.1092296875,
              27.868109375
            ],
            [
              88.1091515625,
              27.868109375
            ],
            [
              88.1091515625,
              27.8681484375
            ],
            [
              88.10903437500001,
              27.8681484375
            ],
            [
              88.10903437500001,
              27.868187499999998
            ],
            [
              88.1089953125,
              27.868187499999998
            ],
            [
              88.1089953125,
              27.8682265625
            ],
            [
              88.10895625,
              27.8682265625
            ],
            [
              88.10895625,
              27.868265625
            ],
            [
              88.1089171875,
              27.868265625
            ],
            [
              88.1089171875,
              27.8683046875
            ],
            [
              88.1088390625,
              27.8683046875
            ],
            [
              88.1088390625,
              27.8683828125
            ],
            [
              88.1088,
              27.8683828125
            ],
            [
              88.1088,
              27.868421875
            ],
            [
              88.1087609375,
              27.868421875
            ],
            [
              88.1087609375,
              27.8685390625
            ],
            [
              88.108721875,
              27.8685390625
            ],
            [
              88.108721875,
              27.868695312499998
            ],
            [
              88.1086828125,
              27.868695312499998
            ],
            [
              88.1086828125,
              27.869007812499998
            ],
            [
              88.108721875,
              27.869007812499998
            ],
            [
              88.108721875,
              27.869320312499998
            ],
            [
              88.1086828125,
              27.869320312499998
            ],
            [
              88.1086828125,
              27.869632812499997
            ],
            [
              88.108721875,
              27.869632812499997
            ],
            [
              88.108721875,
              27.86975
            ],
            [
              88.1087609375,
              27.86975
            ],
            [
              88.1087609375,
              27.86990625
            ],
            [
              88.108721875,
              27.86990625
            ],
            [
              88.108721875,
              27.87021875
            ],
            [
              88.1087609375,
              27.87021875
            ],
            [
              88.1087609375,
              27.870296874999998
            ],
            [
              88.1088,
              27.870296874999998
            ],
            [
              88.1088,
              27.8703359375
            ],
            [
              88.1087609375,
              27.8703359375
            ],
            [
              88.1087609375,
              27.8708828125
            ],
            [
              88.1088,
              27.8708828125
            ],
            [
              88.1088,
              27.87115625
            ],
            [
              88.1087609375,
              27.87115625
            ],
            [
              88.1087609375,
              27.8713125
            ],
            [
              88.108721875,
              27.8713125
            ],
            [
              88.108721875,
              27.871390625
            ],
            [
              88.1086828125,
              27.871390625
            ],
            [
              88.1086828125,
              27.871429687499997
            ],
            [
              88.10864375,
              27.871429687499997
            ],
            [
              88.10864375,
              27.87146875
            ],
            [
              88.1086046875,
              27.87146875
            ],
            [
              88.1086046875,
              27.8715078125
            ],
            [
              88.108565625,
              27.8715078125
            ],
            [
              88.108565625,
              27.871546875
            ],
            [
              88.1085265625,
              27.871546875
            ],
            [
              88.1085265625,
              27.871585937499997
            ],
            [
              88.1084875,
              27.871585937499997
            ],
            [
              88.1084875,
              27.871624999999998
            ],
            [
              88.1084484375,
              27.871624999999998
            ],
            [
              88.1084484375,
              27.8716640625
            ],
            [
              88.1083703125,
              27.8716640625
            ],
            [
              88.1083703125,
              27.871859375
            ],
            [
              88.108409375,
              27.871859375
            ],
            [
              88.108409375,
              27.871898437499997
            ],
            [
              88.1084875,
              27.871898437499997
            ],
            [
              88.1084875,
              27.871937499999998
            ],
            [
              88.1085265625,
              27.871937499999998
            ],
            [
              88.1085265625,
              27.8719765625
            ],
            [
              88.108565625,
              27.8719765625
            ],
            [
              88.108565625,
              27.872015625
            ],
            [
              88.1085265625,
              27.872015625
            ],
            [
              88.1085265625,
              27.8720546875
            ],
            [
              88.1084875,
              27.8720546875
            ],
            [
              88.1084875,
              27.872093749999998
            ],
            [
              88.108409375,
              27.872093749999998
            ],
            [
              88.108409375,
              27.8721328125
            ],
            [
              88.1083703125,
              27.8721328125
            ],
            [
              88.1083703125,
              27.872171875
            ],
            [
              88.108253125,
              27.872171875
            ],
            [
              88.108253125,
              27.872249999999998
            ],
            [
              88.1082140625,
              27.872249999999998
            ],
            [
              88.1082140625,
              27.8722890625
            ],
            [
              88.108175,
              27.8722890625
            ],
            [
              88.108175,
              27.872328125
            ],
            [
              88.1081359375,
              27.872328125
            ],
            [
              88.1081359375,
              27.8723671875
            ],
            [
              88.108096875,
              27.8723671875
            ],
            [
              88.108096875,
              27.872406249999997
            ],
            [
              88.10805781250001,
              27.872406249999997
            ],
            [
              88.10805781250001,
              27.8724453125
            ],
            [
              88.10801875,
              27.8724453125
            ],
            [
              88.10801875,
              27.872484375
            ],
            [
              88.1079796875,
              27.872484375
            ],
            [
              88.1079796875,
              27.8725234375
            ],
            [
              88.107940625,
              27.8725234375
            ],
            [
              88.107940625,
              27.872562499999997
            ],
            [
              88.1079015625,
              27.872562499999997
            ],
            [
              88.1079015625,
              27.872601562499998
            ],
            [
              88.1078625,
              27.872601562499998
            ],
            [
              88.1078625,
              27.8726796875
            ],
            [
              88.1078234375,
              27.8726796875
            ],
            [
              88.1078234375,
              27.872796875
            ],
            [
              88.107784375,
              27.872796875
            ],
            [
              88.107784375,
              27.8728359375
            ],
            [
              88.1077453125,
              27.8728359375
            ],
            [
              88.1077453125,
              27.872914062499998
            ],
            [
              88.10770625,
              27.872914062499998
            ],
            [
              88.10770625,
              27.872953125
            ],
            [
              88.1076671875,
              27.872953125
            ],
            [
              88.1076671875,
              27.87303125
            ],
            [
              88.107628125,
              27.87303125
            ],
            [
              88.107628125,
              27.873070312499998
            ],
            [
              88.1075890625,
              27.873070312499998
            ],
            [
              88.1075890625,
              27.873109375
            ],
            [
              88.10755,
              27.873109375
            ],
            [
              88.10755,
              27.8731875
            ],
            [
              88.1075109375,
              27.8731875
            ],
            [
              88.1075109375,
              27.873226562499998
            ],
            [
              88.107471875,
              27.873226562499998
            ],
            [
              88.107471875,
              27.8733046875
            ],
            [
              88.1074328125,
              27.8733046875
            ],
            [
              88.1074328125,
              27.873382812499997
            ],
            [
              88.10739375,
              27.873382812499997
            ],
            [
              88.10739375,
              27.8735
            ],
            [
              88.1074328125,
              27.8735
            ],
            [
              88.1074328125,
              27.873578124999998
            ],
            [
              88.107471875,
              27.873578124999998
            ],
            [
              88.107471875,
              27.87365625
            ],
            [
              88.1075109375,
              27.87365625
            ],
            [
              88.1075109375,
              27.873695312499997
            ],
            [
              88.10755,
              27.873695312499997
            ],
            [
              88.10755,
              27.8737734375
            ],
            [
              88.1075890625,
              27.8737734375
            ],
            [
              88.1075890625,
              27.8741640625
            ],
            [
              88.10755,
              27.8741640625
            ],
            [
              88.10755,
              27.8743203125
            ],
            [
              88.1075109375,
              27.8743203125
            ],
            [
              88.1075109375,
              27.8747890625
            ],
            [
              88.107471875,
              27.8747890625
            ],
            [
              88.107471875,
              27.87490625
            ],
            [
              88.1074328125,
              27.87490625
            ],
            [
              88.1074328125,
              27.8750625
            ],
            [
              88.107471875,
              27.8750625
            ],
            [
              88.107471875,
              27.875453125
            ],
            [
              88.1075109375,
              27.875453125
            ],
            [
              88.1075109375,
              27.875609375
            ],
            [
              88.10755,
              27.875609375
            ],
            [
              88.10755,
              27.8760390625
            ],
            [
              88.1075890625,
              27.8760390625
            ],
            [
              88.1075890625,
              27.876507812499998
            ],
            [
              88.107628125,
              27.876507812499998
            ],
            [
              88.107628125,
              27.87709375
            ],
            [
              88.1075890625,
              27.87709375
            ],
            [
              88.1075890625,
              27.87725
            ],
            [
              88.10755,
              27.87725
            ],
            [
              88.10755,
              27.877484374999998
            ],
            [
              88.1075890625,
              27.877484374999998
            ],
            [
              88.1075890625,
              27.877601562499997
            ],
            [
              88.107628125,
              27.877601562499997
            ],
            [
              88.107628125,
              27.8781484375
            ],
            [
              88.1075890625,
              27.8781484375
            ],
            [
              88.1075890625,
              27.8783046875
            ],
            [
              88.107628125,
              27.8783046875
            ],
            [
              88.107628125,
              27.8783828125
            ],
            [
              88.1076671875,
              27.8783828125
            ],
            [
              88.1076671875,
              27.8785
            ],
            [
              88.10770625,
              27.8785
            ],
            [
              88.10770625,
              27.878578124999997
            ],
            [
              88.1077453125,
              27.878578124999997
            ],
            [
              88.1077453125,
              27.8786953125
            ],
            [
              88.107784375,
              27.8786953125
            ],
            [
              88.107784375,
              27.8790078125
            ],
            [
              88.1078234375,
              27.8790078125
            ],
            [
              88.1078234375,
              27.879085937499998
            ],
            [
              88.1078625,
              27.879085937499998
            ],
            [
              88.1078625,
              27.8791640625
            ],
            [
              88.1079015625,
              27.8791640625
            ],
            [
              88.1079015625,
              27.87928125
            ],
            [
              88.107940625,
              27.87928125
            ],
            [
              88.107940625,
              27.879593749999998
            ],
            [
              88.1079796875,
              27.879593749999998
            ],
            [
              88.1079796875,
              27.879828125
            ],
            [
              88.107940625,
              27.879828125
            ],
            [
              88.107940625,
              27.879867187499997
            ],
            [
              88.1079015625,
              27.879867187499997
            ],
            [
              88.1079015625,
              27.8799453125
            ],
            [
              88.1078625,
              27.8799453125
            ],
            [
              88.1078625,
              27.8801796875
            ],
            [
              88.1079015625,
              27.8801796875
            ],
            [
              88.1079015625,
              27.880218749999997
            ],
            [
              88.1079796875,
              27.880218749999997
            ],
            [
              88.1079796875,
              27.8802578125
            ],
            [
              88.108253125,
              27.8802578125
            ],
            [
              88.108253125,
              27.880296875
            ],
            [
              88.1082921875,
              27.880296875
            ],
            [
              88.1082921875,
              27.8803359375
            ],
            [
              88.108253125,
              27.8803359375
            ],
            [
              88.108253125,
              27.8804921875
            ],
            [
              88.1081359375,
              27.8804921875
            ],
            [
              88.1081359375,
              27.880531249999997
            ],
            [
              88.10805781250001,
              27.880531249999997
            ],
            [
              88.10805781250001,
              27.880570312499998
            ],
            [
              88.10801875,
              27.880570312499998
            ],
            [
              88.10801875,
              27.880609375
            ],
            [
              88.1079796875,
              27.880609375
            ],
            [
              88.1079796875,
              27.881
            ],
            [
              88.107940625,
              27.881
            ],
            [
              88.107940625,
              27.881195312499997
            ],
            [
              88.1079015625,
              27.881195312499997
            ],
            [
              88.1079015625,
              27.8812734375
            ],
            [
              88.1078625,
              27.8812734375
            ],
            [
              88.1078625,
              27.881351562499997
            ],
            [
              88.1078234375,
              27.881351562499997
            ],
            [
              88.1078234375,
              27.881390624999998
            ],
            [
              88.107784375,
              27.881390624999998
            ],
            [
              88.107784375,
              27.8814296875
            ],
            [
              88.1077453125,
              27.8814296875
            ],
            [
              88.1077453125,
              27.88146875
            ],
            [
              88.10770625,
              27.88146875
            ],
            [
              88.10770625,
              27.8815859375
            ],
            [
              88.1076671875,
              27.8815859375
            ],
            [
              88.1076671875,
              27.88178125
            ],
            [
              88.10770625,
              27.88178125
            ],
            [
              88.10770625,
              27.882015624999998
            ],
            [
              88.1077453125,
              27.882015624999998
            ],
            [
              88.1077453125,
              27.88209375
            ],
            [
              88.107784375,
              27.88209375
            ],
            [
              88.107784375,
              27.8821328125
            ],
            [
              88.1078234375,
              27.8821328125
            ],
            [
              88.1078234375,
              27.8822109375
            ],
            [
              88.1078625,
              27.8822109375
            ],
            [
              88.1078625,
              27.88225
            ],
            [
              88.1079015625,
              27.88225
            ],
            [
              88.1079015625,
              27.8822890625
            ],
            [
              88.107940625,
              27.8822890625
            ],
            [
              88.107940625,
              27.882523437499998
            ],
            [
              88.1079796875,
              27.882523437499998
            ],
            [
              88.1079796875,
              27.882640624999997
            ],
            [
              88.10801875,
              27.882640624999997
            ],
            [
              88.10801875,
              27.882679687499998
            ],
            [
              88.10805781250001,
              27.882679687499998
            ],
            [
              88.10805781250001,
              27.8827578125
            ],
            [
              88.108096875,
              27.8827578125
            ],
            [
              88.108096875,
              27.882796874999997
            ],
            [
              88.1081359375,
              27.882796874999997
            ],
            [
              88.1081359375,
              27.882835937499998
            ],
            [
              88.108175,
              27.882835937499998
            ],
            [
              88.108175,
              27.882875
            ],
            [
              88.1082140625,
              27.882875
            ],
            [
              88.1082140625,
              27.8829140625
            ],
            [
              88.108253125,
              27.8829140625
            ],
            [
              88.108253125,
              27.882992187499998
            ],
            [
              88.1082921875,
              27.882992187499998
            ],
            [
              88.1082921875,
              27.88303125
            ],
            [
              88.108409375,
              27.88303125
            ],
            [
              88.108409375,
              27.883109375
            ],
            [
              88.108253125,
              27.883109375
            ],
            [
              88.108253125,
              27.8831875
            ],
            [
              88.1082140625,
              27.8831875
            ],
            [
              88.1082140625,
              27.883304687499997
            ],
            [
              88.108253125,
              27.883304687499997
            ],
            [
              88.108253125,
              27.8833828125
            ],
            [
              88.1082921875,
              27.8833828125
            ],
            [
              88.1082921875,
              27.883499999999998
            ],
            [
              88.10833125,
              27.883499999999998
            ],
            [
              88.10833125,
              27.883617187499997
            ],
            [
              88.1082921875,
              27.883617187499997
            ],
            [
              88.1082921875,
              27.8836953125
            ],
            [
              88.108253125,
              27.8836953125
            ],
            [
              88.108253125,
              27.883773437499997
            ],
            [
              88.1082140625,
              27.883773437499997
            ],
            [
              88.1082140625,
              27.8838515625
            ],
            [
              88.108175,
              27.8838515625
            ],
            [
              88.108175,
              27.8840859375
            ],
            [
              88.1082140625,
              27.8840859375
            ],
            [
              88.1082140625,
              27.884124999999997
            ],
            [
              88.108253125,
              27.884124999999997
            ],
            [
              88.108253125,
              27.8841640625
            ],
            [
              88.108409375,
              27.8841640625
            ],
            [
              88.108409375,
              27.884203125
            ],
            [
              88.1084875,
              27.884203125
            ],
            [
              88.1084875,
              27.8842421875
            ],
            [
              88.1085265625,
              27.8842421875
            ],
            [
              88.1085265625,
              27.884281249999997
            ],
            [
              88.1086828125,
              27.884281249999997
            ],
            [
              88.1086828125,
              27.884320312499998
            ],
            [
              88.108721875,
              27.884320312499998
            ],
            [
              88.108721875,
              27.884281249999997
            ],
            [
              88.1088,
              27.884281249999997
            ],
            [
              88.1088,
              27.8842421875
            ],
            [
              88.1089171875,
              27.8842421875
            ],
            [
              88.1089171875,
              27.884281249999997
            ],
            [
              88.10895625,
              27.884281249999997
            ],
            [
              88.10895625,
              27.884320312499998
            ],
            [
              88.109190625,
              27.884320312499998
            ],
            [
              88.109190625,
              27.884281249999997
            ],
            [
              88.10926875,
              27.884281249999997
            ],
            [
              88.10926875,
              27.8842421875
            ],
            [
              88.1093078125,
              27.8842421875
            ],
            [
              88.1093078125,
              27.8841640625
            ],
            [
              88.109503125,
              27.8841640625
            ],
            [
              88.109503125,
              27.8842421875
            ],
            [
              88.1094640625,
              27.8842421875
            ],
            [
              88.1094640625,
              27.884359375
            ],
            [
              88.1093859375,
              27.884359375
            ],
            [
              88.1093859375,
              27.8843984375
            ],
            [
              88.10926875,
              27.8843984375
            ],
            [
              88.10926875,
              27.884437499999997
            ],
            [
              88.1092296875,
              27.884437499999997
            ],
            [
              88.1092296875,
              27.884476562499998
            ],
            [
              88.109190625,
              27.884476562499998
            ],
            [
              88.109190625,
              27.884593749999997
            ],
            [
              88.1091515625,
              27.884593749999997
            ],
            [
              88.1091515625,
              27.884671875
            ],
            [
              88.1091125,
              27.884671875
            ],
            [
              88.1091125,
              27.884789062499998
            ],
            [
              88.1090734375,
              27.884789062499998
            ],
            [
              88.1090734375,
              27.884906249999997
            ],
            [
              88.1091125,
              27.884906249999997
            ],
            [
              88.1091125,
              27.8850234375
            ],
            [
              88.1090734375,
              27.8850234375
            ],
            [
              88.1090734375,
              27.8850625
            ],
            [
              88.10903437500001,
              27.8850625
            ],
            [
              88.10903437500001,
              27.885140625
            ],
            [
              88.10895625,
              27.885140625
            ],
            [
              88.10895625,
              27.8851796875
            ],
            [
              88.1085265625,
              27.8851796875
            ],
            [
              88.1085265625,
              27.885140625
            ],
            [
              88.1084484375,
              27.885140625
            ],
            [
              88.1084484375,
              27.885101562499997
            ],
            [
              88.108409375,
              27.885101562499997
            ],
            [
              88.108409375,
              27.885140625
            ],
            [
              88.1083703125,
              27.885140625
            ],
            [
              88.1083703125,
              27.8851796875
            ],
            [
              88.10833125,
              27.8851796875
            ],
            [
              88.10833125,
              27.88521875
            ],
            [
              88.1082921875,
              27.88521875
            ],
            [
              88.1082921875,
              27.885296874999998
            ],
            [
              88.108253125,
              27.885296874999998
            ],
            [
              88.108253125,
              27.8853359375
            ],
            [
              88.1082140625,
              27.8853359375
            ],
            [
              88.1082140625,
              27.885414062499997
            ],
            [
              88.108175,
              27.885414062499997
            ],
            [
              88.108175,
              27.885453124999998
            ],
            [
              88.1081359375,
              27.885453124999998
            ],
            [
              88.1081359375,
              27.885921874999998
            ],
            [
              88.108175,
              27.885921874999998
            ],
            [
              88.108175,
              27.886
            ],
            [
              88.1082140625,
              27.886
            ],
            [
              88.1082140625,
              27.8860390625
            ],
            [
              88.108253125,
              27.8860390625
            ],
            [
              88.108253125,
              27.886078124999997
            ],
            [
              88.1082921875,
              27.886078124999997
            ],
            [
              88.1082921875,
              27.8861171875
            ],
            [
              88.10833125,
              27.8861171875
            ],
            [
              88.10833125,
              27.88615625
            ],
            [
              88.1083703125,
              27.88615625
            ],
            [
              88.1083703125,
              27.886234374999997
            ],
            [
              88.108409375,
              27.886234374999997
            ],
            [
              88.108409375,
              27.8863125
            ],
            [
              88.1083703125,
              27.8863125
            ],
            [
              88.1083703125,
              27.886429687499998
            ],
            [
              88.108409375,
              27.886429687499998
            ],
            [
              88.108409375,
              27.8865078125
            ],
            [
              88.1084484375,
              27.8865078125
            ],
            [
              88.1084484375,
              27.886625
            ],
            [
              88.1084875,
              27.886625
            ],
            [
              88.1084875,
              27.886742187499998
            ],
            [
              88.1085265625,
              27.886742187499998
            ],
            [
              88.1085265625,
              27.8868203125
            ],
            [
              88.108565625,
              27.8868203125
            ],
            [
              88.108565625,
              27.8869375
            ],
            [
              88.1086046875,
              27.8869375
            ],
            [
              88.1086046875,
              27.8871328125
            ],
            [
              88.108565625,
              27.8871328125
            ],
            [
              88.108565625,
              27.887210937499997
            ],
            [
              88.1085265625,
              27.887210937499997
            ],
            [
              88.1085265625,
              27.8872890625
            ],
            [
              88.1084875,
              27.8872890625
            ],
            [
              88.1084875,
              27.887367187499997
            ],
            [
              88.1084484375,
              27.887367187499997
            ],
            [
              88.1084484375,
              27.8874453125
            ],
            [
              88.108409375,
              27.8874453125
            ],
            [
              88.108409375,
              27.887484375
            ],
            [
              88.1083703125,
              27.887484375
            ],
            [
              88.1083703125,
              27.887562499999998
            ],
            [
              88.10833125,
              27.887562499999998
            ],
            [
              88.10833125,
              27.887640625
            ],
            [
              88.1082921875,
              27.887640625
            ],
            [
              88.1082921875,
              27.8879140625
            ],
            [
              88.108253125,
              27.8879140625
            ],
            [
              88.108253125,
              27.8880703125
            ],
            [
              88.1082140625,
              27.8880703125
            ],
            [
              88.1082140625,
              27.888187499999997
            ],
            [
              88.108175,
              27.888187499999997
            ],
            [
              88.108175,
              27.888265625
            ],
            [
              88.1081359375,
              27.888265625
            ],
            [
              88.1081359375,
              27.8883046875
            ],
            [
              88.108096875,
              27.8883046875
            ],
            [
              88.108096875,
              27.888382812499998
            ],
            [
              88.10805781250001,
              27.888382812499998
            ],
            [
              88.10805781250001,
              27.888539062499998
            ],
            [
              88.10801875,
              27.888539062499998
            ],
            [
              88.10801875,
              27.889007812499997
            ],
            [
              88.1079796875,
              27.889007812499997
            ],
            [
              88.1079796875,
              27.889125
            ],
            [
              88.107940625,
              27.889125
            ],
            [
              88.107940625,
              27.889320312499997
            ],
            [
              88.1079015625,
              27.889320312499997
            ],
            [
              88.1079015625,
              27.889476562499997
            ],
            [
              88.1078625,
              27.889476562499997
            ],
            [
              88.1078625,
              27.8895546875
            ],
            [
              88.1078234375,
              27.8895546875
            ],
            [
              88.1078234375,
              27.889671874999998
            ],
            [
              88.107784375,
              27.889671874999998
            ],
            [
              88.107784375,
              27.8898671875
            ],
            [
              88.1078234375,
              27.8898671875
            ],
            [
              88.1078234375,
              27.8904140625
            ],
            [
              88.107784375,
              27.8904140625
            ],
            [
              88.107784375,
              27.890492187499998
            ],
            [
              88.1077453125,
              27.890492187499998
            ],
            [
              88.1077453125,
              27.8905703125
            ],
            [
              88.10770625,
              27.8905703125
            ],
            [
              88.10770625,
              27.890648437499998
            ],
            [
              88.1076671875,
              27.890648437499998
            ],
            [
              88.1076671875,
              27.8906875
            ],
            [
              88.107628125,
              27.8906875
            ],
            [
              88.107628125,
              27.8907265625
            ],
            [
              88.1075890625,
              27.8907265625
            ],
            [
              88.1075890625,
              27.890765624999997
            ],
            [
              88.10755,
              27.890765624999997
            ],
            [
              88.10755,
              27.890804687499998
            ],
            [
              88.1075109375,
              27.890804687499998
            ],
            [
              88.1075109375,
              27.89084375
            ],
            [
              88.107471875,
              27.89084375
            ],
            [
              88.107471875,
              27.8908828125
            ],
            [
              88.10739375,
              27.8908828125
            ],
            [
              88.10739375,
              27.890921874999997
            ],
            [
              88.1073546875,
              27.890921874999997
            ],
            [
              88.1073546875,
              27.891
            ],
            [
              88.1066515625,
              27.891
            ]
          ],
          [
            [
              88.109346875,
              27.857796875
            ],
            [
              88.109503125,
              27.857796875
            ],
            [
              88.109503125,
              27.857757812499997
            ],
            [
              88.1095421875,
              27.857757812499997
            ],
            [
              88.1095421875,
              27.8576796875
            ],
            [
              88.10958125,
              27.8576796875
            ],
            [
              88.10958125,
              27.857601562499998
            ],
            [
              88.1095421875,
              27.857601562499998
            ],
            [
              88.1095421875,
              27.8575625
            ],
            [
              88.109503125,
              27.8575625
            ],
            [
              88.109503125,
              27.8575234375
            ],
            [
              88.1094640625,
              27.8575234375
            ],
            [
              88.1094640625,
              27.8575625
            ],
            [
              88.1093859375,
              27.8575625
            ],
            [
              88.1093859375,
              27.857601562499998
            ],
            [
              88.109346875,
              27.857601562499998
            ],
            [
              88.109346875,
              27.857640625
            ],
            [
              88.1093078125,
              27.857640625
            ],
            [
              88.1093078125,
              27.85771875
            ],
            [
              88.109346875,
              27.85771875
            ],
            [
              88.109346875,
              27.857796875
            ]
          ]
        ]
      },
      "properties": {
        "building_id": 29,
        "damage_tier": "major-damage",
        "confidence": 0.483
      }
    },
    {
      "type": "Feature",
      "geometry": {
        "type": "Polygon",
        "coordinates": [
          [
            [
              88.113409375,
              27.8526015625
            ],
            [
              88.113409375,
              27.852562499999998
            ],
            [
              88.11333125,
              27.852562499999998
            ],
            [
              88.11333125,
              27.8525234375
            ],
            [
              88.113253125,
              27.8525234375
            ],
            [
              88.113253125,
              27.852484375
            ],
            [
              88.1132140625,
              27.852484375
            ],
            [
              88.1132140625,
              27.852406249999998
            ],
            [
              88.113175,
              27.852406249999998
            ],
            [
              88.113175,
              27.8523671875
            ],
            [
              88.1131359375,
              27.8523671875
            ],
            [
              88.1131359375,
              27.8522890625
            ],
            [
              88.1130578125,
              27.8522890625
            ],
            [
              88.1130578125,
              27.852249999999998
            ],
            [
              88.112940625,
              27.852249999999998
            ],
            [
              88.112940625,
              27.8522109375
            ],
            [
              88.1128625,
              27.8522109375
            ],
            [
              88.1128625,
              27.852171875
            ],
            [
              88.1128234375,
              27.852171875
            ],
            [
              88.1128234375,
              27.8521328125
            ],
            [
              88.112784375,
              27.8521328125
            ],
            [
              88.112784375,
              27.852093749999998
            ],
            [
              88.11270625,
              27.852093749999998
            ],
            [
              88.11270625,
              27.8520546875
            ],
            [
              88.1126671875,
              27.8520546875
            ],
            [
              88.1126671875,
              27.852015625
            ],
            [
              88.112628125,
              27.852015625
            ],
            [
              88.112628125,
              27.8519765625
            ],
            [
              88.1126671875,
              27.8519765625
            ],
            [
              88.1126671875,
              27.8518203125
            ],
            [
              88.11270625,
              27.8518203125
            ],
            [
              88.11270625,
              27.8516640625
            ],
            [
              88.1127453125,
              27.8516640625
            ],
            [
              88.1127453125,
              27.8513125
            ],
            [
              88.11270625,
              27.8513125
            ],
            [
              88.11270625,
              27.8511953125
            ],
            [
              88.1127453125,
              27.8511953125
            ],
            [
              88.1127453125,
              27.85115625
            ],
            [
              88.112784375,
              27.85115625
            ],
            [
              88.112784375,
              27.851117187499998
            ],
            [
              88.1128625,
              27.851117187499998
            ],
            [
              88.1128625,
              27.851078125
            ],
            [
              88.1129015625,
              27.851078125
            ],
            [
              88.1129015625,
              27.851
            ],
            [
              88.11364375,
              27.851
            ],
            [
              88.11364375,
              27.851078125
            ],
            [
              88.1138,
              27.851078125
            ],
            [
              88.1138,
              27.851117187499998
            ],
            [
              88.1139953125,
              27.851117187499998
            ],
            [
              88.1139953125,
              27.85115625
            ],
            [
              88.1141515625,
              27.85115625
            ],
            [
              88.1141515625,
              27.8511953125
            ],
            [
              88.1143078125,
              27.8511953125
            ],
            [
              88.1143078125,
              27.85115625
            ],
            [
              88.1146203125,
              27.85115625
            ],
            [
              88.1146203125,
              27.8511953125
            ],
            [
              88.114659375,
              27.8511953125
            ],
            [
              88.114659375,
              27.85115625
            ],
            [
              88.11520625,
              27.85115625
            ],
            [
              88.11520625,
              27.8511953125
            ],
            [
              88.1153625,
              27.8511953125
            ],
            [
              88.1153625,
              27.851234375
            ],
            [
              88.115440625,
              27.851234375
            ],
            [
              88.115440625,
              27.851273437499998
            ],
            [
              88.1153234375,
              27.851273437499998
            ],
            [
              88.1153234375,
              27.8513125
            ],
            [
              88.1152453125,
              27.8513125
            ],
            [
              88.1152453125,
              27.8513515625
            ],
            [
              88.11520625,
              27.8513515625
            ],
            [
              88.11520625,
              27.851390625
            ],
            [
              88.115128125,
              27.851390625
            ],
            [
              88.115128125,
              27.851429687499998
            ],
            [
              88.1150109375,
              27.851429687499998
            ],
            [
              88.1150109375,
              27.85146875
            ],
            [
              88.1147765625,
              27.85146875
            ],
            [
              88.1147765625,
              27.851429687499998
            ],
            [
              88.1146984375,
              27.851429687499998
            ],
            [
              88.1146984375,
              27.851390625
            ],
            [
              88.1146203125,
              27.851390625
            ],
            [
              88.1146203125,
              27.851429687499998
            ],
            [
              88.1141515625,
              27.851429687499998
            ],
            [
              88.1141515625,
              27.85146875
            ],
            [
              88.1141125,
              27.85146875
            ],
            [
              88.1141125,
              27.851546875
            ],
            [
              88.1140734375,
              27.851546875
            ],
            [
              88.1140734375,
              27.852015625
            ],
            [
              88.114034375,
              27.852015625
            ],
            [
              88.114034375,
              27.852093749999998
            ],
            [
              88.1139953125,
              27.852093749999998
            ],
            [
              88.1139953125,
              27.852171875
            ],
            [
              88.11395625,
              27.852171875
            ],
            [
              88.11395625,
              27.852249999999998
            ],
            [
              88.1139171875,
              27.852249999999998
            ],
            [
              88.1139171875,
              27.852328125
            ],
            [
              88.113878125,
              27.852328125
            ],
            [
              88.113878125,
              27.8523671875
            ],
            [
              88.1138390625,
              27.8523671875
            ],
            [
              88.1138390625,
              27.8524453125
            ],
            [
              88.1138,
              27.8524453125
            ],
            [
              88.1138,
              27.852484375
            ],
            [
              88.1137609375,
              27.852484375
            ],
            [
              88.1137609375,
              27.8525234375
            ],
            [
              88.113721875,
              27.8525234375
            ],
            [
              88.113721875,
              27.852562499999998
            ],
            [
              88.1134875,
              27.852562499999998
            ],
            [
              88.1134875,
              27.8526015625
            ],
            [
              88.113409375,
              27.8526015625
            ]
          ]
        ]
      },
      "properties": {
        "building_id": 30,
        "damage_tier": "no-damage",
        "confidence": 0.554
      }
    }
  ]
}