{
  "type": "FeatureCollection",
  "features": [
    {
      "type": "Feature",
      "geometry": {
        "type": "Polygon",
        "coordinates": [
          [
            [
              85.39454453125,
              27.76965625
            ],
            [
              85.39454453125,
              27.769626953125
            ],
            [
              85.394515234375,
              27.769626953125
            ],
            [
              85.394515234375,
              27.769597656250003
            ],
            [
              85.39448593750001,
              27.769597656250003
            ],
            [
              85.39448593750001,
              27.769246093750002
            ],
            [
              85.39445664062501,
              27.769246093750002
            ],
            [
              85.39445664062501,
              27.769128906250003
            ],
            [
              85.39448593750001,
              27.769128906250003
            ],
            [
              85.39448593750001,
              27.769070312500002
            ],
            [
              85.394515234375,
              27.769070312500002
            ],
            [
              85.394515234375,
              27.769041015625003
            ],
            [
              85.39454453125,
              27.769041015625003
            ],
            [
              85.39454453125,
              27.76901171875
            ],
            [
              85.394632421875,
              27.76901171875
            ],
            [
              85.394632421875,
              27.768982421875002
            ],
            [
              85.394691015625,
              27.768982421875002
            ],
            [
              85.394691015625,
              27.76901171875
            ],
            [
              85.3947203125,
              27.76901171875
            ],
            [
              85.3947203125,
              27.769070312500002
            ],
            [
              85.394749609375,
              27.769070312500002
            ],
            [
              85.394749609375,
              27.769158203125002
            ],
            [
              85.3947203125,
              27.769158203125002
            ],
            [
              85.3947203125,
              27.7691875
            ],
            [
              85.394691015625,
              27.7691875
            ],
            [
              85.394691015625,
              27.769216796875003
            ],
            [
              85.39466171875,
              27.769216796875003
            ],
            [
              85.39466171875,
              27.769275390625
            ],
            [
              85.394691015625,
              27.769275390625
            ],
            [
              85.394691015625,
              27.769304687500004
            ],
            [
              85.3947203125,
              27.769304687500004
            ],
            [
              85.3947203125,
              27.769333984375002
            ],
            [
              85.394749609375,
              27.769333984375002
            ],
            [
              85.394749609375,
              27.76936328125
            ],
            [
              85.39477890625,
              27.76936328125
            ],
            [
              85.39477890625,
              27.769509765625003
            ],
            [
              85.394749609375,
              27.769509765625003
            ],
            [
              85.394749609375,
              27.769597656250003
            ],
            [
              85.3947203125,
              27.769597656250003
            ],
            [
              85.3947203125,
              27.769626953125
            ],
            [
              85.39466171875,
              27.769626953125
            ],
            [
              85.39466171875,
              27.76965625
            ],
            [
              85.39454453125,
              27.76965625
            ]
          ]
        ]
      },
      "properties": {
        "building_id": 0,
        "damage_tier": "no-damage",
        "confidence": 0.647
      }
    },
    {
      "type": "Feature",
      "geometry": {
        "type": "Polygon",
        "coordinates": [
          [
            [
              85.39486679687501,
              27.762302734375
            ],
            [
              85.39486679687501,
              27.762273437500003
            ],
            [
              85.39483750000001,
              27.762273437500003
            ],
            [
              85.39483750000001,
              27.762244140625
            ],
            [
              85.394808203125,
              27.762244140625
            ],
            [
              85.394808203125,
              27.76221484375
            ],
            [
              85.39486679687501,
              27.76221484375
            ],
            [
              85.39486679687501,
              27.762185546875003
            ],
            [
              85.394925390625,
              27.762185546875003
            ],
            [
              85.394925390625,
              27.762302734375
            ],
            [
              85.39486679687501,
              27.762302734375
            ]
          ]
        ]
      },
      "properties": {
        "building_id": 1,
        "damage_tier": "no-damage",
        "confidence": 0.902
      }
    },
    {
      "type": "Feature",
      "geometry": {
        "type": "Polygon",
        "coordinates": [
          [
            [
              85.39641953125,
              27.761306640625
            ],
            [
              85.39641953125,
              27.761277343750002
            ],
            [
              85.3963609375,
              27.761277343750002
            ],
            [
              85.3963609375,
              27.761248046875
            ],
            [
              85.39630234375001,
              27.761248046875
            ],
            [
              85.39630234375001,
              27.76121875
            ],
            [
              85.396273046875,
              27.76121875
            ],
            [
              85.396273046875,
              27.761189453125002
            ],
            [
              85.39624375,
              27.761189453125002
            ],
            [
              85.39624375,
              27.761101562500002
            ],
            [
              85.396214453125,
              27.761101562500002
            ],
            [
              85.396214453125,
              27.760984375000003
            ],
            [
              85.39624375,
              27.760984375000003
            ],
            [
              85.39624375,
              27.760808593750003
            ],
            [
              85.396273046875,
              27.760808593750003
            ],
            [
              85.396273046875,
              27.76075
            ],
            [
              85.39630234375001,
              27.76075
            ],
            [
              85.39630234375001,
              27.760720703125003
            ],
            [
              85.39633164062501,
              27.760720703125003
            ],
            [
              85.39633164062501,
              27.760662109375
            ],
            [
              85.3963609375,
              27.760662109375
            ],
            [
              85.3963609375,
              27.760544921875002
            ],
            [
              85.39633164062501,
              27.760544921875002
            ],
            [
              85.39633164062501,
              27.760486328125
            ],
            [
              85.39630234375001,
              27.760486328125
            ],
            [
              85.39630234375001,
              27.760457031250002
            ],
            [
              85.396273046875,
              27.760457031250002
            ],
            [
              85.396273046875,
              27.760427734375
            ],
            [
              85.39624375,
              27.760427734375
            ],
            [
              85.39624375,
              27.760134765625
            ],
            [
              85.396214453125,
              27.760134765625
            ],
            [
              85.396214453125,
              27.760046875
            ],
            [
              85.39618515625,
              27.760046875
            ],
            [
              85.39618515625,
              27.7599296875
            ],
            [
              85.396214453125,
              27.7599296875
            ],
            [
              85.396214453125,
              27.759900390625003
            ],
            [
              85.39624375,
              27.759900390625003
            ],
            [
              85.39624375,
              27.75987109375
            ],
            [
              85.396273046875,
              27.75987109375
            ],
            [
              85.396273046875,
              27.759841796875
            ],
            [
              85.3963609375,
              27.759841796875
            ],
            [
              85.3963609375,
              27.759812500000002
            ],
            [
              85.396448828125,
              27.759812500000002
            ],
            [
              85.396448828125,
              27.759783203125
            ],
            [
              85.396478125,
              27.759783203125
            ],
            [
              85.396478125,
              27.75975390625
            ],
            [
              85.39653671875,
              27.75975390625
            ],
            [
              85.39653671875,
              27.759724609375002
            ],
            [
              85.396566015625,
              27.759724609375002
            ],
            [
              85.396566015625,
              27.7596953125
            ],
            [
              85.3965953125,
              27.7596953125
            ],
            [
              85.3965953125,
              27.759636718750002
            ],
            [
              85.396624609375,
              27.759636718750002
            ],
            [
              85.396624609375,
              27.759548828125002
            ],
            [
              85.39665390625001,
              27.759548828125002
            ],
            [
              85.39665390625001,
              27.759519531250003
            ],
            [
              85.39668320312501,
              27.759519531250003
            ],
            [
              85.39668320312501,
              27.759490234375
            ],
            [
              85.3967125,
              27.759490234375
            ],
            [
              85.3967125,
              27.759460937500002
            ],
            [
              85.396741796875,
              27.759460937500002
            ],
            [
              85.396741796875,
              27.759431640625003
            ],
            [
              85.39677109375,
              27.759431640625003
            ],
            [
              85.39677109375,
              27.759373046875
            ],
            [
              85.396858984375,
              27.759373046875
            ],
            [
              85.396858984375,
              27.759343750000003
            ],
            [
              85.397093359375,
              27.759343750000003
            ],
            [
              85.397093359375,
              27.759314453125
            ],
            [
              85.39718125,
              27.759314453125
            ],
            [
              85.39718125,
              27.75928515625
            ],
            [
              85.397210546875,
              27.75928515625
            ],
            [
              85.397210546875,
              27.759255859375003
            ],
            [
              85.39723984375,
              27.759255859375003
            ],
            [
              85.39723984375,
              27.7592265625
            ],
            [
              85.397269140625,
              27.7592265625
            ],
            [
              85.397269140625,
              27.759197265625
            ],
            [
              85.397327734375,
              27.759197265625
            ],
            [
              85.397327734375,
              27.759167968750003
            ],
            [
              85.397444921875,
              27.759167968750003
            ],
            [
              85.397444921875,
              27.759138671875
            ],
            [
              85.397562109375,
              27.759138671875
            ],
            [
              85.397562109375,
              27.759167968750003
            ],
            [
              85.397679296875,
              27.759167968750003
            ],
            [
              85.397679296875,
              27.759197265625
            ],
            [
              85.39782578125,
              27.759197265625
            ],
            [
              85.39782578125,
              27.7592265625
            ],
            [
              85.397913671875,
              27.7592265625
            ],
            [
              85.397913671875,
              27.759255859375003
            ],
            [
              85.397972265625,
              27.759255859375003
            ],
            [
              85.397972265625,
              27.75928515625
            ],
            [
              85.3980015625,
              27.75928515625
            ],
            [
              85.3980015625,
              27.759666015625
            ],
            [
              85.397972265625,
              27.759666015625
            ],
            [
              85.397972265625,
              27.75975390625
            ],
            [
              85.39794296875,
              27.75975390625
            ],
            [
              85.39794296875,
              27.759783203125
            ],
            [
              85.397884375,
              27.759783203125
            ],
            [
              85.397884375,
              27.759812500000002
            ],
            [
              85.39782578125,
              27.759812500000002
            ],
            [
              85.39782578125,
              27.759841796875
            ],
            [
              85.39779648437501,
              27.759841796875
            ],
            [
              85.39779648437501,
              27.75987109375
            ],
            [
              85.39776718750001,
              27.75987109375
            ],
            [
              85.39776718750001,
              27.759900390625003
            ],
            [
              85.39770859375,
              27.759900390625003
            ],
            [
              85.39770859375,
              27.7599296875
            ],
            [
              85.39765,
              27.7599296875
            ],
            [
              85.39765,
              27.759958984375
            ],
            [
              85.39759140625,
              27.759958984375
            ],
            [
              85.39759140625,
              27.759988281250003
            ],
            [
              85.397562109375,
              27.759988281250003
            ],
            [
              85.397562109375,
              27.760017578125
            ],
            [
              85.3975328125,
              27.760017578125
            ],
            [
              85.3975328125,
              27.760046875
            ],
            [
              85.397503515625,
              27.760046875
            ],
            [
              85.397503515625,
              27.760076171875003
            ],
            [
              85.39747421875,
              27.760076171875003
            ],
            [
              85.39747421875,
              27.760134765625
            ],
            [
              85.397444921875,
              27.760134765625
            ],
            [
              85.397444921875,
              27.76022265625
            ],
            [
              85.39741562500001,
              27.76022265625
            ],
            [
              85.39741562500001,
              27.760251953125003
            ],
            [
              85.39738632812501,
              27.760251953125003
            ],
            [
              85.39738632812501,
              27.760281250000002
            ],
            [
              85.39735703125,
              27.760281250000002
            ],
            [
              85.39735703125,
              27.760310546875
            ],
            [
              85.3972984375,
              27.760310546875
            ],
            [
              85.3972984375,
              27.760339843750003
            ],
            [
              85.39723984375,
              27.760339843750003
            ],
            [
              85.39723984375,
              27.760369140625002
            ],
            [
              85.397210546875,
              27.760369140625002
            ],
            [
              85.397210546875,
              27.7603984375
            ],
            [
              85.39718125,
              27.7603984375
            ],
            [
              85.39718125,
              27.760427734375
            ],
            [
              85.397151953125,
              27.760427734375
            ],
            [
              85.397151953125,
              27.760457031250002
            ],
            [
              85.39718125,
              27.760457031250002
            ],
            [
              85.39718125,
              27.760515625
            ],
            [
              85.397210546875,
              27.760515625
            ],
            [
              85.397210546875,
              27.760544921875002
            ],
            [
              85.39723984375,
              27.760544921875002
            ],
            [
              85.39723984375,
              27.760603515625
            ],
            [
              85.397269140625,
              27.760603515625
            ],
            [
              85.397269140625,
              27.760662109375
            ],
            [
              85.3972984375,
              27.760662109375
            ],
            [
              85.3972984375,
              27.76075
            ],
            [
              85.397269140625,
              27.76075
            ],
            [
              85.397269140625,
              27.760779296875
            ],
            [
              85.39723984375,
              27.760779296875
            ],
            [
              85.39723984375,
              27.760837890625
            ],
            [
              85.397210546875,
              27.760837890625
            ],
            [
              85.397210546875,
              27.7608671875
            ],
            [
              85.397151953125,
              27.7608671875
            ],
            [
              85.397151953125,
              27.760896484375003
            ],
            [
              85.396976171875,
              27.760896484375003
            ],
            [
              85.396976171875,
              27.760925781250002
            ],
            [
              85.39688828125,
              27.760925781250002
            ],
            [
              85.39688828125,
              27.760955078125
            ],
            [
              85.396858984375,
              27.760955078125
            ],
            [
              85.396858984375,
              27.760984375000003
            ],
            [
              85.3968296875,
              27.760984375000003
            ],
            [
              85.3968296875,
              27.76104296875
            ],
            [
              85.396800390625,
              27.76104296875
            ],
            [
              85.396800390625,
              27.76116015625
            ],
            [
              85.39677109375,
              27.76116015625
            ],
            [
              85.39677109375,
              27.761189453125002
            ],
            [
              85.3967125,
              27.761189453125002
            ],
            [
              85.3967125,
              27.76121875
            ],
            [
              85.39665390625001,
              27.76121875
            ],
            [
              85.39665390625001,
              27.761248046875
            ],
            [
              85.3965953125,
              27.761248046875
            ],
            [
              85.3965953125,
              27.761277343750002
            ],
            [
              85.396566015625,
              27.761277343750002
            ],
            [
              85.396566015625,
              27.761306640625
            ],
            [
              85.39641953125,
              27.761306640625
            ]
          ]
        ]
      },
      "properties": {
        "building_id": 10,
        "damage_tier": "no-damage",
        "confidence": 0.962
      }
    },
    {
      "type": "Feature",
      "geometry": {
        "type": "Polygon",
        "coordinates": [
          [
            [
              85.394046484375,
              27.759548828125002
            ],
            [
              85.394046484375,
              27.759519531250003
            ],
            [
              85.3940171875,
              27.759519531250003
            ],
            [
              85.3940171875,
              27.759460937500002
            ],
            [
              85.393987890625,
              27.759460937500002
            ],
            [
              85.393987890625,
              27.75893359375
            ],
            [
              85.3940171875,
              27.75893359375
            ],
            [
              85.3940171875,
              27.758904296875002
            ],
            [
              85.394046484375,
              27.758904296875002
            ],
            [
              85.394046484375,
              27.758845703125
            ],
            [
              85.39410507812501,
              27.758845703125
            ],
            [
              85.39410507812501,
              27.758875000000003
            ],
            [
              85.394163671875,
              27.758875000000003
            ],
            [
              85.394163671875,
              27.758904296875002
            ],
            [
              85.39431015625,
              27.758904296875002
            ],
            [
              85.39431015625,
              27.75893359375
            ],
            [
              85.394339453125,
              27.75893359375
            ],
            [
              85.394339453125,
              27.758962890625
            ],
            [
              85.394398046875,
              27.758962890625
            ],
            [
              85.394398046875,
              27.758992187500002
            ],
            [
              85.394515234375,
              27.758992187500002
            ],
            [
              85.394515234375,
              27.759021484375
            ],
            [
              85.39466171875,
              27.759021484375
            ],
            [
              85.39466171875,
              27.758992187500002
            ],
            [
              85.394691015625,
              27.758992187500002
            ],
            [
              85.394691015625,
              27.758962890625
            ],
            [
              85.394749609375,
              27.758962890625
            ],
            [
              85.394749609375,
              27.75893359375
            ],
            [
              85.39483750000001,
              27.75893359375
            ],
            [
              85.39483750000001,
              27.758962890625
            ],
            [
              85.39489609375,
              27.758962890625
            ],
            [
              85.39489609375,
              27.759080078125002
            ],
            [
              85.39483750000001,
              27.759080078125002
            ],
            [
              85.39483750000001,
              27.759109375
            ],
            [
              85.39466171875,
              27.759109375
            ],
            [
              85.39466171875,
              27.759197265625
            ],
            [
              85.394632421875,
              27.759197265625
            ],
            [
              85.394632421875,
              27.759343750000003
            ],
            [
              85.394603125,
              27.759343750000003
            ],
            [
              85.394603125,
              27.759431640625003
            ],
            [
              85.394573828125,
              27.759431640625003
            ],
            [
              85.394573828125,
              27.759490234375
            ],
            [
              85.39454453125,
              27.759490234375
            ],
            [
              85.39454453125,
              27.759519531250003
            ],
            [
              85.39448593750001,
              27.759519531250003
            ],
            [
              85.39448593750001,
              27.759548828125002
            ],
            [
              85.394046484375,
              27.759548828125002
            ]
          ]
        ]
      },
      "properties": {
        "building_id": 12,
        "damage_tier": "no-damage",
        "confidence": 0.957
      }
    },
    {
      "type": "Feature",
      "geometry": {
        "type": "Polygon",
        "coordinates": [
          [
            [
              85.394046484375,
              27.758728515625002
            ],
            [
              85.394046484375,
              27.758494140625
            ],
            [
              85.39410507812501,
              27.758494140625
            ],
            [
              85.39410507812501,
              27.758699218750003
            ],
            [
              85.39407578125,
              27.758699218750003
            ],
            [
              85.39407578125,
              27.758728515625002
            ],
            [
              85.394046484375,
              27.758728515625002
            ]
          ]
        ]
      },
      "properties": {
        "building_id": 15,
        "damage_tier": "no-damage",
        "confidence": 0.97
      }
    },
    {
      "type": "Feature",
      "geometry": {
        "type": "Polygon",
        "coordinates": [
          [
            [
              85.397503515625,
              27.758845703125
            ],
            [
              85.397503515625,
              27.758816406250002
            ],
            [
              85.397444921875,
              27.758816406250002
            ],
            [
              85.397444921875,
              27.758787109375003
            ],
            [
              85.39741562500001,
              27.758787109375003
            ],
            [
              85.39741562500001,
              27.758728515625002
            ],
            [
              85.39735703125,
              27.758728515625002
            ],
            [
              85.39735703125,
              27.758611328125003
            ],
            [
              85.397327734375,
              27.758611328125003
            ],
            [
              85.397327734375,
              27.758376953125
            ],
            [
              85.39735703125,
              27.758376953125
            ],
            [
              85.39735703125,
              27.758318359375
            ],
            [
              85.39738632812501,
              27.758318359375
            ],
            [
              85.39738632812501,
              27.7582890625
            ],
            [
              85.39741562500001,
              27.7582890625
            ],
            [
              85.39741562500001,
              27.758259765625002
            ],
            [
              85.397444921875,
              27.758259765625002
            ],
            [
              85.397444921875,
              27.75823046875
            ],
            [
              85.39747421875,
              27.75823046875
            ],
            [
              85.39747421875,
              27.758201171875
            ],
            [
              85.397562109375,
              27.758201171875
            ],
            [
              85.397562109375,
              27.758171875000002
            ],
            [
              85.397855078125,
              27.758171875000002
            ],
            [
              85.397855078125,
              27.758201171875
            ],
            [
              85.39794296875,
              27.758201171875
            ],
            [
              85.39794296875,
              27.75823046875
            ],
            [
              85.397972265625,
              27.75823046875
            ],
            [
              85.397972265625,
              27.758347656250002
            ],
            [
              85.3980015625,
              27.758347656250002
            ],
            [
              85.3980015625,
              27.758640625
            ],
            [
              85.397972265625,
              27.758640625
            ],
            [
              85.397972265625,
              27.758699218750003
            ],
            [
              85.39794296875,
              27.758699218750003
            ],
            [
              85.39794296875,
              27.758728515625002
            ],
            [
              85.397913671875,
              27.758728515625002
            ],
            [
              85.397913671875,
              27.7587578125
            ],
            [
              85.397884375,
              27.7587578125
            ],
            [
              85.397884375,
              27.758787109375003
            ],
            [
              85.397855078125,
              27.758787109375003
            ],
            [
              85.397855078125,
              27.758816406250002
            ],
            [
              85.39776718750001,
              27.758816406250002
            ],
            [
              85.39776718750001,
              27.758845703125
            ],
            [
              85.397503515625,
              27.758845703125
            ]
          ]
        ]
      },
      "properties": {
        "building_id": 16,
        "damage_tier": "no-damage",
        "confidence": 0.988
      }
    },
    {
      "type": "Feature",
      "geometry": {
        "type": "Polygon",
        "coordinates": [
          [
            [
              85.3965953125,
              27.758875000000003
            ],
            [
              85.3965953125,
              27.758845703125
            ],
            [
              85.39653671875,
              27.758845703125
            ],
            [
              85.39653671875,
              27.758816406250002
            ],
            [
              85.396507421875,
              27.758816406250002
            ],
            [
              85.396507421875,
              27.758728515625002
            ],
            [
              85.396478125,
              27.758728515625002
            ],
            [
              85.396478125,
              27.758669921875
            ],
            [
              85.396448828125,
              27.758669921875
            ],
            [
              85.396448828125,
              27.758640625
            ],
            [
              85.39641953125,
              27.758640625
            ],
            [
              85.39641953125,
              27.758611328125003
            ],
            [
              85.396214453125,
              27.758611328125003
            ],
            [
              85.396214453125,
              27.758640625
            ],
            [
              85.39618515625,
              27.758640625
            ],
            [
              85.39618515625,
              27.758611328125003
            ],
            [
              85.396097265625,
              27.758611328125003
            ],
            [
              85.396097265625,
              27.75858203125
            ],
            [
              85.39606796875,
              27.75858203125
            ],
            [
              85.39606796875,
              27.758523437500003
            ],
            [
              85.396038671875,
              27.758523437500003
            ],
            [
              85.396038671875,
              27.7582890625
            ],
            [
              85.39606796875,
              27.7582890625
            ],
            [
              85.39606796875,
              27.758171875000002
            ],
            [
              85.396097265625,
              27.758171875000002
            ],
            [
              85.396097265625,
              27.758142578125
            ],
            [
              85.3961265625,
              27.758142578125
            ],
            [
              85.3961265625,
              27.758083984375002
            ],
            [
              85.396155859375,
              27.758083984375002
            ],
            [
              85.396155859375,
              27.758025390625
            ],
            [
              85.39624375,
              27.758025390625
            ],
            [
              85.39624375,
              27.758054687500003
            ],
            [
              85.396273046875,
              27.758054687500003
            ],
            [
              85.396273046875,
              27.758083984375002
            ],
            [
              85.39633164062501,
              27.758083984375002
            ],
            [
              85.39633164062501,
              27.758025390625
            ],
            [
              85.3963609375,
              27.758025390625
            ],
            [
              85.3963609375,
              27.757996093750002
            ],
            [
              85.396390234375,
              27.757996093750002
            ],
            [
              85.396390234375,
              27.7579375
            ],
            [
              85.39641953125,
              27.7579375
            ],
            [
              85.39641953125,
              27.757849609375
            ],
            [
              85.396448828125,
              27.757849609375
            ],
            [
              85.396448828125,
              27.757791015625003
            ],
            [
              85.396478125,
              27.757791015625003
            ],
            [
              85.396478125,
              27.757732421875
            ],
            [
              85.396507421875,
              27.757732421875
            ],
            [
              85.396507421875,
              27.757673828125
            ],
            [
              85.39653671875,
              27.757673828125
            ],
            [
              85.39653671875,
              27.757615234375002
            ],
            [
              85.3965953125,
              27.757615234375002
            ],
            [
              85.3965953125,
              27.7575859375
            ],
            [
              85.39665390625001,
              27.7575859375
            ],
            [
              85.39665390625001,
              27.757556640625
            ],
            [
              85.39668320312501,
              27.757556640625
            ],
            [
              85.39668320312501,
              27.757527343750002
            ],
            [
              85.3967125,
              27.757527343750002
            ],
            [
              85.3967125,
              27.757498046875
            ],
            [
              85.396800390625,
              27.757498046875
            ],
            [
              85.396800390625,
              27.75746875
            ],
            [
              85.396917578125,
              27.75746875
            ],
            [
              85.396917578125,
              27.757439453125002
            ],
            [
              85.39703476562501,
              27.757439453125002
            ],
            [
              85.39703476562501,
              27.75746875
            ],
            [
              85.397151953125,
              27.75746875
            ],
            [
              85.397151953125,
              27.757498046875
            ],
            [
              85.39718125,
              27.757498046875
            ],
            [
              85.39718125,
              27.757527343750002
            ],
            [
              85.397210546875,
              27.757527343750002
            ],
            [
              85.397210546875,
              27.757703125000003
            ],
            [
              85.39718125,
              27.757703125000003
            ],
            [
              85.39718125,
              27.757791015625003
            ],
            [
              85.397151953125,
              27.757791015625003
            ],
            [
              85.397151953125,
              27.7578203125
            ],
            [
              85.39712265625,
              27.7578203125
            ],
            [
              85.39712265625,
              27.757849609375
            ],
            [
              85.39706406250001,
              27.757849609375
            ],
            [
              85.39706406250001,
              27.757878906250003
            ],
            [
              85.39703476562501,
              27.757878906250003
            ],
            [
              85.39703476562501,
              27.757908203125
            ],
            [
              85.396946875,
              27.757908203125
            ],
            [
              85.396946875,
              27.7579375
            ],
            [
              85.396858984375,
              27.7579375
            ],
            [
              85.396858984375,
              27.757966796875003
            ],
            [
              85.396741796875,
              27.757966796875003
            ],
            [
              85.396741796875,
              27.757996093750002
            ],
            [
              85.39668320312501,
              27.757996093750002
            ],
            [
              85.39668320312501,
              27.758025390625
            ],
            [
              85.39665390625001,
              27.758025390625
            ],
            [
              85.39665390625001,
              27.758054687500003
            ],
            [
              85.396624609375,
              27.758054687500003
            ],
            [
              85.396624609375,
              27.758083984375002
            ],
            [
              85.3965953125,
              27.758083984375002
            ],
            [
              85.3965953125,
              27.758259765625002
            ],
            [
              85.396566015625,
              27.758259765625002
            ],
            [
              85.396566015625,
              27.758318359375
            ],
            [
              85.39653671875,
              27.758318359375
            ],
            [
              85.39653671875,
              27.758347656250002
            ],
            [
              85.396507421875,
              27.758347656250002
            ],
            [
              85.396507421875,
              27.758376953125
            ],
            [
              85.39653671875,
              27.758376953125
            ],
            [
              85.39653671875,
              27.75846484375
            ],
            [
              85.3965953125,
              27.75846484375
            ],
            [
              85.3965953125,
              27.758494140625
            ],
            [
              85.39665390625001,
              27.758494140625
            ],
            [
              85.39665390625001,
              27.758523437500003
            ],
            [
              85.39668320312501,
              27.758523437500003
            ],
            [
              85.39668320312501,
              27.75858203125
            ],
            [
              85.3967125,
              27.75858203125
            ],
            [
              85.3967125,
              27.758611328125003
            ],
            [
              85.39677109375,
              27.758611328125003
            ],
            [
              85.39677109375,
              27.758640625
            ],
            [
              85.396800390625,
              27.758640625
            ],
            [
              85.396800390625,
              27.758699218750003
            ],
            [
              85.3968296875,
              27.758699218750003
            ],
            [
              85.3968296875,
              27.758816406250002
            ],
            [
              85.396800390625,
              27.758816406250002
            ],
            [
              85.396800390625,
              27.758845703125
            ],
            [
              85.3967125,
              27.758845703125
            ],
            [
              85.3967125,
              27.758875000000003
            ],
            [
              85.3965953125,
              27.758875000000003
            ]
          ]
        ]
      },
      "properties": {
        "building_id": 20,
        "damage_tier": "no-damage",
        "confidence": 0.985
      }
    },
    {
      "type": "Feature",
      "geometry": {
        "type": "Polygon",
        "coordinates": [
          [
            [
              85.3947203125,
              27.757351562500002
            ],
            [
              85.3947203125,
              27.757322265625003
            ],
            [
              85.39466171875,
              27.757322265625003
            ],
            [
              85.39466171875,
              27.75729296875
            ],
            [
              85.394632421875,
              27.75729296875
            ],
            [
              85.394632421875,
              27.757263671875002
            ],
            [
              85.394603125,
              27.757263671875002
            ],
            [
              85.394603125,
              27.757234375000003
            ],
            [
              85.394573828125,
              27.757234375000003
            ],
            [
              85.394573828125,
              27.757205078125
            ],
            [
              85.394515234375,
              27.757205078125
            ],
            [
              85.394515234375,
              27.75717578125
            ],
            [
              85.39448593750001,
              27.75717578125
            ],
            [
              85.39448593750001,
              27.757146484375003
            ],
            [
              85.394515234375,
              27.757146484375003
            ],
            [
              85.394515234375,
              27.7571171875
            ],
            [
              85.394632421875,
              27.7571171875
            ],
            [
              85.394632421875,
              27.757146484375003
            ],
            [
              85.39466171875,
              27.757146484375003
            ],
            [
              85.39466171875,
              27.7571171875
            ],
            [
              85.394691015625,
              27.7571171875
            ],
            [
              85.394691015625,
              27.757087890625
            ],
            [
              85.3947203125,
              27.757087890625
            ],
            [
              85.3947203125,
              27.757029296875
            ],
            [
              85.394749609375,
              27.757029296875
            ],
            [
              85.394749609375,
              27.756912109375
            ],
            [
              85.39477890625,
              27.756912109375
            ],
            [
              85.39477890625,
              27.75694140625
            ],
            [
              85.394808203125,
              27.75694140625
            ],
            [
              85.394808203125,
              27.7571171875
            ],
            [
              85.39483750000001,
              27.7571171875
            ],
            [
              85.39483750000001,
              27.757322265625003
            ],
            [
              85.394808203125,
              27.757322265625003
            ],
            [
              85.394808203125,
              27.757351562500002
            ],
            [
              85.3947203125,
              27.757351562500002
            ]
          ]
        ]
      },
      "properties": {
        "building_id": 23,
        "damage_tier": "no-damage",
        "confidence": 0.991
      }
    },
    {
      "type": "Feature",
      "geometry": {
        "type": "Polygon",
        "coordinates": [
          [
            [
              85.3987046875,
              27.757234375000003
            ],
            [
              85.3987046875,
              27.757205078125
            ],
            [
              85.39849960937501,
              27.757205078125
            ],
            [
              85.39849960937501,
              27.75717578125
            ],
            [
              85.3984703125,
              27.75717578125
            ],
            [
              85.3984703125,
              27.757146484375003
            ],
            [
              85.398441015625,
              27.757146484375003
            ],
            [
              85.398441015625,
              27.7571171875
            ],
            [
              85.39841171875,
              27.7571171875
            ],
            [
              85.39841171875,
              27.757087890625
            ],
            [
              85.398382421875,
              27.757087890625
            ],
            [
              85.398382421875,
              27.757
            ],
            [
              85.39841171875,
              27.757
            ],
            [
              85.39841171875,
              27.756912109375
            ],
            [
              85.398441015625,
              27.756912109375
            ],
            [
              85.398441015625,
              27.756853515625
            ],
            [
              85.3984703125,
              27.756853515625
            ],
            [
              85.3984703125,
              27.756794921875002
            ],
            [
              85.39849960937501,
              27.756794921875002
            ],
            [
              85.39849960937501,
              27.756707031250002
            ],
            [
              85.39852890625001,
              27.756707031250002
            ],
            [
              85.39852890625001,
              27.756677734375
            ],
            [
              85.398558203125,
              27.756677734375
            ],
            [
              85.398558203125,
              27.7566484375
            ],
            [
              85.3985875,
              27.7566484375
            ],
            [
              85.3985875,
              27.756619140625002
            ],
            [
              85.39864609375,
              27.756619140625002
            ],
            [
              85.39864609375,
              27.756589843750003
            ],
            [
              85.39876328125,
              27.756589843750003
            ],
            [
              85.39876328125,
              27.756560546875
            ],
            [
              85.398792578125,
              27.756560546875
            ],
            [
              85.398792578125,
              27.756501953125003
            ],
            [
              85.398821875,
              27.756501953125003
            ],
            [
              85.398821875,
              27.756326171875003
            ],
            [
              85.39885117187501,
              27.756326171875003
            ],
            [
              85.39885117187501,
              27.756296875
            ],
            [
              85.39888046875001,
              27.756296875
            ],
            [
              85.39888046875001,
              27.756414062500003
            ],
            [
              85.398909765625,
              27.756414062500003
            ],
            [
              85.398909765625,
              27.756531250000002
            ],
            [
              85.39888046875001,
              27.756531250000002
            ],
            [
              85.39888046875001,
              27.756619140625002
            ],
            [
              85.398909765625,
              27.756619140625002
            ],
            [
              85.398909765625,
              27.756707031250002
            ],
            [
              85.39888046875001,
              27.756707031250002
            ],
            [
              85.39888046875001,
              27.756794921875002
            ],
            [
              85.39885117187501,
              27.756794921875002
            ],
            [
              85.39885117187501,
              27.75682421875
            ],
            [
              85.398821875,
              27.75682421875
            ],
            [
              85.398821875,
              27.756912109375
            ],
            [
              85.398792578125,
              27.756912109375
            ],
            [
              85.398792578125,
              27.757205078125
            ],
            [
              85.39876328125,
              27.757205078125
            ],
            [
              85.39876328125,
              27.757234375000003
            ],
            [
              85.3987046875,
              27.757234375000003
            ]
          ]
        ]
      },
      "properties": {
        "building_id": 27,
        "damage_tier": "no-damage",
        "confidence": 0.993
      }
    },
    {
      "type": "Feature",
      "geometry": {
        "type": "Polygon",
        "coordinates": [
          [
            [
              85.39486679687501,
              27.756707031250002
            ],
            [
              85.39486679687501,
              27.756619140625002
            ],
            [
              85.39483750000001,
              27.756619140625002
            ],
            [
              85.39483750000001,
              27.756326171875003
            ],
            [
              85.39486679687501,
              27.756326171875003
            ],
            [
              85.39486679687501,
              27.756267578125
            ],
            [
              85.39489609375,
              27.756267578125
            ],
            [
              85.39489609375,
              27.756238281250003
            ],
            [
              85.3949546875,
              27.756238281250003
            ],
            [
              85.3949546875,
              27.756208984375
            ],
            [
              85.395101171875,
              27.756208984375
            ],
            [
              85.395101171875,
              27.756238281250003
            ],
            [
              85.39513046875,
              27.756238281250003
            ],
            [
              85.39513046875,
              27.756296875
            ],
            [
              85.395101171875,
              27.756296875
            ],
            [
              85.395101171875,
              27.756443359375
            ],
            [
              85.395071875,
              27.756443359375
            ],
            [
              85.395071875,
              27.756501953125003
            ],
            [
              85.395042578125,
              27.756501953125003
            ],
            [
              85.395042578125,
              27.756560546875
            ],
            [
              85.39501328125,
              27.756560546875
            ],
            [
              85.39501328125,
              27.756589843750003
            ],
            [
              85.394983984375,
              27.756589843750003
            ],
            [
              85.394983984375,
              27.756677734375
            ],
            [
              85.3949546875,
              27.756677734375
            ],
            [
              85.3949546875,
              27.756707031250002
            ],
            [
              85.39486679687501,
              27.756707031250002
            ]
          ]
        ]
      },
      "properties": {
        "building_id": 28,
        "damage_tier": "no-damage",
        "confidence": 0.996
      }
    },
    {
      "type": "Feature",
      "geometry": {
        "type": "Polygon",
        "coordinates": [
          [
            [
              85.39794296875,
              27.756970703125003
            ],
            [
              85.39794296875,
              27.75694140625
            ],
            [
              85.397855078125,
              27.75694140625
            ],
            [
              85.397855078125,
              27.756912109375
            ],
            [
              85.39782578125,
              27.756912109375
            ],
            [
              85.39782578125,
              27.756882812500002
            ],
            [
              85.39779648437501,
              27.756882812500002
            ],
            [
              85.39779648437501,
              27.756853515625
            ],
            [
              85.39776718750001,
              27.756853515625
            ],
            [
              85.39776718750001,
              27.75682421875
            ],
            [
              85.39779648437501,
              27.75682421875
            ],
            [
              85.39779648437501,
              27.756736328125
            ],
            [
              85.39782578125,
              27.756736328125
            ],
            [
              85.39782578125,
              27.756677734375
            ],
            [
              85.397855078125,
              27.756677734375
            ],
            [
              85.397855078125,
              27.7566484375
            ],
            [
              85.397884375,
              27.7566484375
            ],
            [
              85.397884375,
              27.756560546875
            ],
            [
              85.397913671875,
              27.756560546875
            ],
            [
              85.397913671875,
              27.756501953125003
            ],
            [
              85.39794296875,
              27.756501953125003
            ],
            [
              85.39794296875,
              27.756443359375
            ],
            [
              85.397972265625,
              27.756443359375
            ],
            [
              85.397972265625,
              27.756414062500003
            ],
            [
              85.3980015625,
              27.756414062500003
            ],
            [
              85.3980015625,
              27.756384765625
            ],
            [
              85.398030859375,
              27.756384765625
            ],
            [
              85.398030859375,
              27.756326171875003
            ],
            [
              85.39806015625,
              27.756326171875003
            ],
            [
              85.39806015625,
              27.756296875
            ],
            [
              85.398089453125,
              27.756296875
            ],
            [
              85.398089453125,
              27.756238281250003
            ],
            [
              85.39811875000001,
              27.756238281250003
            ],
            [
              85.39811875000001,
              27.7561796875
            ],
            [
              85.39814804687501,
              27.7561796875
            ],
            [
              85.39814804687501,
              27.75612109375
            ],
            [
              85.39817734375,
              27.75612109375
            ],
            [
              85.39817734375,
              27.756091796875
            ],
            [
              85.398206640625,
              27.756091796875
            ],
            [
              85.398206640625,
              27.756062500000002
            ],
            [
              85.3982359375,
              27.756062500000002
            ],
            [
              85.3982359375,
              27.756033203125
            ],
            [
              85.398265234375,
              27.756033203125
            ],
            [
              85.398265234375,
              27.75600390625
            ],
            [
              85.39829453125,
              27.75600390625
            ],
            [
              85.39829453125,
              27.755974609375002
            ],
            [
              85.398353125,
              27.755974609375002
            ],
            [
              85.398353125,
              27.7559453125
            ],
            [
              85.398382421875,
              27.7559453125
            ],
            [
              85.398382421875,
              27.755916015625
            ],
            [
              85.39841171875,
              27.755916015625
            ],
            [
              85.39841171875,
              27.755886718750002
            ],
            [
              85.3984703125,
              27.755886718750002
            ],
            [
              85.3984703125,
              27.755857421875003
            ],
            [
              85.39852890625001,
              27.755857421875003
            ],
            [
              85.39852890625001,
              27.755828125
            ],
            [
              85.3985875,
              27.755828125
            ],
            [
              85.3985875,
              27.755798828125002
            ],
            [
              85.398616796875,
              27.755798828125002
            ],
            [
              85.398616796875,
              27.755769531250003
            ],
            [
              85.39876328125,
              27.755769531250003
            ],
            [
              85.39876328125,
              27.755798828125002
            ],
            [
              85.398792578125,
              27.755798828125002
            ],
            [
              85.398792578125,
              27.755857421875003
            ],
            [
              85.398821875,
              27.755857421875003
            ],
            [
              85.398821875,
              27.755886718750002
            ],
            [
              85.39888046875001,
              27.755886718750002
            ],
            [
              85.39888046875001,
              27.755916015625
            ],
            [
              85.398909765625,
              27.755916015625
            ],
            [
              85.398909765625,
              27.755974609375002
            ],
            [
              85.3989390625,
              27.755974609375002
            ],
            [
              85.3989390625,
              27.756033203125
            ],
            [
              85.398909765625,
              27.756033203125
            ],
            [
              85.398909765625,
              27.75612109375
            ],
            [
              85.39888046875001,
              27.75612109375
            ],
            [
              85.39888046875001,
              27.756208984375
            ],
            [
              85.39885117187501,
              27.756208984375
            ],
            [
              85.39885117187501,
              27.756238281250003
            ],
            [
              85.398792578125,
              27.756238281250003
            ],
            [
              85.398792578125,
              27.756267578125
            ],
            [
              85.39876328125,
              27.756267578125
            ],
            [
              85.39876328125,
              27.756296875
            ],
            [
              85.398733984375,
              27.756296875
            ],
            [
              85.398733984375,
              27.75635546875
            ],
            [
              85.3987046875,
              27.75635546875
            ],
            [
              85.3987046875,
              27.756414062500003
            ],
            [
              85.39864609375,
              27.756414062500003
            ],
            [
              85.39864609375,
              27.756443359375
            ],
            [
              85.398616796875,
              27.756443359375
            ],
            [
              85.398616796875,
              27.756531250000002
            ],
            [
              85.3985875,
              27.756531250000002
            ],
            [
              85.3985875,
              27.756560546875
            ],
            [
              85.39849960937501,
              27.756560546875
            ],
            [
              85.39849960937501,
              27.756589843750003
            ],
            [
              85.3984703125,
              27.756589843750003
            ],
            [
              85.3984703125,
              27.756619140625002
            ],
            [
              85.398441015625,
              27.756619140625002
            ],
            [
              85.398441015625,
              27.7566484375
            ],
            [
              85.398382421875,
              27.7566484375
            ],
            [
              85.398382421875,
              27.756677734375
            ],
            [
              85.398353125,
              27.756677734375
            ],
            [
              85.398353125,
              27.756736328125
            ],
            [
              85.398323828125,
              27.756736328125
            ],
            [
              85.398323828125,
              27.756765625
            ],
            [
              85.398265234375,
              27.756765625
            ],
            [
              85.398265234375,
              27.756794921875002
            ],
            [
              85.3982359375,
              27.756794921875002
            ],
            [
              85.3982359375,
              27.75682421875
            ],
            [
              85.39817734375,
              27.75682421875
            ],
            [
              85.39817734375,
              27.756853515625
            ],
            [
              85.39811875000001,
              27.756853515625
            ],
            [
              85.39811875000001,
              27.756882812500002
            ],
            [
              85.398089453125,
              27.756882812500002
            ],
            [
              85.398089453125,
              27.756912109375
            ],
            [
              85.39806015625,
              27.756912109375
            ],
            [
              85.39806015625,
              27.75694140625
            ],
            [
              85.397972265625,
              27.75694140625
            ],
            [
              85.397972265625,
              27.756970703125003
            ],
            [
              85.39794296875,
              27.756970703125003
            ]
          ]
        ]
      },
      "properties": {
        "building_id": 30,
        "damage_tier": "no-damage",
        "confidence": 0.987
      }
    },
    {
      "type": "Feature",
      "geometry": {
        "type": "Polygon",
        "coordinates": [
          [
            [
              85.40107773437501,
              27.75682421875
            ],
            [
              85.40107773437501,
              27.756794921875002
            ],
            [
              85.40104843750001,
              27.756794921875002
            ],
            [
              85.40104843750001,
              27.756765625
            ],
            [
              85.40098984375,
              27.756765625
            ],
            [
              85.40098984375,
              27.756736328125
            ],
            [
              85.400960546875,
              27.756736328125
            ],
            [
              85.400960546875,
              27.7566484375
            ],
            [
              85.40093125,
              27.7566484375
            ],
            [
              85.40093125,
              27.756531250000002
            ],
            [
              85.400901953125,
              27.756531250000002
            ],
            [
              85.400901953125,
              27.756414062500003
            ],
            [
              85.40087265625,
              27.756414062500003
            ],
            [
              85.40087265625,
              27.75635546875
            ],
            [
              85.400843359375,
              27.75635546875
            ],
            [
              85.400843359375,
              27.756296875
            ],
            [
              85.400784765625,
              27.756296875
            ],
            [
              85.400784765625,
              27.756267578125
            ],
            [
              85.40075546875,
              27.756267578125
            ],
            [
              85.40075546875,
              27.756238281250003
            ],
            [
              85.40072617187501,
              27.756238281250003
            ],
            [
              85.40072617187501,
              27.756208984375
            ],
            [
              85.40069687500001,
              27.756208984375
            ],
            [
              85.40069687500001,
              27.7561796875
            ],
            [
              85.400667578125,
              27.7561796875
            ],
            [
              85.400667578125,
              27.756150390625002
            ],
            [
              85.40063828125,
              27.756150390625002
            ],
            [
              85.40063828125,
              27.75612109375
            ],
            [
              85.400608984375,
              27.75612109375
            ],
            [
              85.400608984375,
              27.756091796875
            ],
            [
              85.40063828125,
              27.756091796875
            ],
            [
              85.40063828125,
              27.756062500000002
            ],
            [
              85.400667578125,
              27.756062500000002
            ],
            [
              85.400667578125,
              27.75600390625
            ],
            [
              85.40069687500001,
              27.75600390625
            ],
            [
              85.40069687500001,
              27.755974609375002
            ],
            [
              85.40072617187501,
              27.755974609375002
            ],
            [
              85.40072617187501,
              27.7559453125
            ],
            [
              85.400784765625,
              27.7559453125
            ],
            [
              85.400784765625,
              27.755916015625
            ],
            [
              85.4008140625,
              27.755916015625
            ],
            [
              85.4008140625,
              27.755857421875003
            ],
            [
              85.400784765625,
              27.755857421875003
            ],
            [
              85.400784765625,
              27.755828125
            ],
            [
              85.40072617187501,
              27.755828125
            ],
            [
              85.40072617187501,
              27.755798828125002
            ],
            [
              85.400667578125,
              27.755798828125002
            ],
            [
              85.400667578125,
              27.755769531250003
            ],
            [
              85.4005796875,
              27.755769531250003
            ],
            [
              85.4005796875,
              27.755798828125002
            ],
            [
              85.400550390625,
              27.755798828125002
            ],
            [
              85.400550390625,
              27.755886718750002
            ],
            [
              85.40052109375,
              27.755886718750002
            ],
            [
              85.40052109375,
              27.7559453125
            ],
            [
              85.400491796875,
              27.7559453125
            ],
            [
              85.400491796875,
              27.755974609375002
            ],
            [
              85.4004625,
              27.755974609375002
            ],
            [
              85.4004625,
              27.75600390625
            ],
            [
              85.400433203125,
              27.75600390625
            ],
            [
              85.400433203125,
              27.756033203125
            ],
            [
              85.40040390625,
              27.756033203125
            ],
            [
              85.40040390625,
              27.75600390625
            ],
            [
              85.40034531250001,
              27.75600390625
            ],
            [
              85.40034531250001,
              27.755974609375002
            ],
            [
              85.40028671875,
              27.755974609375002
            ],
            [
              85.40028671875,
              27.7559453125
            ],
            [
              85.400257421875,
              27.7559453125
            ],
            [
              85.400257421875,
              27.755769531250003
            ],
            [
              85.40028671875,
              27.755769531250003
            ],
            [
              85.40028671875,
              27.755740234375
            ],
            [
              85.40034531250001,
              27.755740234375
            ],
            [
              85.40034531250001,
              27.755769531250003
            ],
            [
              85.400374609375,
              27.755769531250003
            ],
            [
              85.400374609375,
              27.755798828125002
            ],
            [
              85.400433203125,
              27.755798828125002
            ],
            [
              85.400433203125,
              27.755769531250003
            ],
            [
              85.4004625,
              27.755769531250003
            ],
            [
              85.4004625,
              27.7557109375
            ],
            [
              85.400491796875,
              27.7557109375
            ],
            [
              85.400491796875,
              27.755593750000003
            ],
            [
              85.40052109375,
              27.755593750000003
            ],
            [
              85.40052109375,
              27.755564453125
            ],
            [
              85.400550390625,
              27.755564453125
            ],
            [
              85.400550390625,
              27.755593750000003
            ],
            [
              85.400608984375,
              27.755593750000003
            ],
            [
              85.400608984375,
              27.755623046875
            ],
            [
              85.40075546875,
              27.755623046875
            ],
            [
              85.40075546875,
              27.75565234375
            ],
            [
              85.40087265625,
              27.75565234375
            ],
            [
              85.40087265625,
              27.755681640625003
            ],
            [
              85.400901953125,
              27.755681640625003
            ],
            [
              85.400901953125,
              27.7557109375
            ],
            [
              85.40098984375,
              27.7557109375
            ],
            [
              85.40098984375,
              27.755740234375
            ],
            [
              85.401019140625,
              27.755740234375
            ],
            [
              85.401019140625,
              27.755798828125002
            ],
            [
              85.40098984375,
              27.755798828125002
            ],
            [
              85.40098984375,
              27.755857421875003
            ],
            [
              85.40093125,
              27.755857421875003
            ],
            [
              85.40093125,
              27.755886718750002
            ],
            [
              85.400901953125,
              27.755886718750002
            ],
            [
              85.400901953125,
              27.756033203125
            ],
            [
              85.40093125,
              27.756033203125
            ],
            [
              85.40093125,
              27.756091796875
            ],
            [
              85.400960546875,
              27.756091796875
            ],
            [
              85.400960546875,
              27.75612109375
            ],
            [
              85.40098984375,
              27.75612109375
            ],
            [
              85.40098984375,
              27.756150390625002
            ],
            [
              85.40104843750001,
              27.756150390625002
            ],
            [
              85.40104843750001,
              27.7561796875
            ],
            [
              85.401194921875,
              27.7561796875
            ],
            [
              85.401194921875,
              27.756150390625002
            ],
            [
              85.40122421875,
              27.756150390625002
            ],
            [
              85.40122421875,
              27.7561796875
            ],
            [
              85.401370703125,
              27.7561796875
            ],
            [
              85.401370703125,
              27.756208984375
            ],
            [
              85.40142929687501,
              27.756208984375
            ],
            [
              85.40142929687501,
              27.756238281250003
            ],
            [
              85.40145859375001,
              27.756238281250003
            ],
            [
              85.40145859375001,
              27.756296875
            ],
            [
              85.401487890625,
              27.756296875
            ],
            [
              85.401487890625,
              27.756619140625002
            ],
            [
              85.40145859375001,
              27.756619140625002
            ],
            [
              85.40145859375001,
              27.7566484375
            ],
            [
              85.40142929687501,
              27.7566484375
            ],
            [
              85.40142929687501,
              27.756677734375
            ],
            [
              85.4014,
              27.756677734375
            ],
            [
              85.4014,
              27.756707031250002
            ],
            [
              85.401370703125,
              27.756707031250002
            ],
            [
              85.401370703125,
              27.756736328125
            ],
            [
              85.40134140625,
              27.756736328125
            ],
            [
              85.40134140625,
              27.756765625
            ],
            [
              85.401312109375,
              27.756765625
            ],
            [
              85.401312109375,
              27.756794921875002
            ],
            [
              85.401253515625,
              27.756794921875002
            ],
            [
              85.401253515625,
              27.75682421875
            ],
            [
              85.40107773437501,
              27.75682421875
            ]
          ]
        ]
      },
      "properties": {
        "building_id": 34,
        "damage_tier": "no-damage",
        "confidence": 0.873
      }
    },
    {
      "type": "Feature",
      "geometry": {
        "type": "Polygon",
        "coordinates": [
          [
            [
              85.394046484375,
              27.75741015625
            ],
            [
              85.394046484375,
              27.757380859375
            ],
            [
              85.3940171875,
              27.757380859375
            ],
            [
              85.3940171875,
              27.757351562500002
            ],
            [
              85.393987890625,
              27.757351562500002
            ],
            [
              85.393987890625,
              27.757322265625003
            ],
            [
              85.39395859375,
              27.757322265625003
            ],
            [
              85.39395859375,
              27.75729296875
            ],
            [
              85.3939,
              27.75729296875
            ],
            [
              85.3939,
              27.755242187500002
            ],
            [
              85.393987890625,
              27.755242187500002
            ],
            [
              85.393987890625,
              27.75518359375
            ],
            [
              85.3940171875,
              27.75518359375
            ],
            [
              85.3940171875,
              27.755125
            ],
            [
              85.394046484375,
              27.755125
            ],
            [
              85.394046484375,
              27.755066406250002
            ],
            [
              85.39407578125,
              27.755066406250002
            ],
            [
              85.39407578125,
              27.755037109375003
            ],
            [
              85.39410507812501,
              27.755037109375003
            ],
            [
              85.39410507812501,
              27.7550078125
            ],
            [
              85.39413437500001,
              27.7550078125
            ],
            [
              85.39413437500001,
              27.754949218750003
            ],
            [
              85.394163671875,
              27.754949218750003
            ],
            [
              85.394163671875,
              27.754919921875
            ],
            [
              85.39436875,
              27.754919921875
            ],
            [
              85.39436875,
              27.754949218750003
            ],
            [
              85.39445664062501,
              27.754949218750003
            ],
            [
              85.39445664062501,
              27.755154296875002
            ],
            [
              85.39448593750001,
              27.755154296875002
            ],
            [
              85.39448593750001,
              27.755212890625
            ],
            [
              85.394515234375,
              27.755212890625
            ],
            [
              85.394515234375,
              27.755242187500002
            ],
            [
              85.394573828125,
              27.755242187500002
            ],
            [
              85.394573828125,
              27.755271484375
            ],
            [
              85.39477890625,
              27.755271484375
            ],
            [
              85.39477890625,
              27.755242187500002
            ],
            [
              85.395071875,
              27.755242187500002
            ],
            [
              85.395071875,
              27.755271484375
            ],
            [
              85.39524765625,
              27.755271484375
            ],
            [
              85.39524765625,
              27.755242187500002
            ],
            [
              85.39530625,
              27.755242187500002
            ],
            [
              85.39530625,
              27.755212890625
            ],
            [
              85.395335546875,
              27.755212890625
            ],
            [
              85.395335546875,
              27.75518359375
            ],
            [
              85.395394140625,
              27.75518359375
            ],
            [
              85.395394140625,
              27.755154296875002
            ],
            [
              85.3954234375,
              27.755154296875002
            ],
            [
              85.3954234375,
              27.755125
            ],
            [
              85.39548203125,
              27.755125
            ],
            [
              85.39548203125,
              27.755095703125
            ],
            [
              85.395511328125,
              27.755095703125
            ],
            [
              85.395511328125,
              27.755066406250002
            ],
            [
              85.39556992187501,
              27.755066406250002
            ],
            [
              85.39556992187501,
              27.755037109375003
            ],
            [
              85.395628515625,
              27.755037109375003
            ],
            [
              85.395628515625,
              27.755066406250002
            ],
            [
              85.395687109375,
              27.755066406250002
            ],
            [
              85.395687109375,
              27.755095703125
            ],
            [
              85.39571640625,
              27.755095703125
            ],
            [
              85.39571640625,
              27.755125
            ],
            [
              85.395745703125,
              27.755125
            ],
            [
              85.395745703125,
              27.755154296875002
            ],
            [
              85.395775,
              27.755154296875002
            ],
            [
              85.395775,
              27.755505859375003
            ],
            [
              85.395745703125,
              27.755505859375003
            ],
            [
              85.395745703125,
              27.755623046875
            ],
            [
              85.395687109375,
              27.755623046875
            ],
            [
              85.395687109375,
              27.755564453125
            ],
            [
              85.3956578125,
              27.755564453125
            ],
            [
              85.3956578125,
              27.755505859375003
            ],
            [
              85.395628515625,
              27.755505859375003
            ],
            [
              85.395628515625,
              27.7554765625
            ],
            [
              85.39556992187501,
              27.7554765625
            ],
            [
              85.39556992187501,
              27.755447265625
            ],
            [
              85.395540625,
              27.755447265625
            ],
            [
              85.395540625,
              27.755417968750002
            ],
            [
              85.395335546875,
              27.755417968750002
            ],
            [
              85.395335546875,
              27.755447265625
            ],
            [
              85.39530625,
              27.755447265625
            ],
            [
              85.39530625,
              27.7554765625
            ],
            [
              85.395276953125,
              27.7554765625
            ],
            [
              85.395276953125,
              27.755505859375003
            ],
            [
              85.39524765625,
              27.755505859375003
            ],
            [
              85.39524765625,
              27.75553515625
            ],
            [
              85.39521835937501,
              27.75553515625
            ],
            [
              85.39521835937501,
              27.755564453125
            ],
            [
              85.39518906250001,
              27.755564453125
            ],
            [
              85.39518906250001,
              27.755623046875
            ],
            [
              85.395159765625,
              27.755623046875
            ],
            [
              85.395159765625,
              27.75565234375
            ],
            [
              85.39513046875,
              27.75565234375
            ],
            [
              85.39513046875,
              27.7557109375
            ],
            [
              85.395101171875,
              27.7557109375
            ],
            [
              85.395101171875,
              27.755769531250003
            ],
            [
              85.395071875,
              27.755769531250003
            ],
            [
              85.395071875,
              27.755828125
            ],
            [
              85.395042578125,
              27.755828125
            ],
            [
              85.395042578125,
              27.755857421875003
            ],
            [
              85.39501328125,
              27.755857421875003
            ],
            [
              85.39501328125,
              27.755886718750002
            ],
            [
              85.394983984375,
              27.755886718750002
            ],
            [
              85.394983984375,
              27.755916015625
            ],
            [
              85.394925390625,
              27.755916015625
            ],
            [
              85.394925390625,
              27.7559453125
            ],
            [
              85.39489609375,
              27.7559453125
            ],
            [
              85.39489609375,
              27.755974609375002
            ],
            [
              85.39483750000001,
              27.755974609375002
            ],
            [
              85.39483750000001,
              27.75600390625
            ],
            [
              85.394808203125,
              27.75600390625
            ],
            [
              85.394808203125,
              27.756033203125
            ],
            [
              85.394749609375,
              27.756033203125
            ],
            [
              85.394749609375,
              27.756062500000002
            ],
            [
              85.394691015625,
              27.756062500000002
            ],
            [
              85.394691015625,
              27.756091796875
            ],
            [
              85.39466171875,
              27.756091796875
            ],
            [
              85.39466171875,
              27.75612109375
            ],
            [
              85.394603125,
              27.75612109375
            ],
            [
              85.394603125,
              27.756150390625002
            ],
            [
              85.394573828125,
              27.756150390625002
            ],
            [
              85.394573828125,
              27.7561796875
            ],
            [
              85.39454453125,
              27.7561796875
            ],
            [
              85.39454453125,
              27.756208984375
            ],
            [
              85.394515234375,
              27.756208984375
            ],
            [
              85.394515234375,
              27.756384765625
            ],
            [
              85.39448593750001,
              27.756384765625
            ],
            [
              85.39448593750001,
              27.75647265625
            ],
            [
              85.39445664062501,
              27.75647265625
            ],
            [
              85.39445664062501,
              27.756619140625002
            ],
            [
              85.39442734375,
              27.756619140625002
            ],
            [
              85.39442734375,
              27.756765625
            ],
            [
              85.394398046875,
              27.756765625
            ],
            [
              85.394398046875,
              27.75694140625
            ],
            [
              85.39442734375,
              27.75694140625
            ],
            [
              85.39442734375,
              27.757029296875
            ],
            [
              85.39445664062501,
              27.757029296875
            ],
            [
              85.39445664062501,
              27.757087890625
            ],
            [
              85.394398046875,
              27.757087890625
            ],
            [
              85.394398046875,
              27.7571171875
            ],
            [
              85.394163671875,
              27.7571171875
            ],
            [
              85.394163671875,
              27.757146484375003
            ],
            [
              85.39413437500001,
              27.757146484375003
            ],
            [
              85.39413437500001,
              27.75717578125
            ],
            [
              85.39410507812501,
              27.75717578125
            ],
            [
              85.39410507812501,
              27.757205078125
            ],
            [
              85.39413437500001,
              27.757205078125
            ],
            [
              85.39413437500001,
              27.757351562500002
            ],
            [
              85.39410507812501,
              27.757351562500002
            ],
            [
              85.39410507812501,
              27.75741015625
            ],
            [
              85.394046484375,
              27.75741015625
            ]
          ]
        ]
      },
      "properties": {
        "building_id": 40,
        "damage_tier": "no-damage",
        "confidence": 0.985
      }
    },
    {
      "type": "Feature",
      "geometry": {
        "type": "Polygon",
        "coordinates": [
          [
            [
              85.39817734375,
              27.7545390625
            ],
            [
              85.39817734375,
              27.754509765625002
            ],
            [
              85.39811875000001,
              27.754509765625002
            ],
            [
              85.39811875000001,
              27.75436328125
            ],
            [
              85.39814804687501,
              27.75436328125
            ],
            [
              85.39814804687501,
              27.754304687500003
            ],
            [
              85.398206640625,
              27.754304687500003
            ],
            [
              85.398206640625,
              27.754392578125
            ],
            [
              85.3982359375,
              27.754392578125
            ],
            [
              85.3982359375,
              27.754421875000002
            ],
            [
              85.398265234375,
              27.754421875000002
            ],
            [
              85.398265234375,
              27.754451171875
            ],
            [
              85.39829453125,
              27.754451171875
            ],
            [
              85.39829453125,
              27.754509765625002
            ],
            [
              85.398206640625,
              27.754509765625002
            ],
            [
              85.398206640625,
              27.7545390625
            ],
            [
              85.39817734375,
              27.7545390625
            ]
          ]
        ]
      },
      "properties": {
        "building_id": 44,
        "damage_tier": "no-damage",
        "confidence": 0.963
      }
    },
    {
      "type": "Feature",
      "geometry": {
        "type": "Polygon",
        "coordinates": [
          [
            [
              85.39841171875,
              27.754333984375002
            ],
            [
              85.39841171875,
              27.754304687500003
            ],
            [
              85.398382421875,
              27.754304687500003
            ],
            [
              85.398382421875,
              27.754275390625
            ],
            [
              85.398353125,
              27.754275390625
            ],
            [
              85.398353125,
              27.75424609375
            ],
            [
              85.398382421875,
              27.75424609375
            ],
            [
              85.398382421875,
              27.754216796875003
            ],
            [
              85.398441015625,
              27.754216796875003
            ],
            [
              85.398441015625,
              27.75424609375
            ],
            [
              85.3984703125,
              27.75424609375
            ],
            [
              85.3984703125,
              27.754304687500003
            ],
            [
              85.398441015625,
              27.754304687500003
            ],
            [
              85.398441015625,
              27.754333984375002
            ],
            [
              85.39841171875,
              27.754333984375002
            ]
          ]
        ]
      },
      "properties": {
        "building_id": 45,
        "damage_tier": "no-damage",
        "confidence": 0.963
      }
    },
    {
      "type": "Feature",
      "geometry": {
        "type": "Polygon",
        "coordinates": [
          [
            [
              85.3991734375,
              27.753982421875
            ],
            [
              85.3991734375,
              27.753953125000002
            ],
            [
              85.39911484375,
              27.753953125000002
            ],
            [
              85.39911484375,
              27.753923828125
            ],
            [
              85.399085546875,
              27.753923828125
            ],
            [
              85.399085546875,
              27.753572265625003
            ],
            [
              85.39911484375,
              27.753572265625003
            ],
            [
              85.39911484375,
              27.753513671875
            ],
            [
              85.399144140625,
              27.753513671875
            ],
            [
              85.399144140625,
              27.75354296875
            ],
            [
              85.39923203125001,
              27.75354296875
            ],
            [
              85.39923203125001,
              27.753572265625003
            ],
            [
              85.39926132812501,
              27.753572265625003
            ],
            [
              85.39926132812501,
              27.753630859375
            ],
            [
              85.399290625,
              27.753630859375
            ],
            [
              85.399290625,
              27.75366015625
            ],
            [
              85.399319921875,
              27.75366015625
            ],
            [
              85.399319921875,
              27.75371875
            ],
            [
              85.39934921875,
              27.75371875
            ],
            [
              85.39934921875,
              27.7538359375
            ],
            [
              85.399378515625,
              27.7538359375
            ],
            [
              85.399378515625,
              27.753923828125
            ],
            [
              85.39934921875,
              27.753923828125
            ],
            [
              85.39934921875,
              27.753953125000002
            ],
            [
              85.399319921875,
              27.753953125000002
            ],
            [
              85.399319921875,
              27.753982421875
            ],
            [
              85.3991734375,
              27.753982421875
            ]
          ]
        ]
      },
      "properties": {
        "building_id": 48,
        "damage_tier": "no-damage",
        "confidence": 0.959
      }
    },
    {
      "type": "Feature",
      "geometry": {
        "type": "Polygon",
        "coordinates": [
          [
            [
              85.398733984375,
              27.753748046875
            ],
            [
              85.398733984375,
              27.75371875
            ],
            [
              85.3987046875,
              27.75371875
            ],
            [
              85.3987046875,
              27.753689453125002
            ],
            [
              85.398675390625,
              27.753689453125002
            ],
            [
              85.398675390625,
              27.75366015625
            ],
            [
              85.39864609375,
              27.75366015625
            ],
            [
              85.39864609375,
              27.753630859375
            ],
            [
              85.398675390625,
              27.753630859375
            ],
            [
              85.398675390625,
              27.75354296875
            ],
            [
              85.398733984375,
              27.75354296875
            ],
            [
              85.398733984375,
              27.753513671875
            ],
            [
              85.39876328125,
              27.753513671875
            ],
            [
              85.39876328125,
              27.753748046875
            ],
            [
              85.398733984375,
              27.753748046875
            ]
          ]
        ]
      },
      "properties": {
        "building_id": 49,
        "damage_tier": "no-damage",
        "confidence": 0.963
      }
    },
    {
      "type": "Feature",
      "geometry": {
        "type": "Polygon",
        "coordinates": [
          [
            [
              85.40034531250001,
              27.753777343750002
            ],
            [
              85.40034531250001,
              27.753748046875
            ],
            [
              85.40028671875,
              27.753748046875
            ],
            [
              85.40028671875,
              27.75371875
            ],
            [
              85.400228125,
              27.75371875
            ],
            [
              85.400228125,
              27.753689453125002
            ],
            [
              85.400198828125,
              27.753689453125002
            ],
            [
              85.400198828125,
              27.75366015625
            ],
            [
              85.40016953125,
              27.75366015625
            ],
            [
              85.40016953125,
              27.753455078125
            ],
            [
              85.400140234375,
              27.753455078125
            ],
            [
              85.400140234375,
              27.75342578125
            ],
            [
              85.40016953125,
              27.75342578125
            ],
            [
              85.40016953125,
              27.753396484375003
            ],
            [
              85.400198828125,
              27.753396484375003
            ],
            [
              85.400198828125,
              27.75342578125
            ],
            [
              85.400433203125,
              27.75342578125
            ],
            [
              85.400433203125,
              27.753455078125
            ],
            [
              85.4004625,
              27.753455078125
            ],
            [
              85.4004625,
              27.753484375000003
            ],
            [
              85.400491796875,
              27.753484375000003
            ],
            [
              85.400491796875,
              27.753513671875
            ],
            [
              85.40052109375,
              27.753513671875
            ],
            [
              85.40052109375,
              27.753689453125002
            ],
            [
              85.400491796875,
              27.753689453125002
            ],
            [
              85.400491796875,
              27.75371875
            ],
            [
              85.4004625,
              27.75371875
            ],
            [
              85.4004625,
              27.753748046875
            ],
            [
              85.400433203125,
              27.753748046875
            ],
            [
              85.400433203125,
              27.753777343750002
            ],
            [
              85.40034531250001,
              27.753777343750002
            ]
          ]
        ]
      },
      "properties": {
        "building_id": 50,
        "damage_tier": "no-damage",
        "confidence": 0.693
      }
    },
    {
      "type": "Feature",
      "geometry": {
        "type": "Polygon",
        "coordinates": [
          [
            [
              85.40169296875,
              27.753337890625
            ],
            [
              85.40169296875,
              27.753308593750003
            ],
            [
              85.401663671875,
              27.753308593750003
            ],
            [
              85.401663671875,
              27.753279296875
            ],
            [
              85.40169296875,
              27.753279296875
            ],
            [
              85.40169296875,
              27.75325
            ],
            [
              85.40178085937501,
              27.75325
            ],
            [
              85.40178085937501,
              27.753279296875
            ],
            [
              85.401839453125,
              27.753279296875
            ],
            [
              85.401839453125,
              27.753337890625
            ],
            [
              85.40169296875,
              27.753337890625
            ]
          ]
        ]
      },
      "properties": {
        "building_id": 53,
        "damage_tier": "minor-damage",
        "confidence": 0.617
      }
    },
    {
      "type": "Feature",
      "geometry": {
        "type": "Polygon",
        "coordinates": [
          [
            [
              85.39486679687501,
              27.7550078125
            ],
            [
              85.39486679687501,
              27.754978515625
            ],
            [
              85.39477890625,
              27.754978515625
            ],
            [
              85.39477890625,
              27.754949218750003
            ],
            [
              85.3947203125,
              27.754949218750003
            ],
            [
              85.3947203125,
              27.754919921875
            ],
            [
              85.39466171875,
              27.754919921875
            ],
            [
              85.39466171875,
              27.754890625
            ],
            [
              85.39454453125,
              27.754890625
            ],
            [
              85.39454453125,
              27.754861328125003
            ],
            [
              85.394515234375,
              27.754861328125003
            ],
            [
              85.394515234375,
              27.75471484375
            ],
            [
              85.39448593750001,
              27.75471484375
            ],
            [
              85.39448593750001,
              27.75465625
            ],
            [
              85.39445664062501,
              27.75465625
            ],
            [
              85.39445664062501,
              27.754597656250002
            ],
            [
              85.39442734375,
              27.754597656250002
            ],
            [
              85.39442734375,
              27.754568359375
            ],
            [
              85.39445664062501,
              27.754568359375
            ],
            [
              85.39445664062501,
              27.75448046875
            ],
            [
              85.39448593750001,
              27.75448046875
            ],
            [
              85.39448593750001,
              27.754451171875
            ],
            [
              85.394515234375,
              27.754451171875
            ],
            [
              85.394515234375,
              27.754392578125
            ],
            [
              85.39454453125,
              27.754392578125
            ],
            [
              85.39454453125,
              27.75436328125
            ],
            [
              85.39466171875,
              27.75436328125
            ],
            [
              85.39466171875,
              27.754333984375002
            ],
            [
              85.394691015625,
              27.754333984375002
            ],
            [
              85.394691015625,
              27.754304687500003
            ],
            [
              85.3947203125,
              27.754304687500003
            ],
            [
              85.3947203125,
              27.75424609375
            ],
            [
              85.394749609375,
              27.75424609375
            ],
            [
              85.394749609375,
              27.754041015625003
            ],
            [
              85.3947203125,
              27.754041015625003
            ],
            [
              85.3947203125,
              27.753982421875
            ],
            [
              85.394749609375,
              27.753982421875
            ],
            [
              85.394749609375,
              27.753806640625
            ],
            [
              85.39477890625,
              27.753806640625
            ],
            [
              85.39477890625,
              27.753748046875
            ],
            [
              85.394808203125,
              27.753748046875
            ],
            [
              85.394808203125,
              27.75371875
            ],
            [
              85.39483750000001,
              27.75371875
            ],
            [
              85.39483750000001,
              27.753689453125002
            ],
            [
              85.39486679687501,
              27.753689453125002
            ],
            [
              85.39486679687501,
              27.75366015625
            ],
            [
              85.39489609375,
              27.75366015625
            ],
            [
              85.39489609375,
              27.753630859375
            ],
            [
              85.39486679687501,
              27.753630859375
            ],
            [
              85.39486679687501,
              27.753601562500002
            ],
            [
              85.39483750000001,
              27.753601562500002
            ],
            [
              85.39483750000001,
              27.75354296875
            ],
            [
              85.394808203125,
              27.75354296875
            ],
            [
              85.394808203125,
              27.753484375000003
            ],
            [
              85.39477890625,
              27.753484375000003
            ],
            [
              85.39477890625,
              27.753396484375003
            ],
            [
              85.394808203125,
              27.753396484375003
            ],
            [
              85.394808203125,
              27.7533671875
            ],
            [
              85.39483750000001,
              27.7533671875
            ],
            [
              85.39483750000001,
              27.753308593750003
            ],
            [
              85.39486679687501,
              27.753308593750003
            ],
            [
              85.39486679687501,
              27.753220703125002
            ],
            [
              85.39489609375,
              27.753220703125002
            ],
            [
              85.39489609375,
              27.75319140625
            ],
            [
              85.3949546875,
              27.75319140625
            ],
            [
              85.3949546875,
              27.753220703125002
            ],
            [
              85.394983984375,
              27.753220703125002
            ],
            [
              85.394983984375,
              27.75325
            ],
            [
              85.39501328125,
              27.75325
            ],
            [
              85.39501328125,
              27.753308593750003
            ],
            [
              85.395042578125,
              27.753308593750003
            ],
            [
              85.395042578125,
              27.753337890625
            ],
            [
              85.395071875,
              27.753337890625
            ],
            [
              85.395071875,
              27.7533671875
            ],
            [
              85.39524765625,
              27.7533671875
            ],
            [
              85.39524765625,
              27.753337890625
            ],
            [
              85.395276953125,
              27.753337890625
            ],
            [
              85.395276953125,
              27.753279296875
            ],
            [
              85.39530625,
              27.753279296875
            ],
            [
              85.39530625,
              27.753220703125002
            ],
            [
              85.395335546875,
              27.753220703125002
            ],
            [
              85.395335546875,
              27.753162109375
            ],
            [
              85.39536484375,
              27.753162109375
            ],
            [
              85.39536484375,
              27.753132812500002
            ],
            [
              85.395394140625,
              27.753132812500002
            ],
            [
              85.395394140625,
              27.753103515625
            ],
            [
              85.3954234375,
              27.753103515625
            ],
            [
              85.3954234375,
              27.75307421875
            ],
            [
              85.395452734375,
              27.75307421875
            ],
            [
              85.395452734375,
              27.753044921875002
            ],
            [
              85.39548203125,
              27.753044921875002
            ],
            [
              85.39548203125,
              27.753015625
            ],
            [
              85.395628515625,
              27.753015625
            ],
            [
              85.395628515625,
              27.753044921875002
            ],
            [
              85.39571640625,
              27.753044921875002
            ],
            [
              85.39571640625,
              27.75307421875
            ],
            [
              85.39583359375,
              27.75307421875
            ],
            [
              85.39583359375,
              27.753103515625
            ],
            [
              85.395862890625,
              27.753103515625
            ],
            [
              85.395862890625,
              27.753132812500002
            ],
            [
              85.3958921875,
              27.753132812500002
            ],
            [
              85.3958921875,
              27.75319140625
            ],
            [
              85.39592148437501,
              27.75319140625
            ],
            [
              85.39592148437501,
              27.753337890625
            ],
            [
              85.3958921875,
              27.753337890625
            ],
            [
              85.3958921875,
              27.75342578125
            ],
            [
              85.395862890625,
              27.75342578125
            ],
            [
              85.395862890625,
              27.753455078125
            ],
            [
              85.39583359375,
              27.753455078125
            ],
            [
              85.39583359375,
              27.753484375000003
            ],
            [
              85.395804296875,
              27.753484375000003
            ],
            [
              85.395804296875,
              27.75354296875
            ],
            [
              85.395775,
              27.75354296875
            ],
            [
              85.395775,
              27.753806640625
            ],
            [
              85.395804296875,
              27.753806640625
            ],
            [
              85.395804296875,
              27.7538359375
            ],
            [
              85.39583359375,
              27.7538359375
            ],
            [
              85.39583359375,
              27.753865234375002
            ],
            [
              85.39592148437501,
              27.753865234375002
            ],
            [
              85.39592148437501,
              27.75389453125
            ],
            [
              85.395980078125,
              27.75389453125
            ],
            [
              85.395980078125,
              27.753923828125
            ],
            [
              85.396038671875,
              27.753923828125
            ],
            [
              85.396038671875,
              27.753953125000002
            ],
            [
              85.39606796875,
              27.753953125000002
            ],
            [
              85.39606796875,
              27.753982421875
            ],
            [
              85.39618515625,
              27.753982421875
            ],
            [
              85.39618515625,
              27.75401171875
            ],
            [
              85.39624375,
              27.75401171875
            ],
            [
              85.39624375,
              27.7540703125
            ],
            [
              85.396273046875,
              27.7540703125
            ],
            [
              85.396273046875,
              27.754099609375
            ],
            [
              85.39630234375001,
              27.754099609375
            ],
            [
              85.39630234375001,
              27.754128906250003
            ],
            [
              85.39633164062501,
              27.754128906250003
            ],
            [
              85.39633164062501,
              27.754099609375
            ],
            [
              85.396566015625,
              27.754099609375
            ],
            [
              85.396566015625,
              27.7540703125
            ],
            [
              85.3965953125,
              27.7540703125
            ],
            [
              85.3965953125,
              27.75401171875
            ],
            [
              85.39665390625001,
              27.75401171875
            ],
            [
              85.39665390625001,
              27.753982421875
            ],
            [
              85.3967125,
              27.753982421875
            ],
            [
              85.3967125,
              27.753953125000002
            ],
            [
              85.396741796875,
              27.753953125000002
            ],
            [
              85.396741796875,
              27.753923828125
            ],
            [
              85.396800390625,
              27.753923828125
            ],
            [
              85.396800390625,
              27.75389453125
            ],
            [
              85.396858984375,
              27.75389453125
            ],
            [
              85.396858984375,
              27.753865234375002
            ],
            [
              85.396976171875,
              27.753865234375002
            ],
            [
              85.396976171875,
              27.7538359375
            ],
            [
              85.39703476562501,
              27.7538359375
            ],
            [
              85.39703476562501,
              27.753865234375002
            ],
            [
              85.397093359375,
              27.753865234375002
            ],
            [
              85.397093359375,
              27.75389453125
            ],
            [
              85.39718125,
              27.75389453125
            ],
            [
              85.39718125,
              27.753923828125
            ],
            [
              85.397269140625,
              27.753923828125
            ],
            [
              85.397269140625,
              27.753953125000002
            ],
            [
              85.3972984375,
              27.753953125000002
            ],
            [
              85.3972984375,
              27.753982421875
            ],
            [
              85.39735703125,
              27.753982421875
            ],
            [
              85.39735703125,
              27.754041015625003
            ],
            [
              85.39738632812501,
              27.754041015625003
            ],
            [
              85.39738632812501,
              27.754099609375
            ],
            [
              85.39741562500001,
              27.754099609375
            ],
            [
              85.39741562500001,
              27.754275390625
            ],
            [
              85.39735703125,
              27.754275390625
            ],
            [
              85.39735703125,
              27.754304687500003
            ],
            [
              85.397327734375,
              27.754304687500003
            ],
            [
              85.397327734375,
              27.75436328125
            ],
            [
              85.3972984375,
              27.75436328125
            ],
            [
              85.3972984375,
              27.754392578125
            ],
            [
              85.39723984375,
              27.754392578125
            ],
            [
              85.39723984375,
              27.754421875000002
            ],
            [
              85.397210546875,
              27.754421875000002
            ],
            [
              85.397210546875,
              27.754451171875
            ],
            [
              85.39718125,
              27.754451171875
            ],
            [
              85.39718125,
              27.75448046875
            ],
            [
              85.397151953125,
              27.75448046875
            ],
            [
              85.397151953125,
              27.754509765625002
            ],
            [
              85.397093359375,
              27.754509765625002
            ],
            [
              85.397093359375,
              27.7545390625
            ],
            [
              85.396976171875,
              27.7545390625
            ],
            [
              85.396976171875,
              27.754568359375
            ],
            [
              85.39688828125,
              27.754568359375
            ],
            [
              85.39688828125,
              27.754597656250002
            ],
            [
              85.396800390625,
              27.754597656250002
            ],
            [
              85.396800390625,
              27.754626953125
            ],
            [
              85.396741796875,
              27.754626953125
            ],
            [
              85.396741796875,
              27.754597656250002
            ],
            [
              85.39668320312501,
              27.754597656250002
            ],
            [
              85.39668320312501,
              27.754568359375
            ],
            [
              85.3965953125,
              27.754568359375
            ],
            [
              85.3965953125,
              27.7545390625
            ],
            [
              85.396478125,
              27.7545390625
            ],
            [
              85.396478125,
              27.754568359375
            ],
            [
              85.396448828125,
              27.754568359375
            ],
            [
              85.396448828125,
              27.754597656250002
            ],
            [
              85.39641953125,
              27.754597656250002
            ],
            [
              85.39641953125,
              27.754568359375
            ],
            [
              85.396390234375,
              27.754568359375
            ],
            [
              85.396390234375,
              27.7545390625
            ],
            [
              85.3963609375,
              27.7545390625
            ],
            [
              85.3963609375,
              27.754509765625002
            ],
            [
              85.39630234375001,
              27.754509765625002
            ],
            [
              85.39630234375001,
              27.75448046875
            ],
            [
              85.39624375,
              27.75448046875
            ],
            [
              85.39624375,
              27.754451171875
            ],
            [
              85.39618515625,
              27.754451171875
            ],
            [
              85.39618515625,
              27.754421875000002
            ],
            [
              85.396155859375,
              27.754421875000002
            ],
            [
              85.396155859375,
              27.754392578125
            ],
            [
              85.3961265625,
              27.754392578125
            ],
            [
              85.3961265625,
              27.75436328125
            ],
            [
              85.396097265625,
              27.75436328125
            ],
            [
              85.396097265625,
              27.754304687500003
            ],
            [
              85.396038671875,
              27.754304687500003
            ],
            [
              85.396038671875,
              27.75436328125
            ],
            [
              85.396009375,
              27.75436328125
            ],
            [
              85.396009375,
              27.754392578125
            ],
            [
              85.395980078125,
              27.754392578125
            ],
            [
              85.395980078125,
              27.754568359375
            ],
            [
              85.396009375,
              27.754568359375
            ],
            [
              85.396009375,
              27.754744140625
            ],
            [
              85.395980078125,
              27.754744140625
            ],
            [
              85.395980078125,
              27.754773437500003
            ],
            [
              85.39595078125001,
              27.754773437500003
            ],
            [
              85.39595078125001,
              27.754802734375
            ],
            [
              85.395804296875,
              27.754802734375
            ],
            [
              85.395804296875,
              27.754773437500003
            ],
            [
              85.395775,
              27.754773437500003
            ],
            [
              85.395775,
              27.754744140625
            ],
            [
              85.39571640625,
              27.754744140625
            ],
            [
              85.39571640625,
              27.75471484375
            ],
            [
              85.3956578125,
              27.75471484375
            ],
            [
              85.3956578125,
              27.75465625
            ],
            [
              85.39559921875001,
              27.75465625
            ],
            [
              85.39559921875001,
              27.754626953125
            ],
            [
              85.39556992187501,
              27.754626953125
            ],
            [
              85.39556992187501,
              27.75448046875
            ],
            [
              85.395540625,
              27.75448046875
            ],
            [
              85.395540625,
              27.754421875000002
            ],
            [
              85.395511328125,
              27.754421875000002
            ],
            [
              85.395511328125,
              27.75436328125
            ],
            [
              85.39548203125,
              27.75436328125
            ],
            [
              85.39548203125,
              27.754333984375002
            ],
            [
              85.3954234375,
              27.754333984375002
            ],
            [
              85.3954234375,
              27.754304687500003
            ],
            [
              85.3949546875,
              27.754304687500003
            ],
            [
              85.3949546875,
              27.754333984375002
            ],
            [
              85.39489609375,
              27.754333984375002
            ],
            [
              85.39489609375,
              27.754392578125
            ],
            [
              85.394925390625,
              27.754392578125
            ],
            [
              85.394925390625,
              27.754421875000002
            ],
            [
              85.394983984375,
              27.754421875000002
            ],
            [
              85.394983984375,
              27.754451171875
            ],
            [
              85.395071875,
              27.754451171875
            ],
            [
              85.395071875,
              27.754421875000002
            ],
            [
              85.39518906250001,
              27.754421875000002
            ],
            [
              85.39518906250001,
              27.754451171875
            ],
            [
              85.39524765625,
              27.754451171875
            ],
            [
              85.39524765625,
              27.75448046875
            ],
            [
              85.395276953125,
              27.75448046875
            ],
            [
              85.395276953125,
              27.7545390625
            ],
            [
              85.39530625,
              27.7545390625
            ],
            [
              85.39530625,
              27.75465625
            ],
            [
              85.395276953125,
              27.75465625
            ],
            [
              85.395276953125,
              27.754744140625
            ],
            [
              85.39524765625,
              27.754744140625
            ],
            [
              85.39524765625,
              27.754773437500003
            ],
            [
              85.39521835937501,
              27.754773437500003
            ],
            [
              85.39521835937501,
              27.754802734375
            ],
            [
              85.39518906250001,
              27.754802734375
            ],
            [
              85.39518906250001,
              27.75483203125
            ],
            [
              85.395159765625,
              27.75483203125
            ],
            [
              85.395159765625,
              27.754861328125003
            ],
            [
              85.39513046875,
              27.754861328125003
            ],
            [
              85.39513046875,
              27.754890625
            ],
            [
              85.395101171875,
              27.754890625
            ],
            [
              85.395101171875,
              27.754919921875
            ],
            [
              85.395071875,
              27.754919921875
            ],
            [
              85.395071875,
              27.754949218750003
            ],
            [
              85.395042578125,
              27.754949218750003
            ],
            [
              85.395042578125,
              27.754978515625
            ],
            [
              85.3949546875,
              27.754978515625
            ],
            [
              85.3949546875,
              27.7550078125
            ],
            [
              85.39486679687501,
              27.7550078125
            ]
          ]
        ]
      },
      "properties": {
        "building_id": 55,
        "damage_tier": "no-damage",
        "confidence": 0.958
      }
    },
    {
      "type": "Feature",
      "geometry": {
        "type": "Polygon",
        "coordinates": [
          [
            [
              85.400374609375,
              27.753162109375
            ],
            [
              85.400374609375,
              27.753132812500002
            ],
            [
              85.40031601562501,
              27.753132812500002
            ],
            [
              85.40031601562501,
              27.753103515625
            ],
            [
              85.40028671875,
              27.753103515625
            ],
            [
              85.40028671875,
              27.75307421875
            ],
            [
              85.400257421875,
              27.75307421875
            ],
            [
              85.400257421875,
              27.752927734375
            ],
            [
              85.40028671875,
              27.752927734375
            ],
            [
              85.40028671875,
              27.752869140625002
            ],
            [
              85.400433203125,
              27.752869140625002
            ],
            [
              85.400433203125,
              27.7528984375
            ],
            [
              85.400491796875,
              27.7528984375
            ],
            [
              85.400491796875,
              27.752927734375
            ],
            [
              85.40052109375,
              27.752927734375
            ],
            [
              85.40052109375,
              27.752986328125
            ],
            [
              85.400550390625,
              27.752986328125
            ],
            [
              85.400550390625,
              27.753103515625
            ],
            [
              85.400491796875,
              27.753103515625
            ],
            [
              85.400491796875,
              27.753132812500002
            ],
            [
              85.400433203125,
              27.753132812500002
            ],
            [
              85.400433203125,
              27.753162109375
            ],
            [
              85.400374609375,
              27.753162109375
            ]
          ]
        ]
      },
      "properties": {
        "building_id": 59,
        "damage_tier": "no-damage",
        "confidence": 0.7
      }
    },
    {
      "type": "Feature",
      "geometry": {
        "type": "Polygon",
        "coordinates": [
          [
            [
              85.398675390625,
              27.752869140625002
            ],
            [
              85.398675390625,
              27.752839843750003
            ],
            [
              85.3985875,
              27.752839843750003
            ],
            [
              85.3985875,
              27.752810546875
            ],
            [
              85.398616796875,
              27.752810546875
            ],
            [
              85.398616796875,
              27.75272265625
            ],
            [
              85.398675390625,
              27.75272265625
            ],
            [
              85.398675390625,
              27.752693359375
            ],
            [
              85.398792578125,
              27.752693359375
            ],
            [
              85.398792578125,
              27.75272265625
            ],
            [
              85.398821875,
              27.75272265625
            ],
            [
              85.398821875,
              27.752839843750003
            ],
            [
              85.398792578125,
              27.752839843750003
            ],
            [
              85.398792578125,
              27.752869140625002
            ],
            [
              85.398675390625,
              27.752869140625002
            ]
          ]
        ]
      },
      "properties": {
        "building_id": 61,
        "damage_tier": "no-damage",
        "confidence": 0.89
      }
    },
    {
      "type": "Feature",
      "geometry": {
        "type": "Polygon",
        "coordinates": [
          [
            [
              85.40098984375,
              27.753220703125002
            ],
            [
              85.40098984375,
              27.75319140625
            ],
            [
              85.40093125,
              27.75319140625
            ],
            [
              85.40093125,
              27.753162109375
            ],
            [
              85.400901953125,
              27.753162109375
            ],
            [
              85.400901953125,
              27.753132812500002
            ],
            [
              85.40087265625,
              27.753132812500002
            ],
            [
              85.40087265625,
              27.753103515625
            ],
            [
              85.400843359375,
              27.753103515625
            ],
            [
              85.400843359375,
              27.752986328125
            ],
            [
              85.4008140625,
              27.752986328125
            ],
            [
              85.4008140625,
              27.7528984375
            ],
            [
              85.400784765625,
              27.7528984375
            ],
            [
              85.400784765625,
              27.752839843750003
            ],
            [
              85.40075546875,
              27.752839843750003
            ],
            [
              85.40075546875,
              27.75278125
            ],
            [
              85.40072617187501,
              27.75278125
            ],
            [
              85.40072617187501,
              27.75272265625
            ],
            [
              85.40075546875,
              27.75272265625
            ],
            [
              85.40075546875,
              27.752693359375
            ],
            [
              85.400960546875,
              27.752693359375
            ],
            [
              85.400960546875,
              27.75272265625
            ],
            [
              85.40104843750001,
              27.75272265625
            ],
            [
              85.40104843750001,
              27.752751953125003
            ],
            [
              85.40107773437501,
              27.752751953125003
            ],
            [
              85.40107773437501,
              27.75278125
            ],
            [
              85.40110703125,
              27.75278125
            ],
            [
              85.40110703125,
              27.752810546875
            ],
            [
              85.401136328125,
              27.752810546875
            ],
            [
              85.401136328125,
              27.752986328125
            ],
            [
              85.401165625,
              27.752986328125
            ],
            [
              85.401165625,
              27.753103515625
            ],
            [
              85.401136328125,
              27.753103515625
            ],
            [
              85.401136328125,
              27.753132812500002
            ],
            [
              85.40110703125,
              27.753132812500002
            ],
            [
              85.40110703125,
              27.753162109375
            ],
            [
              85.40104843750001,
              27.753162109375
            ],
            [
              85.40104843750001,
              27.75319140625
            ],
            [
              85.401019140625,
              27.75319140625
            ],
            [
              85.401019140625,
              27.753220703125002
            ],
            [
              85.40098984375,
              27.753220703125002
            ]
          ]
        ]
      },
      "properties": {
        "building_id": 62,
        "damage_tier": "minor-damage",
        "confidence": 0.509
      }
    },
    {
      "type": "Feature",
      "geometry": {
        "type": "Polygon",
        "coordinates": [
          [
            [
              85.39814804687501,
              27.753015625
            ],
            [
              85.39814804687501,
              27.752986328125
            ],
            [
              85.398030859375,
              27.752986328125
            ],
            [
              85.398030859375,
              27.752927734375
            ],
            [
              85.3980015625,
              27.752927734375
            ],
            [
              85.3980015625,
              27.752869140625002
            ],
            [
              85.397972265625,
              27.752869140625002
            ],
            [
              85.397972265625,
              27.75272265625
            ],
            [
              85.398030859375,
              27.75272265625
            ],
            [
              85.398030859375,
              27.752693359375
            ],
            [
              85.39817734375,
              27.752693359375
            ],
            [
              85.39817734375,
              27.752664062500003
            ],
            [
              85.398265234375,
              27.752664062500003
            ],
            [
              85.398265234375,
              27.752634765625
            ],
            [
              85.398323828125,
              27.752634765625
            ],
            [
              85.398323828125,
              27.752664062500003
            ],
            [
              85.398353125,
              27.752664062500003
            ],
            [
              85.398353125,
              27.752693359375
            ],
            [
              85.398382421875,
              27.752693359375
            ],
            [
              85.398382421875,
              27.7528984375
            ],
            [
              85.398353125,
              27.7528984375
            ],
            [
              85.398353125,
              27.752957031250002
            ],
            [
              85.398323828125,
              27.752957031250002
            ],
            [
              85.398323828125,
              27.752986328125
            ],
            [
              85.39829453125,
              27.752986328125
            ],
            [
              85.39829453125,
              27.753015625
            ],
            [
              85.39814804687501,
              27.753015625
            ]
          ]
        ]
      },
      "properties": {
        "building_id": 63,
        "damage_tier": "no-damage",
        "confidence": 0.916
      }
    },
    {
      "type": "Feature",
      "geometry": {
        "type": "Polygon",
        "coordinates": [
          [
            [
              85.39970078125,
              27.753015625
            ],
            [
              85.39970078125,
              27.752986328125
            ],
            [
              85.399671484375,
              27.752986328125
            ],
            [
              85.399671484375,
              27.752927734375
            ],
            [
              85.399730078125,
              27.752927734375
            ],
            [
              85.399730078125,
              27.7528984375
            ],
            [
              85.399759375,
              27.7528984375
            ],
            [
              85.399759375,
              27.752869140625002
            ],
            [
              85.399788671875,
              27.752869140625002
            ],
            [
              85.399788671875,
              27.752810546875
            ],
            [
              85.399759375,
              27.752810546875
            ],
            [
              85.399759375,
              27.75278125
            ],
            [
              85.399437109375,
              27.75278125
            ],
            [
              85.399437109375,
              27.752751953125003
            ],
            [
              85.39934921875,
              27.752751953125003
            ],
            [
              85.39934921875,
              27.75272265625
            ],
            [
              85.399319921875,
              27.75272265625
            ],
            [
              85.399319921875,
              27.752693359375
            ],
            [
              85.39934921875,
              27.752693359375
            ],
            [
              85.39934921875,
              27.752458984375
            ],
            [
              85.3994078125,
              27.752458984375
            ],
            [
              85.3994078125,
              27.7524296875
            ],
            [
              85.399554296875,
              27.7524296875
            ],
            [
              85.399554296875,
              27.752458984375
            ],
            [
              85.399730078125,
              27.752458984375
            ],
            [
              85.399730078125,
              27.752488281250002
            ],
            [
              85.399847265625,
              27.752488281250002
            ],
            [
              85.399847265625,
              27.752517578125
            ],
            [
              85.399905859375,
              27.752517578125
            ],
            [
              85.399905859375,
              27.752546875
            ],
            [
              85.39996445312501,
              27.752546875
            ],
            [
              85.39996445312501,
              27.752576171875003
            ],
            [
              85.400023046875,
              27.752576171875003
            ],
            [
              85.400023046875,
              27.752634765625
            ],
            [
              85.40005234375,
              27.752634765625
            ],
            [
              85.40005234375,
              27.752693359375
            ],
            [
              85.400081640625,
              27.752693359375
            ],
            [
              85.400081640625,
              27.752869140625002
            ],
            [
              85.400023046875,
              27.752869140625002
            ],
            [
              85.400023046875,
              27.7528984375
            ],
            [
              85.39999375000001,
              27.7528984375
            ],
            [
              85.39999375000001,
              27.752927734375
            ],
            [
              85.39996445312501,
              27.752927734375
            ],
            [
              85.39996445312501,
              27.752957031250002
            ],
            [
              85.39993515625,
              27.752957031250002
            ],
            [
              85.39993515625,
              27.752986328125
            ],
            [
              85.3998765625,
              27.752986328125
            ],
            [
              85.3998765625,
              27.753015625
            ],
            [
              85.39970078125,
              27.753015625
            ]
          ]
        ]
      },
      "properties": {
        "building_id": 65,
        "damage_tier": "no-damage",
        "confidence": 0.871
      }
    },
    {
      "type": "Feature",
      "geometry": {
        "type": "Polygon",
        "coordinates": [
          [
            [
              85.39521835937501,
              27.75278125
            ],
            [
              85.39521835937501,
              27.752751953125003
            ],
            [
              85.39518906250001,
              27.752751953125003
            ],
            [
              85.39518906250001,
              27.75272265625
            ],
            [
              85.395159765625,
              27.75272265625
            ],
            [
              85.395159765625,
              27.75260546875
            ],
            [
              85.39513046875,
              27.75260546875
            ],
            [
              85.39513046875,
              27.7524296875
            ],
            [
              85.395159765625,
              27.7524296875
            ],
            [
              85.395159765625,
              27.752458984375
            ],
            [
              85.39518906250001,
              27.752458984375
            ],
            [
              85.39518906250001,
              27.752488281250002
            ],
            [
              85.39521835937501,
              27.752488281250002
            ],
            [
              85.39521835937501,
              27.752546875
            ],
            [
              85.39524765625,
              27.752546875
            ],
            [
              85.39524765625,
              27.75260546875
            ],
            [
              85.395276953125,
              27.75260546875
            ],
            [
              85.395276953125,
              27.75278125
            ],
            [
              85.39521835937501,
              27.75278125
            ]
          ]
        ]
      },
      "properties": {
        "building_id": 66,
        "damage_tier": "no-damage",
        "confidence": 0.913
      }
    },
    {
      "type": "Feature",
      "geometry": {
        "type": "Polygon",
        "coordinates": [
          [
            [
              85.39442734375,
              27.751931640625003
            ],
            [
              85.39442734375,
              27.751873046875
            ],
            [
              85.39454453125,
              27.751873046875
            ],
            [
              85.39454453125,
              27.75190234375
            ],
            [
              85.394515234375,
              27.75190234375
            ],
            [
              85.394515234375,
              27.751931640625003
            ],
            [
              85.39442734375,
              27.751931640625003
            ]
          ]
        ]
      },
      "properties": {
        "building_id": 71,
        "damage_tier": "no-damage",
        "confidence": 0.809
      }
    },
    {
      "type": "Feature",
      "geometry": {
        "type": "Polygon",
        "coordinates": [
          [
            [
              85.39700546875,
              27.750876953125
            ],
            [
              85.39700546875,
              27.750847656250002
            ],
            [
              85.396976171875,
              27.750847656250002
            ],
            [
              85.396976171875,
              27.750642578125
            ],
            [
              85.39700546875,
              27.750642578125
            ],
            [
              85.39700546875,
              27.75061328125
            ],
            [
              85.39703476562501,
              27.75061328125
            ],
            [
              85.39703476562501,
              27.750642578125
            ],
            [
              85.39706406250001,
              27.750642578125
            ],
            [
              85.39706406250001,
              27.7507890625
            ],
            [
              85.397093359375,
              27.7507890625
            ],
            [
              85.397093359375,
              27.750847656250002
            ],
            [
              85.39706406250001,
              27.750847656250002
            ],
            [
              85.39706406250001,
              27.750876953125
            ],
            [
              85.39700546875,
              27.750876953125
            ]
          ]
        ]
      },
      "properties": {
        "building_id": 80,
        "damage_tier": "no-damage",
        "confidence": 0.914
      }
    },
    {
      "type": "Feature",
      "geometry": {
        "type": "Polygon",
        "coordinates": [
          [
            [
              85.402952734375,
              27.75307421875
            ],
            [
              85.402952734375,
              27.753044921875002
            ],
            [
              85.40292343750001,
              27.753044921875002
            ],
            [
              85.40292343750001,
              27.753015625
            ],
            [
              85.40289414062501,
              27.753015625
            ],
            [
              85.40289414062501,
              27.752986328125
            ],
            [
              85.402776953125,
              27.752986328125
            ],
            [
              85.402776953125,
              27.753015625
            ],
            [
              85.402425390625,
              27.753015625
            ],
            [
              85.402425390625,
              27.752986328125
            ],
            [
              85.402308203125,
              27.752986328125
            ],
            [
              85.402308203125,
              27.752957031250002
            ],
            [
              85.402249609375,
              27.752957031250002
            ],
            [
              85.402249609375,
              27.752927734375
            ],
            [
              85.40216171875001,
              27.752927734375
            ],
            [
              85.40216171875001,
              27.7528984375
            ],
            [
              85.402073828125,
              27.7528984375
            ],
            [
              85.402073828125,
              27.752869140625002
            ],
            [
              85.402015234375,
              27.752869140625002
            ],
            [
              85.402015234375,
              27.752839843750003
            ],
            [
              85.401898046875,
              27.752839843750003
            ],
            [
              85.401898046875,
              27.752869140625002
            ],
            [
              85.40181015625001,
              27.752869140625002
            ],
            [
              85.40181015625001,
              27.7528984375
            ],
            [
              85.40169296875,
              27.7528984375
            ],
            [
              85.40169296875,
              27.752927734375
            ],
            [
              85.401605078125,
              27.752927734375
            ],
            [
              85.401605078125,
              27.752957031250002
            ],
            [
              85.4015171875,
              27.752957031250002
            ],
            [
              85.4015171875,
              27.752927734375
            ],
            [
              85.40142929687501,
              27.752927734375
            ],
            [
              85.40142929687501,
              27.7528984375
            ],
            [
              85.4014,
              27.7528984375
            ],
            [
              85.4014,
              27.752869140625002
            ],
            [
              85.40134140625,
              27.752869140625002
            ],
            [
              85.40134140625,
              27.752839843750003
            ],
            [
              85.401312109375,
              27.752839843750003
            ],
            [
              85.401312109375,
              27.752810546875
            ],
            [
              85.4012828125,
              27.752810546875
            ],
            [
              85.4012828125,
              27.752751953125003
            ],
            [
              85.401253515625,
              27.752751953125003
            ],
            [
              85.401253515625,
              27.752693359375
            ],
            [
              85.40122421875,
              27.752693359375
            ],
            [
              85.40122421875,
              27.752634765625
            ],
            [
              85.401194921875,
              27.752634765625
            ],
            [
              85.401194921875,
              27.752576171875003
            ],
            [
              85.401165625,
              27.752576171875003
            ],
            [
              85.401165625,
              27.752488281250002
            ],
            [
              85.401136328125,
              27.752488281250002
            ],
            [
              85.401136328125,
              27.7524296875
            ],
            [
              85.40110703125,
              27.7524296875
            ],
            [
              85.40110703125,
              27.75237109375
            ],
            [
              85.40107773437501,
              27.75237109375
            ],
            [
              85.40107773437501,
              27.752341796875
            ],
            [
              85.40110703125,
              27.752341796875
            ],
            [
              85.40110703125,
              27.75225390625
            ],
            [
              85.40107773437501,
              27.75225390625
            ],
            [
              85.40107773437501,
              27.7521953125
            ],
            [
              85.40104843750001,
              27.7521953125
            ],
            [
              85.40104843750001,
              27.752136718750002
            ],
            [
              85.401019140625,
              27.752136718750002
            ],
            [
              85.401019140625,
              27.752107421875003
            ],
            [
              85.400960546875,
              27.752107421875003
            ],
            [
              85.400960546875,
              27.752078125
            ],
            [
              85.40093125,
              27.752078125
            ],
            [
              85.40093125,
              27.752048828125
            ],
            [
              85.400901953125,
              27.752048828125
            ],
            [
              85.400901953125,
              27.752019531250003
            ],
            [
              85.40087265625,
              27.752019531250003
            ],
            [
              85.40087265625,
              27.751990234375
            ],
            [
              85.4008140625,
              27.751990234375
            ],
            [
              85.4008140625,
              27.7519609375
            ],
            [
              85.400784765625,
              27.7519609375
            ],
            [
              85.400784765625,
              27.751931640625003
            ],
            [
              85.40069687500001,
              27.751931640625003
            ],
            [
              85.40069687500001,
              27.75190234375
            ],
            [
              85.40063828125,
              27.75190234375
            ],
            [
              85.40063828125,
              27.751843750000003
            ],
            [
              85.400608984375,
              27.751843750000003
            ],
            [
              85.400608984375,
              27.751462890625
            ],
            [
              85.40063828125,
              27.751462890625
            ],
            [
              85.40063828125,
              27.751375000000003
            ],
            [
              85.400667578125,
              27.751375000000003
            ],
            [
              85.400667578125,
              27.75131640625
            ],
            [
              85.40072617187501,
              27.75131640625
            ],
            [
              85.40072617187501,
              27.751287109375003
            ],
            [
              85.400843359375,
              27.751287109375003
            ],
            [
              85.400843359375,
              27.7512578125
            ],
            [
              85.400901953125,
              27.7512578125
            ],
            [
              85.400901953125,
              27.751199218750003
            ],
            [
              85.40093125,
              27.751199218750003
            ],
            [
              85.40093125,
              27.751169921875
            ],
            [
              85.400901953125,
              27.751169921875
            ],
            [
              85.400901953125,
              27.751052734375
            ],
            [
              85.40087265625,
              27.751052734375
            ],
            [
              85.40087265625,
              27.750994140625
            ],
            [
              85.400843359375,
              27.750994140625
            ],
            [
              85.400843359375,
              27.750935546875002
            ],
            [
              85.4008140625,
              27.750935546875002
            ],
            [
              85.4008140625,
              27.750818359375
            ],
            [
              85.400843359375,
              27.750818359375
            ],
            [
              85.400843359375,
              27.7507890625
            ],
            [
              85.40087265625,
              27.7507890625
            ],
            [
              85.40087265625,
              27.750759765625002
            ],
            [
              85.40093125,
              27.750759765625002
            ],
            [
              85.40093125,
              27.75073046875
            ],
            [
              85.400960546875,
              27.75073046875
            ],
            [
              85.400960546875,
              27.750701171875
            ],
            [
              85.401019140625,
              27.750701171875
            ],
            [
              85.401019140625,
              27.750671875000002
            ],
            [
              85.40104843750001,
              27.750671875000002
            ],
            [
              85.40104843750001,
              27.750642578125
            ],
            [
              85.40107773437501,
              27.750642578125
            ],
            [
              85.40107773437501,
              27.75061328125
            ],
            [
              85.401136328125,
              27.75061328125
            ],
            [
              85.401136328125,
              27.750583984375
            ],
            [
              85.401253515625,
              27.750583984375
            ],
            [
              85.401253515625,
              27.75061328125
            ],
            [
              85.401312109375,
              27.75061328125
            ],
            [
              85.401312109375,
              27.750642578125
            ],
            [
              85.40142929687501,
              27.750642578125
            ],
            [
              85.40142929687501,
              27.750671875000002
            ],
            [
              85.401487890625,
              27.750671875000002
            ],
            [
              85.401487890625,
              27.750701171875
            ],
            [
              85.4015171875,
              27.750701171875
            ],
            [
              85.4015171875,
              27.750759765625002
            ],
            [
              85.401546484375,
              27.750759765625002
            ],
            [
              85.401546484375,
              27.7507890625
            ],
            [
              85.40157578125,
              27.7507890625
            ],
            [
              85.40157578125,
              27.750818359375
            ],
            [
              85.401605078125,
              27.750818359375
            ],
            [
              85.401605078125,
              27.750847656250002
            ],
            [
              85.401634375,
              27.750847656250002
            ],
            [
              85.401634375,
              27.750876953125
            ],
            [
              85.401663671875,
              27.750876953125
            ],
            [
              85.401663671875,
              27.75090625
            ],
            [
              85.40169296875,
              27.75090625
            ],
            [
              85.40169296875,
              27.750935546875002
            ],
            [
              85.4017515625,
              27.750935546875002
            ],
            [
              85.4017515625,
              27.75096484375
            ],
            [
              85.40178085937501,
              27.75096484375
            ],
            [
              85.40178085937501,
              27.750994140625
            ],
            [
              85.40181015625001,
              27.750994140625
            ],
            [
              85.40181015625001,
              27.751023437500002
            ],
            [
              85.401839453125,
              27.751023437500002
            ],
            [
              85.401839453125,
              27.751052734375
            ],
            [
              85.40186875,
              27.751052734375
            ],
            [
              85.40186875,
              27.751140625
            ],
            [
              85.401898046875,
              27.751140625
            ],
            [
              85.401898046875,
              27.7512578125
            ],
            [
              85.40192734375,
              27.7512578125
            ],
            [
              85.40192734375,
              27.751345703125
            ],
            [
              85.401956640625,
              27.751345703125
            ],
            [
              85.401956640625,
              27.751404296875002
            ],
            [
              85.4019859375,
              27.751404296875002
            ],
            [
              85.4019859375,
              27.751462890625
            ],
            [
              85.402015234375,
              27.751462890625
            ],
            [
              85.402015234375,
              27.751492187500002
            ],
            [
              85.40204453125,
              27.751492187500002
            ],
            [
              85.40204453125,
              27.751521484375
            ],
            [
              85.402103125,
              27.751521484375
            ],
            [
              85.402103125,
              27.75155078125
            ],
            [
              85.40216171875001,
              27.75155078125
            ],
            [
              85.40216171875001,
              27.751843750000003
            ],
            [
              85.40219101562501,
              27.751843750000003
            ],
            [
              85.40219101562501,
              27.751873046875
            ],
            [
              85.4022203125,
              27.751873046875
            ],
            [
              85.4022203125,
              27.75190234375
            ],
            [
              85.402249609375,
              27.75190234375
            ],
            [
              85.402249609375,
              27.7519609375
            ],
            [
              85.40227890625,
              27.7519609375
            ],
            [
              85.40227890625,
              27.751990234375
            ],
            [
              85.402308203125,
              27.751990234375
            ],
            [
              85.402308203125,
              27.752019531250003
            ],
            [
              85.4023375,
              27.752019531250003
            ],
            [
              85.4023375,
              27.752166015625
            ],
            [
              85.402366796875,
              27.752166015625
            ],
            [
              85.402366796875,
              27.752458984375
            ],
            [
              85.40239609375,
              27.752458984375
            ],
            [
              85.40239609375,
              27.75260546875
            ],
            [
              85.402366796875,
              27.75260546875
            ],
            [
              85.402366796875,
              27.752693359375
            ],
            [
              85.4023375,
              27.752693359375
            ],
            [
              85.4023375,
              27.75272265625
            ],
            [
              85.402366796875,
              27.75272265625
            ],
            [
              85.402366796875,
              27.75278125
            ],
            [
              85.402425390625,
              27.75278125
            ],
            [
              85.402425390625,
              27.752810546875
            ],
            [
              85.40274765625,
              27.752810546875
            ],
            [
              85.40274765625,
              27.75278125
            ],
            [
              85.40280625,
              27.75278125
            ],
            [
              85.40280625,
              27.752751953125003
            ],
            [
              85.40289414062501,
              27.752751953125003
            ],
            [
              85.40289414062501,
              27.75278125
            ],
            [
              85.40292343750001,
              27.75278125
            ],
            [
              85.40292343750001,
              27.752810546875
            ],
            [
              85.40298203125,
              27.752810546875
            ],
            [
              85.40298203125,
              27.752839843750003
            ],
            [
              85.403011328125,
              27.752839843750003
            ],
            [
              85.403011328125,
              27.75307421875
            ],
            [
              85.402952734375,
              27.75307421875
            ]
          ]
        ]
      },
      "properties": {
        "building_id": 81,
        "damage_tier": "no-damage",
        "confidence": 0.662
      }
    },
    {
      "type": "Feature",
      "geometry": {
        "type": "Polygon",
        "coordinates": [
          [
            [
              85.398382421875,
              27.752458984375
            ],
            [
              85.398382421875,
              27.7524296875
            ],
            [
              85.398353125,
              27.7524296875
            ],
            [
              85.398353125,
              27.752400390625002
            ],
            [
              85.398323828125,
              27.752400390625002
            ],
            [
              85.398323828125,
              27.75237109375
            ],
            [
              85.39829453125,
              27.75237109375
            ],
            [
              85.39829453125,
              27.752166015625
            ],
            [
              85.398323828125,
              27.752166015625
            ],
            [
              85.398323828125,
              27.752107421875003
            ],
            [
              85.398353125,
              27.752107421875003
            ],
            [
              85.398353125,
              27.752078125
            ],
            [
              85.398382421875,
              27.752078125
            ],
            [
              85.398382421875,
              27.752048828125
            ],
            [
              85.39841171875,
              27.752048828125
            ],
            [
              85.39841171875,
              27.752019531250003
            ],
            [
              85.39852890625001,
              27.752019531250003
            ],
            [
              85.39852890625001,
              27.751990234375
            ],
            [
              85.398558203125,
              27.751990234375
            ],
            [
              85.398558203125,
              27.7519609375
            ],
            [
              85.3985875,
              27.7519609375
            ],
            [
              85.3985875,
              27.751931640625003
            ],
            [
              85.398616796875,
              27.751931640625003
            ],
            [
              85.398616796875,
              27.751873046875
            ],
            [
              85.398558203125,
              27.751873046875
            ],
            [
              85.398558203125,
              27.751843750000003
            ],
            [
              85.398382421875,
              27.751843750000003
            ],
            [
              85.398382421875,
              27.751814453125
            ],
            [
              85.398323828125,
              27.751814453125
            ],
            [
              85.398323828125,
              27.75178515625
            ],
            [
              85.39829453125,
              27.75178515625
            ],
            [
              85.39829453125,
              27.751755859375002
            ],
            [
              85.398206640625,
              27.751755859375002
            ],
            [
              85.398206640625,
              27.7517265625
            ],
            [
              85.39817734375,
              27.7517265625
            ],
            [
              85.39817734375,
              27.751755859375002
            ],
            [
              85.398030859375,
              27.751755859375002
            ],
            [
              85.398030859375,
              27.751843750000003
            ],
            [
              85.3980015625,
              27.751843750000003
            ],
            [
              85.3980015625,
              27.75190234375
            ],
            [
              85.397972265625,
              27.75190234375
            ],
            [
              85.397972265625,
              27.751931640625003
            ],
            [
              85.39779648437501,
              27.751931640625003
            ],
            [
              85.39779648437501,
              27.7519609375
            ],
            [
              85.39776718750001,
              27.7519609375
            ],
            [
              85.39776718750001,
              27.751990234375
            ],
            [
              85.397737890625,
              27.751990234375
            ],
            [
              85.397737890625,
              27.752048828125
            ],
            [
              85.39779648437501,
              27.752048828125
            ],
            [
              85.39779648437501,
              27.752078125
            ],
            [
              85.397855078125,
              27.752078125
            ],
            [
              85.397855078125,
              27.752107421875003
            ],
            [
              85.397913671875,
              27.752107421875003
            ],
            [
              85.397913671875,
              27.752166015625
            ],
            [
              85.397884375,
              27.752166015625
            ],
            [
              85.397884375,
              27.752224609375002
            ],
            [
              85.397855078125,
              27.752224609375002
            ],
            [
              85.397855078125,
              27.75225390625
            ],
            [
              85.397503515625,
              27.75225390625
            ],
            [
              85.397503515625,
              27.752283203125
            ],
            [
              85.39747421875,
              27.752283203125
            ],
            [
              85.39747421875,
              27.75225390625
            ],
            [
              85.397444921875,
              27.75225390625
            ],
            [
              85.397444921875,
              27.752224609375002
            ],
            [
              85.39741562500001,
              27.752224609375002
            ],
            [
              85.39741562500001,
              27.7521953125
            ],
            [
              85.39735703125,
              27.7521953125
            ],
            [
              85.39735703125,
              27.752166015625
            ],
            [
              85.3972984375,
              27.752166015625
            ],
            [
              85.3972984375,
              27.752136718750002
            ],
            [
              85.397269140625,
              27.752136718750002
            ],
            [
              85.397269140625,
              27.752107421875003
            ],
            [
              85.39723984375,
              27.752107421875003
            ],
            [
              85.39723984375,
              27.752078125
            ],
            [
              85.397210546875,
              27.752078125
            ],
            [
              85.397210546875,
              27.752019531250003
            ],
            [
              85.39718125,
              27.752019531250003
            ],
            [
              85.39718125,
              27.7519609375
            ],
            [
              85.397151953125,
              27.7519609375
            ],
            [
              85.397151953125,
              27.75190234375
            ],
            [
              85.39718125,
              27.75190234375
            ],
            [
              85.39718125,
              27.751873046875
            ],
            [
              85.397269140625,
              27.751873046875
            ],
            [
              85.397269140625,
              27.751843750000003
            ],
            [
              85.39738632812501,
              27.751843750000003
            ],
            [
              85.39738632812501,
              27.751814453125
            ],
            [
              85.39741562500001,
              27.751814453125
            ],
            [
              85.39741562500001,
              27.75178515625
            ],
            [
              85.397444921875,
              27.75178515625
            ],
            [
              85.397444921875,
              27.751755859375002
            ],
            [
              85.3975328125,
              27.751755859375002
            ],
            [
              85.3975328125,
              27.7517265625
            ],
            [
              85.397884375,
              27.7517265625
            ],
            [
              85.397884375,
              27.751609375
            ],
            [
              85.397855078125,
              27.751609375
            ],
            [
              85.397855078125,
              27.75155078125
            ],
            [
              85.39782578125,
              27.75155078125
            ],
            [
              85.39782578125,
              27.751462890625
            ],
            [
              85.39779648437501,
              27.751462890625
            ],
            [
              85.39779648437501,
              27.751375000000003
            ],
            [
              85.39776718750001,
              27.751375000000003
            ],
            [
              85.39776718750001,
              27.751345703125
            ],
            [
              85.39765,
              27.751345703125
            ],
            [
              85.39765,
              27.75131640625
            ],
            [
              85.397562109375,
              27.75131640625
            ],
            [
              85.397562109375,
              27.751345703125
            ],
            [
              85.397503515625,
              27.751345703125
            ],
            [
              85.397503515625,
              27.751375000000003
            ],
            [
              85.39747421875,
              27.751375000000003
            ],
            [
              85.39747421875,
              27.751404296875002
            ],
            [
              85.397444921875,
              27.751404296875002
            ],
            [
              85.397444921875,
              27.751462890625
            ],
            [
              85.39741562500001,
              27.751462890625
            ],
            [
              85.39741562500001,
              27.751492187500002
            ],
            [
              85.39738632812501,
              27.751492187500002
            ],
            [
              85.39738632812501,
              27.75155078125
            ],
            [
              85.39735703125,
              27.75155078125
            ],
            [
              85.39735703125,
              27.751580078125002
            ],
            [
              85.397269140625,
              27.751580078125002
            ],
            [
              85.397269140625,
              27.751609375
            ],
            [
              85.39723984375,
              27.751609375
            ],
            [
              85.39723984375,
              27.751580078125002
            ],
            [
              85.397210546875,
              27.751580078125002
            ],
            [
              85.397210546875,
              27.75155078125
            ],
            [
              85.39718125,
              27.75155078125
            ],
            [
              85.39718125,
              27.751287109375003
            ],
            [
              85.397210546875,
              27.751287109375003
            ],
            [
              85.397210546875,
              27.751228515625
            ],
            [
              85.39723984375,
              27.751228515625
            ],
            [
              85.39723984375,
              27.751199218750003
            ],
            [
              85.39741562500001,
              27.751199218750003
            ],
            [
              85.39741562500001,
              27.751228515625
            ],
            [
              85.39747421875,
              27.751228515625
            ],
            [
              85.39747421875,
              27.7512578125
            ],
            [
              85.39759140625,
              27.7512578125
            ],
            [
              85.39759140625,
              27.751228515625
            ],
            [
              85.397620703125,
              27.751228515625
            ],
            [
              85.397620703125,
              27.751199218750003
            ],
            [
              85.39765,
              27.751199218750003
            ],
            [
              85.39765,
              27.751169921875
            ],
            [
              85.397679296875,
              27.751169921875
            ],
            [
              85.397679296875,
              27.751140625
            ],
            [
              85.39782578125,
              27.751140625
            ],
            [
              85.39782578125,
              27.751199218750003
            ],
            [
              85.397855078125,
              27.751199218750003
            ],
            [
              85.397855078125,
              27.751345703125
            ],
            [
              85.397913671875,
              27.751345703125
            ],
            [
              85.397913671875,
              27.751375000000003
            ],
            [
              85.3980015625,
              27.751375000000003
            ],
            [
              85.3980015625,
              27.751404296875002
            ],
            [
              85.398030859375,
              27.751404296875002
            ],
            [
              85.398030859375,
              27.75143359375
            ],
            [
              85.398089453125,
              27.75143359375
            ],
            [
              85.398089453125,
              27.751023437500002
            ],
            [
              85.39806015625,
              27.751023437500002
            ],
            [
              85.39806015625,
              27.750994140625
            ],
            [
              85.398030859375,
              27.750994140625
            ],
            [
              85.398030859375,
              27.75096484375
            ],
            [
              85.397972265625,
              27.75096484375
            ],
            [
              85.397972265625,
              27.750935546875002
            ],
            [
              85.39794296875,
              27.750935546875002
            ],
            [
              85.39794296875,
              27.75090625
            ],
            [
              85.397913671875,
              27.75090625
            ],
            [
              85.397913671875,
              27.750847656250002
            ],
            [
              85.397884375,
              27.750847656250002
            ],
            [
              85.397884375,
              27.750818359375
            ],
            [
              85.397855078125,
              27.750818359375
            ],
            [
              85.397855078125,
              27.7507890625
            ],
            [
              85.39779648437501,
              27.7507890625
            ],
            [
              85.39779648437501,
              27.750759765625002
            ],
            [
              85.39776718750001,
              27.750759765625002
            ],
            [
              85.39776718750001,
              27.750701171875
            ],
            [
              85.39779648437501,
              27.750701171875
            ],
            [
              85.39779648437501,
              27.75061328125
            ],
            [
              85.397855078125,
              27.75061328125
            ],
            [
              85.397855078125,
              27.750583984375
            ],
            [
              85.3984703125,
              27.750583984375
            ],
            [
              85.3984703125,
              27.750554687500003
            ],
            [
              85.398558203125,
              27.750554687500003
            ],
            [
              85.398558203125,
              27.750525390625
            ],
            [
              85.398733984375,
              27.750525390625
            ],
            [
              85.398733984375,
              27.750554687500003
            ],
            [
              85.398792578125,
              27.750554687500003
            ],
            [
              85.398792578125,
              27.750583984375
            ],
            [
              85.39888046875001,
              27.750583984375
            ],
            [
              85.39888046875001,
              27.75061328125
            ],
            [
              85.398909765625,
              27.75061328125
            ],
            [
              85.398909765625,
              27.750642578125
            ],
            [
              85.398968359375,
              27.750642578125
            ],
            [
              85.398968359375,
              27.750671875000002
            ],
            [
              85.39899765625,
              27.750671875000002
            ],
            [
              85.39899765625,
              27.75073046875
            ],
            [
              85.399026953125,
              27.75073046875
            ],
            [
              85.399026953125,
              27.7507890625
            ],
            [
              85.39905625,
              27.7507890625
            ],
            [
              85.39905625,
              27.750847656250002
            ],
            [
              85.399085546875,
              27.750847656250002
            ],
            [
              85.399085546875,
              27.750935546875002
            ],
            [
              85.39911484375,
              27.750935546875002
            ],
            [
              85.39911484375,
              27.75096484375
            ],
            [
              85.399144140625,
              27.75096484375
            ],
            [
              85.399144140625,
              27.750994140625
            ],
            [
              85.399085546875,
              27.750994140625
            ],
            [
              85.399085546875,
              27.751023437500002
            ],
            [
              85.39885117187501,
              27.751023437500002
            ],
            [
              85.39885117187501,
              27.751052734375
            ],
            [
              85.398792578125,
              27.751052734375
            ],
            [
              85.398792578125,
              27.75108203125
            ],
            [
              85.398733984375,
              27.75108203125
            ],
            [
              85.398733984375,
              27.75131640625
            ],
            [
              85.3987046875,
              27.75131640625
            ],
            [
              85.3987046875,
              27.751404296875002
            ],
            [
              85.398675390625,
              27.751404296875002
            ],
            [
              85.398675390625,
              27.751462890625
            ],
            [
              85.39864609375,
              27.751462890625
            ],
            [
              85.39864609375,
              27.751492187500002
            ],
            [
              85.398616796875,
              27.751492187500002
            ],
            [
              85.398616796875,
              27.751521484375
            ],
            [
              85.3985875,
              27.751521484375
            ],
            [
              85.3985875,
              27.751580078125002
            ],
            [
              85.398558203125,
              27.751580078125002
            ],
            [
              85.398558203125,
              27.751609375
            ],
            [
              85.39852890625001,
              27.751609375
            ],
            [
              85.39852890625001,
              27.751638671875
            ],
            [
              85.3984703125,
              27.751638671875
            ],
            [
              85.3984703125,
              27.751667968750002
            ],
            [
              85.398441015625,
              27.751667968750002
            ],
            [
              85.398441015625,
              27.751697265625
            ],
            [
              85.3984703125,
              27.751697265625
            ],
            [
              85.3984703125,
              27.7517265625
            ],
            [
              85.39864609375,
              27.7517265625
            ],
            [
              85.39864609375,
              27.751755859375002
            ],
            [
              85.398792578125,
              27.751755859375002
            ],
            [
              85.398792578125,
              27.75178515625
            ],
            [
              85.39885117187501,
              27.75178515625
            ],
            [
              85.39885117187501,
              27.751814453125
            ],
            [
              85.39899765625,
              27.751814453125
            ],
            [
              85.39899765625,
              27.75178515625
            ],
            [
              85.39905625,
              27.75178515625
            ],
            [
              85.39905625,
              27.7517265625
            ],
            [
              85.399026953125,
              27.7517265625
            ],
            [
              85.399026953125,
              27.751697265625
            ],
            [
              85.39899765625,
              27.751697265625
            ],
            [
              85.39899765625,
              27.751667968750002
            ],
            [
              85.398968359375,
              27.751667968750002
            ],
            [
              85.398968359375,
              27.751492187500002
            ],
            [
              85.39899765625,
              27.751492187500002
            ],
            [
              85.39899765625,
              27.75143359375
            ],
            [
              85.399026953125,
              27.75143359375
            ],
            [
              85.399026953125,
              27.751404296875002
            ],
            [
              85.399085546875,
              27.751404296875002
            ],
            [
              85.399085546875,
              27.751375000000003
            ],
            [
              85.39911484375,
              27.751375000000003
            ],
            [
              85.39911484375,
              27.751404296875002
            ],
            [
              85.399144140625,
              27.751404296875002
            ],
            [
              85.399144140625,
              27.75143359375
            ],
            [
              85.3991734375,
              27.75143359375
            ],
            [
              85.3991734375,
              27.751580078125002
            ],
            [
              85.399319921875,
              27.751580078125002
            ],
            [
              85.399319921875,
              27.75155078125
            ],
            [
              85.39934921875,
              27.75155078125
            ],
            [
              85.39934921875,
              27.751580078125002
            ],
            [
              85.399378515625,
              27.751580078125002
            ],
            [
              85.399378515625,
              27.751609375
            ],
            [
              85.3994078125,
              27.751609375
            ],
            [
              85.3994078125,
              27.751697265625
            ],
            [
              85.399378515625,
              27.751697265625
            ],
            [
              85.399378515625,
              27.75178515625
            ],
            [
              85.399319921875,
              27.75178515625
            ],
            [
              85.399319921875,
              27.751814453125
            ],
            [
              85.39923203125001,
              27.751814453125
            ],
            [
              85.39923203125001,
              27.751843750000003
            ],
            [
              85.3991734375,
              27.751843750000003
            ],
            [
              85.3991734375,
              27.752166015625
            ],
            [
              85.399144140625,
              27.752166015625
            ],
            [
              85.399144140625,
              27.7521953125
            ],
            [
              85.399085546875,
              27.7521953125
            ],
            [
              85.399085546875,
              27.752224609375002
            ],
            [
              85.399026953125,
              27.752224609375002
            ],
            [
              85.399026953125,
              27.75225390625
            ],
            [
              85.398968359375,
              27.75225390625
            ],
            [
              85.398968359375,
              27.752283203125
            ],
            [
              85.398909765625,
              27.752283203125
            ],
            [
              85.398909765625,
              27.752312500000002
            ],
            [
              85.39885117187501,
              27.752312500000002
            ],
            [
              85.39885117187501,
              27.752341796875
            ],
            [
              85.398792578125,
              27.752341796875
            ],
            [
              85.398792578125,
              27.75237109375
            ],
            [
              85.3987046875,
              27.75237109375
            ],
            [
              85.3987046875,
              27.752400390625002
            ],
            [
              85.3985875,
              27.752400390625002
            ],
            [
              85.3985875,
              27.7524296875
            ],
            [
              85.398441015625,
              27.7524296875
            ],
            [
              85.398441015625,
              27.752458984375
            ],
            [
              85.398382421875,
              27.752458984375
            ]
          ],
          [
            [
              85.39849960937501,
              27.751052734375
            ],
            [
              85.3985875,
              27.751052734375
            ],
            [
              85.3985875,
              27.75096484375
            ],
            [
              85.398558203125,
              27.75096484375
            ],
            [
              85.398558203125,
              27.750935546875002
            ],
            [
              85.39852890625001,
              27.750935546875002
            ],
            [
              85.39852890625001,
              27.75090625
            ],
            [
              85.398382421875,
              27.75090625
            ],
            [
              85.398382421875,
              27.750994140625
            ],
            [
              85.39841171875,
              27.750994140625
            ],
            [
              85.39841171875,
              27.751023437500002
            ],
            [
              85.39849960937501,
              27.751023437500002
            ],
            [
              85.39849960937501,
              27.751052734375
            ]
          ]
        ]
      },
      "properties": {
        "building_id": 84,
        "damage_tier": "no-damage",
        "confidence": 0.861
      }
    },
    {
      "type": "Feature",
      "geometry": {
        "type": "Polygon",
        "coordinates": [
          [
            [
              85.39592148437501,
              27.752693359375
            ],
            [
              85.39592148437501,
              27.752664062500003
            ],
            [
              85.39583359375,
              27.752664062500003
            ],
            [
              85.39583359375,
              27.752634765625
            ],
            [
              85.395804296875,
              27.752634765625
            ],
            [
              85.395804296875,
              27.752576171875003
            ],
            [
              85.395775,
              27.752576171875003
            ],
            [
              85.395775,
              27.752488281250002
            ],
            [
              85.395745703125,
              27.752488281250002
            ],
            [
              85.395745703125,
              27.7524296875
            ],
            [
              85.39571640625,
              27.7524296875
            ],
            [
              85.39571640625,
              27.752400390625002
            ],
            [
              85.395687109375,
              27.752400390625002
            ],
            [
              85.395687109375,
              27.75237109375
            ],
            [
              85.3956578125,
              27.75237109375
            ],
            [
              85.3956578125,
              27.752312500000002
            ],
            [
              85.395628515625,
              27.752312500000002
            ],
            [
              85.395628515625,
              27.752283203125
            ],
            [
              85.395511328125,
              27.752283203125
            ],
            [
              85.395511328125,
              27.752312500000002
            ],
            [
              85.39548203125,
              27.752312500000002
            ],
            [
              85.39548203125,
              27.752341796875
            ],
            [
              85.3954234375,
              27.752341796875
            ],
            [
              85.3954234375,
              27.75237109375
            ],
            [
              85.395394140625,
              27.75237109375
            ],
            [
              85.395394140625,
              27.752400390625002
            ],
            [
              85.39536484375,
              27.752400390625002
            ],
            [
              85.39536484375,
              27.7524296875
            ],
            [
              85.395335546875,
              27.7524296875
            ],
            [
              85.395335546875,
              27.752400390625002
            ],
            [
              85.39530625,
              27.752400390625002
            ],
            [
              85.39530625,
              27.752341796875
            ],
            [
              85.395276953125,
              27.752341796875
            ],
            [
              85.395276953125,
              27.752312500000002
            ],
            [
              85.39524765625,
              27.752312500000002
            ],
            [
              85.39524765625,
              27.752283203125
            ],
            [
              85.39521835937501,
              27.752283203125
            ],
            [
              85.39521835937501,
              27.75225390625
            ],
            [
              85.39518906250001,
              27.75225390625
            ],
            [
              85.39518906250001,
              27.752224609375002
            ],
            [
              85.39513046875,
              27.752224609375002
            ],
            [
              85.39513046875,
              27.7521953125
            ],
            [
              85.394983984375,
              27.7521953125
            ],
            [
              85.394983984375,
              27.752166015625
            ],
            [
              85.39489609375,
              27.752166015625
            ],
            [
              85.39489609375,
              27.752136718750002
            ],
            [
              85.39486679687501,
              27.752136718750002
            ],
            [
              85.39486679687501,
              27.752048828125
            ],
            [
              85.39483750000001,
              27.752048828125
            ],
            [
              85.39483750000001,
              27.7519609375
            ],
            [
              85.39486679687501,
              27.7519609375
            ],
            [
              85.39486679687501,
              27.751755859375002
            ],
            [
              85.39483750000001,
              27.751755859375002
            ],
            [
              85.39483750000001,
              27.7517265625
            ],
            [
              85.394808203125,
              27.7517265625
            ],
            [
              85.394808203125,
              27.751697265625
            ],
            [
              85.394691015625,
              27.751697265625
            ],
            [
              85.394691015625,
              27.7517265625
            ],
            [
              85.394632421875,
              27.7517265625
            ],
            [
              85.394632421875,
              27.751697265625
            ],
            [
              85.39454453125,
              27.751697265625
            ],
            [
              85.39454453125,
              27.751667968750002
            ],
            [
              85.394515234375,
              27.751667968750002
            ],
            [
              85.394515234375,
              27.751638671875
            ],
            [
              85.39448593750001,
              27.751638671875
            ],
            [
              85.39448593750001,
              27.751609375
            ],
            [
              85.39445664062501,
              27.751609375
            ],
            [
              85.39445664062501,
              27.751580078125002
            ],
            [
              85.39442734375,
              27.751580078125002
            ],
            [
              85.39442734375,
              27.75155078125
            ],
            [
              85.394398046875,
              27.75155078125
            ],
            [
              85.394398046875,
              27.751492187500002
            ],
            [
              85.39436875,
              27.751492187500002
            ],
            [
              85.39436875,
              27.75143359375
            ],
            [
              85.394339453125,
              27.75143359375
            ],
            [
              85.394339453125,
              27.751375000000003
            ],
            [
              85.39431015625,
              27.751375000000003
            ],
            [
              85.39431015625,
              27.751345703125
            ],
            [
              85.394280859375,
              27.751345703125
            ],
            [
              85.394280859375,
              27.75131640625
            ],
            [
              85.3942515625,
              27.75131640625
            ],
            [
              85.3942515625,
              27.7512578125
            ],
            [
              85.394280859375,
              27.7512578125
            ],
            [
              85.394280859375,
              27.751169921875
            ],
            [
              85.394222265625,
              27.751169921875
            ],
            [
              85.394222265625,
              27.751140625
            ],
            [
              85.39419296875,
              27.751140625
            ],
            [
              85.39419296875,
              27.751111328125003
            ],
            [
              85.394163671875,
              27.751111328125003
            ],
            [
              85.394163671875,
              27.75108203125
            ],
            [
              85.39413437500001,
              27.75108203125
            ],
            [
              85.39413437500001,
              27.751052734375
            ],
            [
              85.39410507812501,
              27.751052734375
            ],
            [
              85.39410507812501,
              27.751023437500002
            ],
            [
              85.39407578125,
              27.751023437500002
            ],
            [
              85.39407578125,
              27.750994140625
            ],
            [
              85.394046484375,
              27.750994140625
            ],
            [
              85.394046484375,
              27.750818359375
            ],
            [
              85.39407578125,
              27.750818359375
            ],
            [
              85.39407578125,
              27.7507890625
            ],
            [
              85.39410507812501,
              27.7507890625
            ],
            [
              85.39410507812501,
              27.750759765625002
            ],
            [
              85.394163671875,
              27.750759765625002
            ],
            [
              85.394163671875,
              27.75073046875
            ],
            [
              85.394222265625,
              27.75073046875
            ],
            [
              85.394222265625,
              27.750701171875
            ],
            [
              85.394280859375,
              27.750701171875
            ],
            [
              85.394280859375,
              27.750671875000002
            ],
            [
              85.3947203125,
              27.750671875000002
            ],
            [
              85.3947203125,
              27.750701171875
            ],
            [
              85.394808203125,
              27.750701171875
            ],
            [
              85.394808203125,
              27.75073046875
            ],
            [
              85.39486679687501,
              27.75073046875
            ],
            [
              85.39486679687501,
              27.750759765625002
            ],
            [
              85.39489609375,
              27.750759765625002
            ],
            [
              85.39489609375,
              27.7507890625
            ],
            [
              85.394925390625,
              27.7507890625
            ],
            [
              85.394925390625,
              27.750876953125
            ],
            [
              85.3949546875,
              27.750876953125
            ],
            [
              85.3949546875,
              27.751023437500002
            ],
            [
              85.394983984375,
              27.751023437500002
            ],
            [
              85.394983984375,
              27.75108203125
            ],
            [
              85.39501328125,
              27.75108203125
            ],
            [
              85.39501328125,
              27.751140625
            ],
            [
              85.395042578125,
              27.751140625
            ],
            [
              85.395042578125,
              27.751345703125
            ],
            [
              85.39501328125,
              27.751345703125
            ],
            [
              85.39501328125,
              27.751404296875002
            ],
            [
              85.394983984375,
              27.751404296875002
            ],
            [
              85.394983984375,
              27.751462890625
            ],
            [
              85.39501328125,
              27.751462890625
            ],
            [
              85.39501328125,
              27.751492187500002
            ],
            [
              85.395042578125,
              27.751492187500002
            ],
            [
              85.395042578125,
              27.751521484375
            ],
            [
              85.395101171875,
              27.751521484375
            ],
            [
              85.395101171875,
              27.75155078125
            ],
            [
              85.39518906250001,
              27.75155078125
            ],
            [
              85.39518906250001,
              27.751580078125002
            ],
            [
              85.395276953125,
              27.751580078125002
            ],
            [
              85.395276953125,
              27.75155078125
            ],
            [
              85.39530625,
              27.75155078125
            ],
            [
              85.39530625,
              27.751521484375
            ],
            [
              85.395335546875,
              27.751521484375
            ],
            [
              85.395335546875,
              27.751404296875002
            ],
            [
              85.39530625,
              27.751404296875002
            ],
            [
              85.39530625,
              27.75131640625
            ],
            [
              85.395276953125,
              27.75131640625
            ],
            [
              85.395276953125,
              27.7512578125
            ],
            [
              85.39524765625,
              27.7512578125
            ],
            [
              85.39524765625,
              27.751228515625
            ],
            [
              85.39521835937501,
              27.751228515625
            ],
            [
              85.39521835937501,
              27.75108203125
            ],
            [
              85.39518906250001,
              27.75108203125
            ],
            [
              85.39518906250001,
              27.75096484375
            ],
            [
              85.395159765625,
              27.75096484375
            ],
            [
              85.395159765625,
              27.750876953125
            ],
            [
              85.39513046875,
              27.750876953125
            ],
            [
              85.39513046875,
              27.750847656250002
            ],
            [
              85.395101171875,
              27.750847656250002
            ],
            [
              85.395101171875,
              27.750818359375
            ],
            [
              85.395071875,
              27.750818359375
            ],
            [
              85.395071875,
              27.750759765625002
            ],
            [
              85.395042578125,
              27.750759765625002
            ],
            [
              85.395042578125,
              27.750671875000002
            ],
            [
              85.39501328125,
              27.750671875000002
            ],
            [
              85.39501328125,
              27.75061328125
            ],
            [
              85.394983984375,
              27.75061328125
            ],
            [
              85.394983984375,
              27.750583984375
            ],
            [
              85.39483750000001,
              27.750583984375
            ],
            [
              85.39483750000001,
              27.750554687500003
            ],
            [
              85.394632421875,
              27.750554687500003
            ],
            [
              85.394632421875,
              27.750525390625
            ],
            [
              85.394603125,
              27.750525390625
            ],
            [
              85.394603125,
              27.75049609375
            ],
            [
              85.394573828125,
              27.75049609375
            ],
            [
              85.394573828125,
              27.750466796875003
            ],
            [
              85.39454453125,
              27.750466796875003
            ],
            [
              85.39454453125,
              27.7504375
            ],
            [
              85.39448593750001,
              27.7504375
            ],
            [
              85.39448593750001,
              27.750408203125
            ],
            [
              85.39445664062501,
              27.750408203125
            ],
            [
              85.39445664062501,
              27.750378906250003
            ],
            [
              85.394398046875,
              27.750378906250003
            ],
            [
              85.394398046875,
              27.7503203125
            ],
            [
              85.39436875,
              27.7503203125
            ],
            [
              85.39436875,
              27.75026171875
            ],
            [
              85.394398046875,
              27.75026171875
            ],
            [
              85.394398046875,
              27.750232421875
            ],
            [
              85.39445664062501,
              27.750232421875
            ],
            [
              85.39445664062501,
              27.75026171875
            ],
            [
              85.39448593750001,
              27.75026171875
            ],
            [
              85.39448593750001,
              27.750291015625002
            ],
            [
              85.394573828125,
              27.750291015625002
            ],
            [
              85.394573828125,
              27.7503203125
            ],
            [
              85.394749609375,
              27.7503203125
            ],
            [
              85.394749609375,
              27.750349609375
            ],
            [
              85.395071875,
              27.750349609375
            ],
            [
              85.395071875,
              27.7503203125
            ],
            [
              85.395159765625,
              27.7503203125
            ],
            [
              85.395159765625,
              27.750291015625002
            ],
            [
              85.39521835937501,
              27.750291015625002
            ],
            [
              85.39521835937501,
              27.75026171875
            ],
            [
              85.39524765625,
              27.75026171875
            ],
            [
              85.39524765625,
              27.750232421875
            ],
            [
              85.39521835937501,
              27.750232421875
            ],
            [
              85.39521835937501,
              27.750173828125
            ],
            [
              85.39518906250001,
              27.750173828125
            ],
            [
              85.39518906250001,
              27.750115234375002
            ],
            [
              85.39524765625,
              27.750115234375002
            ],
            [
              85.39524765625,
              27.7500859375
            ],
            [
              85.395276953125,
              27.7500859375
            ],
            [
              85.395276953125,
              27.750056640625
            ],
            [
              85.39530625,
              27.750056640625
            ],
            [
              85.39530625,
              27.750027343750002
            ],
            [
              85.395335546875,
              27.750027343750002
            ],
            [
              85.395335546875,
              27.749998046875
            ],
            [
              85.3954234375,
              27.749998046875
            ],
            [
              85.3954234375,
              27.74996875
            ],
            [
              85.395540625,
              27.74996875
            ],
            [
              85.395540625,
              27.749939453125002
            ],
            [
              85.395745703125,
              27.749939453125002
            ],
            [
              85.395745703125,
              27.74996875
            ],
            [
              85.395804296875,
              27.74996875
            ],
            [
              85.395804296875,
              27.749998046875
            ],
            [
              85.39583359375,
              27.749998046875
            ],
            [
              85.39583359375,
              27.750027343750002
            ],
            [
              85.395862890625,
              27.750027343750002
            ],
            [
              85.395862890625,
              27.7500859375
            ],
            [
              85.3958921875,
              27.7500859375
            ],
            [
              85.3958921875,
              27.750173828125
            ],
            [
              85.39595078125001,
              27.750173828125
            ],
            [
              85.39595078125001,
              27.750203125000002
            ],
            [
              85.396097265625,
              27.750203125000002
            ],
            [
              85.396097265625,
              27.750232421875
            ],
            [
              85.39630234375001,
              27.750232421875
            ],
            [
              85.39630234375001,
              27.75026171875
            ],
            [
              85.396390234375,
              27.75026171875
            ],
            [
              85.396390234375,
              27.750291015625002
            ],
            [
              85.39641953125,
              27.750291015625002
            ],
            [
              85.39641953125,
              27.7503203125
            ],
            [
              85.396448828125,
              27.7503203125
            ],
            [
              85.396448828125,
              27.750378906250003
            ],
            [
              85.396478125,
              27.750378906250003
            ],
            [
              85.396478125,
              27.750759765625002
            ],
            [
              85.396507421875,
              27.750759765625002
            ],
            [
              85.396507421875,
              27.7507890625
            ],
            [
              85.39653671875,
              27.7507890625
            ],
            [
              85.39653671875,
              27.750818359375
            ],
            [
              85.396566015625,
              27.750818359375
            ],
            [
              85.396566015625,
              27.750876953125
            ],
            [
              85.3965953125,
              27.750876953125
            ],
            [
              85.3965953125,
              27.75090625
            ],
            [
              85.396624609375,
              27.75090625
            ],
            [
              85.396624609375,
              27.750935546875002
            ],
            [
              85.39665390625001,
              27.750935546875002
            ],
            [
              85.39665390625001,
              27.75096484375
            ],
            [
              85.39668320312501,
              27.75096484375
            ],
            [
              85.39668320312501,
              27.751052734375
            ],
            [
              85.3967125,
              27.751052734375
            ],
            [
              85.3967125,
              27.751111328125003
            ],
            [
              85.396741796875,
              27.751111328125003
            ],
            [
              85.396741796875,
              27.751140625
            ],
            [
              85.39677109375,
              27.751140625
            ],
            [
              85.39677109375,
              27.751169921875
            ],
            [
              85.396800390625,
              27.751169921875
            ],
            [
              85.396800390625,
              27.751228515625
            ],
            [
              85.3968296875,
              27.751228515625
            ],
            [
              85.3968296875,
              27.7512578125
            ],
            [
              85.396858984375,
              27.7512578125
            ],
            [
              85.396858984375,
              27.751287109375003
            ],
            [
              85.39688828125,
              27.751287109375003
            ],
            [
              85.39688828125,
              27.75131640625
            ],
            [
              85.396917578125,
              27.75131640625
            ],
            [
              85.396917578125,
              27.751521484375
            ],
            [
              85.39688828125,
              27.751521484375
            ],
            [
              85.39688828125,
              27.751580078125002
            ],
            [
              85.396858984375,
              27.751580078125002
            ],
            [
              85.396858984375,
              27.751609375
            ],
            [
              85.3968296875,
              27.751609375
            ],
            [
              85.3968296875,
              27.751638671875
            ],
            [
              85.396800390625,
              27.751638671875
            ],
            [
              85.396800390625,
              27.751697265625
            ],
            [
              85.39677109375,
              27.751697265625
            ],
            [
              85.39677109375,
              27.751755859375002
            ],
            [
              85.396741796875,
              27.751755859375002
            ],
            [
              85.396741796875,
              27.751814453125
            ],
            [
              85.3967125,
              27.751814453125
            ],
            [
              85.3967125,
              27.75190234375
            ],
            [
              85.39668320312501,
              27.75190234375
            ],
            [
              85.39668320312501,
              27.751990234375
            ],
            [
              85.39665390625001,
              27.751990234375
            ],
            [
              85.39665390625001,
              27.752019531250003
            ],
            [
              85.396624609375,
              27.752019531250003
            ],
            [
              85.396624609375,
              27.752078125
            ],
            [
              85.3965953125,
              27.752078125
            ],
            [
              85.3965953125,
              27.752107421875003
            ],
            [
              85.396566015625,
              27.752107421875003
            ],
            [
              85.396566015625,
              27.752166015625
            ],
            [
              85.396507421875,
              27.752166015625
            ],
            [
              85.396507421875,
              27.7521953125
            ],
            [
              85.39641953125,
              27.7521953125
            ],
            [
              85.39641953125,
              27.752224609375002
            ],
            [
              85.396390234375,
              27.752224609375002
            ],
            [
              85.396390234375,
              27.75225390625
            ],
            [
              85.3963609375,
              27.75225390625
            ],
            [
              85.3963609375,
              27.752283203125
            ],
            [
              85.39633164062501,
              27.752283203125
            ],
            [
              85.39633164062501,
              27.752312500000002
            ],
            [
              85.39630234375001,
              27.752312500000002
            ],
            [
              85.39630234375001,
              27.75237109375
            ],
            [
              85.396273046875,
              27.75237109375
            ],
            [
              85.396273046875,
              27.752517578125
            ],
            [
              85.39624375,
              27.752517578125
            ],
            [
              85.39624375,
              27.752576171875003
            ],
            [
              85.396214453125,
              27.752576171875003
            ],
            [
              85.396214453125,
              27.75260546875
            ],
            [
              85.39618515625,
              27.75260546875
            ],
            [
              85.39618515625,
              27.752634765625
            ],
            [
              85.396155859375,
              27.752634765625
            ],
            [
              85.396155859375,
              27.752664062500003
            ],
            [
              85.396097265625,
              27.752664062500003
            ],
            [
              85.396097265625,
              27.752693359375
            ],
            [
              85.39592148437501,
              27.752693359375
            ]
          ],
          [
            [
              85.395101171875,
              27.751990234375
            ],
            [
              85.395159765625,
              27.751990234375
            ],
            [
              85.395159765625,
              27.7519609375
            ],
            [
              85.39518906250001,
              27.7519609375
            ],
            [
              85.39518906250001,
              27.75190234375
            ],
            [
              85.39521835937501,
              27.75190234375
            ],
            [
              85.39521835937501,
              27.751843750000003
            ],
            [
              85.39518906250001,
              27.751843750000003
            ],
            [
              85.39518906250001,
              27.75178515625
            ],
            [
              85.395159765625,
              27.75178515625
            ],
            [
              85.395159765625,
              27.751755859375002
            ],
            [
              85.395101171875,
              27.751755859375002
            ],
            [
              85.395101171875,
              27.75178515625
            ],
            [
              85.395071875,
              27.75178515625
            ],
            [
              85.395071875,
              27.7519609375
            ],
            [
              85.395101171875,
              27.7519609375
            ],
            [
              85.395101171875,
              27.751990234375
            ]
          ],
          [
            [
              85.39536484375,
              27.751697265625
            ],
            [
              85.3954234375,
              27.751697265625
            ],
            [
              85.3954234375,
              27.751638671875
            ],
            [
              85.39536484375,
              27.751638671875
            ],
            [
              85.39536484375,
              27.751697265625
            ]
          ],
          [
            [
              85.395540625,
              27.751580078125002
            ],
            [
              85.3956578125,
              27.751580078125002
            ],
            [
              85.3956578125,
              27.75155078125
            ],
            [
              85.395540625,
              27.75155078125
            ],
            [
              85.395540625,
              27.751580078125002
            ]
          ],
          [
            [
              85.394398046875,
              27.751111328125003
            ],
            [
              85.39442734375,
              27.751111328125003
            ],
            [
              85.39442734375,
              27.75108203125
            ],
            [
              85.394398046875,
              27.75108203125
            ],
            [
              85.394398046875,
              27.751111328125003
            ]
          ],
          [
            [
              85.396155859375,
              27.75090625
            ],
            [
              85.39618515625,
              27.75090625
            ],
            [
              85.39618515625,
              27.750876953125
            ],
            [
              85.396214453125,
              27.750876953125
            ],
            [
              85.396214453125,
              27.750847656250002
            ],
            [
              85.39624375,
              27.750847656250002
            ],
            [
              85.39624375,
              27.750818359375
            ],
            [
              85.396214453125,
              27.750818359375
            ],
            [
              85.396214453125,
              27.750759765625002
            ],
            [
              85.39618515625,
              27.750759765625002
            ],
            [
              85.39618515625,
              27.75073046875
            ],
            [
              85.396155859375,
              27.75073046875
            ],
            [
              85.396155859375,
              27.750701171875
            ],
            [
              85.396009375,
              27.750701171875
            ],
            [
              85.396009375,
              27.7507890625
            ],
            [
              85.396038671875,
              27.7507890625
            ],
            [
              85.396038671875,
              27.750818359375
            ],
            [
              85.39606796875,
              27.750818359375
            ],
            [
              85.39606796875,
              27.750847656250002
            ],
            [
              85.396097265625,
              27.750847656250002
            ],
            [
              85.396097265625,
              27.750876953125
            ],
            [
              85.396155859375,
              27.750876953125
            ],
            [
              85.396155859375,
              27.75090625
            ]
          ],
          [
            [
              85.39556992187501,
              27.750847656250002
            ],
            [
              85.395628515625,
              27.750847656250002
            ],
            [
              85.395628515625,
              27.750759765625002
            ],
            [
              85.39559921875001,
              27.750759765625002
            ],
            [
              85.39559921875001,
              27.750818359375
            ],
            [
              85.39556992187501,
              27.750818359375
            ],
            [
              85.39556992187501,
              27.750847656250002
            ]
          ],
          [
            [
              85.395628515625,
              27.750759765625002
            ],
            [
              85.39571640625,
              27.750759765625002
            ],
            [
              85.39571640625,
              27.75073046875
            ],
            [
              85.395628515625,
              27.75073046875
            ],
            [
              85.395628515625,
              27.750759765625002
            ]
          ]
        ]
      },
      "properties": {
        "building_id": 89,
        "damage_tier": "no-damage",
        "confidence": 0.915
      }
    },
    {
      "type": "Feature",
      "geometry": {
        "type": "Polygon",
        "coordinates": [
          [
            [
              85.3963609375,
              27.750115234375002
            ],
            [
              85.3963609375,
              27.7500859375
            ],
            [
              85.39618515625,
              27.7500859375
            ],
            [
              85.39618515625,
              27.750056640625
            ],
            [
              85.396097265625,
              27.750056640625
            ],
            [
              85.396097265625,
              27.750027343750002
            ],
            [
              85.396038671875,
              27.750027343750002
            ],
            [
              85.396038671875,
              27.749998046875
            ],
            [
              85.396009375,
              27.749998046875
            ],
            [
              85.396009375,
              27.74996875
            ],
            [
              85.395980078125,
              27.74996875
            ],
            [
              85.395980078125,
              27.749939453125002
            ],
            [
              85.39595078125001,
              27.749939453125002
            ],
            [
              85.39595078125001,
              27.7498515625
            ],
            [
              85.39592148437501,
              27.7498515625
            ],
            [
              85.39592148437501,
              27.749646484375003
            ],
            [
              85.396038671875,
              27.749646484375003
            ],
            [
              85.396038671875,
              27.7496171875
            ],
            [
              85.39618515625,
              27.7496171875
            ],
            [
              85.39618515625,
              27.749587890625
            ],
            [
              85.39630234375001,
              27.749587890625
            ],
            [
              85.39630234375001,
              27.749558593750002
            ],
            [
              85.39633164062501,
              27.749558593750002
            ],
            [
              85.39633164062501,
              27.7495
            ],
            [
              85.3965953125,
              27.7495
            ],
            [
              85.3965953125,
              27.749558593750002
            ],
            [
              85.396624609375,
              27.749558593750002
            ],
            [
              85.396624609375,
              27.749587890625
            ],
            [
              85.39677109375,
              27.749587890625
            ],
            [
              85.39677109375,
              27.7496171875
            ],
            [
              85.396800390625,
              27.7496171875
            ],
            [
              85.396800390625,
              27.749646484375003
            ],
            [
              85.396858984375,
              27.749646484375003
            ],
            [
              85.396858984375,
              27.74967578125
            ],
            [
              85.39688828125,
              27.74967578125
            ],
            [
              85.39688828125,
              27.749734375000003
            ],
            [
              85.396917578125,
              27.749734375000003
            ],
            [
              85.396917578125,
              27.7498515625
            ],
            [
              85.39688828125,
              27.7498515625
            ],
            [
              85.39688828125,
              27.749880859375
            ],
            [
              85.3968296875,
              27.749880859375
            ],
            [
              85.3968296875,
              27.74991015625
            ],
            [
              85.39677109375,
              27.74991015625
            ],
            [
              85.39677109375,
              27.749939453125002
            ],
            [
              85.396624609375,
              27.749939453125002
            ],
            [
              85.396624609375,
              27.74996875
            ],
            [
              85.3965953125,
              27.74996875
            ],
            [
              85.3965953125,
              27.749998046875
            ],
            [
              85.396566015625,
              27.749998046875
            ],
            [
              85.396566015625,
              27.750027343750002
            ],
            [
              85.39653671875,
              27.750027343750002
            ],
            [
              85.39653671875,
              27.7500859375
            ],
            [
              85.396507421875,
              27.7500859375
            ],
            [
              85.396507421875,
              27.750115234375002
            ],
            [
              85.3963609375,
              27.750115234375002
            ]
          ]
        ]
      },
      "properties": {
        "building_id": 93,
        "damage_tier": "no-damage",
        "confidence": 0.862
      }
    },
    {
      "type": "Feature",
      "geometry": {
        "type": "Polygon",
        "coordinates": [
          [
            [
              85.400198828125,
              27.752136718750002
            ],
            [
              85.400198828125,
              27.752107421875003
            ],
            [
              85.40016953125,
              27.752107421875003
            ],
            [
              85.40016953125,
              27.752078125
            ],
            [
              85.4001109375,
              27.752078125
            ],
            [
              85.4001109375,
              27.752048828125
            ],
            [
              85.400081640625,
              27.752048828125
            ],
            [
              85.400081640625,
              27.752019531250003
            ],
            [
              85.40005234375,
              27.752019531250003
            ],
            [
              85.40005234375,
              27.751990234375
            ],
            [
              85.400023046875,
              27.751990234375
            ],
            [
              85.400023046875,
              27.7519609375
            ],
            [
              85.3998765625,
              27.7519609375
            ],
            [
              85.3998765625,
              27.751931640625003
            ],
            [
              85.399788671875,
              27.751931640625003
            ],
            [
              85.399788671875,
              27.75190234375
            ],
            [
              85.399759375,
              27.75190234375
            ],
            [
              85.399759375,
              27.751873046875
            ],
            [
              85.399730078125,
              27.751873046875
            ],
            [
              85.399730078125,
              27.751843750000003
            ],
            [
              85.399671484375,
              27.751843750000003
            ],
            [
              85.399671484375,
              27.751814453125
            ],
            [
              85.3996421875,
              27.751814453125
            ],
            [
              85.3996421875,
              27.751667968750002
            ],
            [
              85.39961289062501,
              27.751667968750002
            ],
            [
              85.39961289062501,
              27.751404296875002
            ],
            [
              85.39958359375001,
              27.751404296875002
            ],
            [
              85.39958359375001,
              27.751375000000003
            ],
            [
              85.399525,
              27.751375000000003
            ],
            [
              85.399525,
              27.751345703125
            ],
            [
              85.39946640625,
              27.751345703125
            ],
            [
              85.39946640625,
              27.75131640625
            ],
            [
              85.3994078125,
              27.75131640625
            ],
            [
              85.3994078125,
              27.751287109375003
            ],
            [
              85.39934921875,
              27.751287109375003
            ],
            [
              85.39934921875,
              27.7512578125
            ],
            [
              85.399290625,
              27.7512578125
            ],
            [
              85.399290625,
              27.751228515625
            ],
            [
              85.39926132812501,
              27.751228515625
            ],
            [
              85.39926132812501,
              27.751199218750003
            ],
            [
              85.39923203125001,
              27.751199218750003
            ],
            [
              85.39923203125001,
              27.751111328125003
            ],
            [
              85.399202734375,
              27.751111328125003
            ],
            [
              85.399202734375,
              27.750994140625
            ],
            [
              85.39923203125001,
              27.750994140625
            ],
            [
              85.39923203125001,
              27.750935546875002
            ],
            [
              85.399202734375,
              27.750935546875002
            ],
            [
              85.399202734375,
              27.750759765625002
            ],
            [
              85.3991734375,
              27.750759765625002
            ],
            [
              85.3991734375,
              27.750642578125
            ],
            [
              85.399144140625,
              27.750642578125
            ],
            [
              85.399144140625,
              27.750525390625
            ],
            [
              85.39911484375,
              27.750525390625
            ],
            [
              85.39911484375,
              27.7504375
            ],
            [
              85.399085546875,
              27.7504375
            ],
            [
              85.399085546875,
              27.750378906250003
            ],
            [
              85.39905625,
              27.750378906250003
            ],
            [
              85.39905625,
              27.7503203125
            ],
            [
              85.399085546875,
              27.7503203125
            ],
            [
              85.399085546875,
              27.75026171875
            ],
            [
              85.39911484375,
              27.75026171875
            ],
            [
              85.39911484375,
              27.750232421875
            ],
            [
              85.399144140625,
              27.750232421875
            ],
            [
              85.399144140625,
              27.750203125000002
            ],
            [
              85.399202734375,
              27.750203125000002
            ],
            [
              85.399202734375,
              27.750173828125
            ],
            [
              85.39923203125001,
              27.750173828125
            ],
            [
              85.39923203125001,
              27.75014453125
            ],
            [
              85.399290625,
              27.75014453125
            ],
            [
              85.399290625,
              27.750115234375002
            ],
            [
              85.39934921875,
              27.750115234375002
            ],
            [
              85.39934921875,
              27.7500859375
            ],
            [
              85.399525,
              27.7500859375
            ],
            [
              85.399525,
              27.750115234375002
            ],
            [
              85.399730078125,
              27.750115234375002
            ],
            [
              85.399730078125,
              27.75014453125
            ],
            [
              85.39981796875,
              27.75014453125
            ],
            [
              85.39981796875,
              27.750173828125
            ],
            [
              85.39996445312501,
              27.750173828125
            ],
            [
              85.39996445312501,
              27.750203125000002
            ],
            [
              85.4001109375,
              27.750203125000002
            ],
            [
              85.4001109375,
              27.750173828125
            ],
            [
              85.40016953125,
              27.750173828125
            ],
            [
              85.40016953125,
              27.750115234375002
            ],
            [
              85.400140234375,
              27.750115234375002
            ],
            [
              85.400140234375,
              27.7500859375
            ],
            [
              85.4001109375,
              27.7500859375
            ],
            [
              85.4001109375,
              27.750056640625
            ],
            [
              85.400081640625,
              27.750056640625
            ],
            [
              85.400081640625,
              27.750027343750002
            ],
            [
              85.400023046875,
              27.750027343750002
            ],
            [
              85.400023046875,
              27.749998046875
            ],
            [
              85.39999375000001,
              27.749998046875
            ],
            [
              85.39999375000001,
              27.74996875
            ],
            [
              85.39996445312501,
              27.74996875
            ],
            [
              85.39996445312501,
              27.749939453125002
            ],
            [
              85.399905859375,
              27.749939453125002
            ],
            [
              85.399905859375,
              27.74991015625
            ],
            [
              85.3998765625,
              27.74991015625
            ],
            [
              85.3998765625,
              27.749880859375
            ],
            [
              85.39993515625,
              27.749880859375
            ],
            [
              85.39993515625,
              27.7498515625
            ],
            [
              85.39996445312501,
              27.7498515625
            ],
            [
              85.39996445312501,
              27.74979296875
            ],
            [
              85.39999375000001,
              27.74979296875
            ],
            [
              85.39999375000001,
              27.749763671875
            ],
            [
              85.39996445312501,
              27.749763671875
            ],
            [
              85.39996445312501,
              27.749734375000003
            ],
            [
              85.39993515625,
              27.749734375000003
            ],
            [
              85.39993515625,
              27.749705078125
            ],
            [
              85.399905859375,
              27.749705078125
            ],
            [
              85.399905859375,
              27.749646484375003
            ],
            [
              85.39996445312501,
              27.749646484375003
            ],
            [
              85.39996445312501,
              27.7496171875
            ],
            [
              85.40005234375,
              27.7496171875
            ],
            [
              85.40005234375,
              27.749587890625
            ],
            [
              85.4001109375,
              27.749587890625
            ],
            [
              85.4001109375,
              27.749558593750002
            ],
            [
              85.400140234375,
              27.749558593750002
            ],
            [
              85.400140234375,
              27.7495
            ],
            [
              85.400784765625,
              27.7495
            ],
            [
              85.400784765625,
              27.749558593750002
            ],
            [
              85.4008140625,
              27.749558593750002
            ],
            [
              85.4008140625,
              27.749587890625
            ],
            [
              85.40087265625,
              27.749587890625
            ],
            [
              85.40087265625,
              27.7496171875
            ],
            [
              85.40093125,
              27.7496171875
            ],
            [
              85.40093125,
              27.749646484375003
            ],
            [
              85.400960546875,
              27.749646484375003
            ],
            [
              85.400960546875,
              27.74967578125
            ],
            [
              85.40098984375,
              27.74967578125
            ],
            [
              85.40098984375,
              27.749705078125
            ],
            [
              85.401019140625,
              27.749705078125
            ],
            [
              85.401019140625,
              27.749734375000003
            ],
            [
              85.40104843750001,
              27.749734375000003
            ],
            [
              85.40104843750001,
              27.74979296875
            ],
            [
              85.40107773437501,
              27.74979296875
            ],
            [
              85.40107773437501,
              27.749822265625003
            ],
            [
              85.40110703125,
              27.749822265625003
            ],
            [
              85.40110703125,
              27.749880859375
            ],
            [
              85.401136328125,
              27.749880859375
            ],
            [
              85.401136328125,
              27.7500859375
            ],
            [
              85.401165625,
              27.7500859375
            ],
            [
              85.401165625,
              27.75014453125
            ],
            [
              85.401136328125,
              27.75014453125
            ],
            [
              85.401136328125,
              27.750203125000002
            ],
            [
              85.40110703125,
              27.750203125000002
            ],
            [
              85.40110703125,
              27.75026171875
            ],
            [
              85.40107773437501,
              27.75026171875
            ],
            [
              85.40107773437501,
              27.7503203125
            ],
            [
              85.40104843750001,
              27.7503203125
            ],
            [
              85.40104843750001,
              27.750349609375
            ],
            [
              85.401019140625,
              27.750349609375
            ],
            [
              85.401019140625,
              27.750378906250003
            ],
            [
              85.40098984375,
              27.750378906250003
            ],
            [
              85.40098984375,
              27.750408203125
            ],
            [
              85.400960546875,
              27.750408203125
            ],
            [
              85.400960546875,
              27.7504375
            ],
            [
              85.40093125,
              27.7504375
            ],
            [
              85.40093125,
              27.750466796875003
            ],
            [
              85.400901953125,
              27.750466796875003
            ],
            [
              85.400901953125,
              27.75049609375
            ],
            [
              85.40087265625,
              27.75049609375
            ],
            [
              85.40087265625,
              27.750525390625
            ],
            [
              85.400843359375,
              27.750525390625
            ],
            [
              85.400843359375,
              27.750554687500003
            ],
            [
              85.400784765625,
              27.750554687500003
            ],
            [
              85.400784765625,
              27.750583984375
            ],
            [
              85.40075546875,
              27.750583984375
            ],
            [
              85.40075546875,
              27.75061328125
            ],
            [
              85.40072617187501,
              27.75061328125
            ],
            [
              85.40072617187501,
              27.750876953125
            ],
            [
              85.40069687500001,
              27.750876953125
            ],
            [
              85.40069687500001,
              27.75090625
            ],
            [
              85.400667578125,
              27.75090625
            ],
            [
              85.400667578125,
              27.750935546875002
            ],
            [
              85.4005796875,
              27.750935546875002
            ],
            [
              85.4005796875,
              27.75096484375
            ],
            [
              85.40052109375,
              27.75096484375
            ],
            [
              85.40052109375,
              27.750994140625
            ],
            [
              85.400491796875,
              27.750994140625
            ],
            [
              85.400491796875,
              27.751052734375
            ],
            [
              85.4004625,
              27.751052734375
            ],
            [
              85.4004625,
              27.75108203125
            ],
            [
              85.400491796875,
              27.75108203125
            ],
            [
              85.400491796875,
              27.751228515625
            ],
            [
              85.4004625,
              27.751228515625
            ],
            [
              85.4004625,
              27.7512578125
            ],
            [
              85.400433203125,
              27.7512578125
            ],
            [
              85.400433203125,
              27.751287109375003
            ],
            [
              85.40040390625,
              27.751287109375003
            ],
            [
              85.40040390625,
              27.75131640625
            ],
            [
              85.400374609375,
              27.75131640625
            ],
            [
              85.400374609375,
              27.7517265625
            ],
            [
              85.40034531250001,
              27.7517265625
            ],
            [
              85.40034531250001,
              27.75190234375
            ],
            [
              85.400374609375,
              27.75190234375
            ],
            [
              85.400374609375,
              27.751931640625003
            ],
            [
              85.400433203125,
              27.751931640625003
            ],
            [
              85.400433203125,
              27.751990234375
            ],
            [
              85.4004625,
              27.751990234375
            ],
            [
              85.4004625,
              27.752078125
            ],
            [
              85.400433203125,
              27.752078125
            ],
            [
              85.400433203125,
              27.752136718750002
            ],
            [
              85.400198828125,
              27.752136718750002
            ]
          ],
          [
            [
              85.400140234375,
              27.751931640625003
            ],
            [
              85.400198828125,
              27.751931640625003
            ],
            [
              85.400198828125,
              27.751873046875
            ],
            [
              85.40016953125,
              27.751873046875
            ],
            [
              85.40016953125,
              27.75190234375
            ],
            [
              85.400140234375,
              27.75190234375
            ],
            [
              85.400140234375,
              27.751931640625003
            ]
          ],
          [
            [
              85.400608984375,
              27.749939453125002
            ],
            [
              85.400667578125,
              27.749939453125002
            ],
            [
              85.400667578125,
              27.74991015625
            ],
            [
              85.40072617187501,
              27.74991015625
            ],
            [
              85.40072617187501,
              27.7498515625
            ],
            [
              85.40069687500001,
              27.7498515625
            ],
            [
              85.40069687500001,
              27.74979296875
            ],
            [
              85.400667578125,
              27.74979296875
            ],
            [
              85.400667578125,
              27.749763671875
            ],
            [
              85.400608984375,
              27.749763671875
            ],
            [
              85.400608984375,
              27.74979296875
            ],
            [
              85.4005796875,
              27.74979296875
            ],
            [
              85.4005796875,
              27.74991015625
            ],
            [
              85.400608984375,
              27.74991015625
            ],
            [
              85.400608984375,
              27.749939453125002
            ]
          ]
        ]
      },
      "properties": {
        "building_id": 95,
        "damage_tier": "no-damage",
        "confidence": 0.897
      }
    }
  ]
}