{
  "type": "FeatureCollection",
  "features": [
    {
      "type": "Feature",
      "geometry": {
        "type": "Polygon",
        "coordinates": [
          [
            [
              85.45024609375,
              27.738053515624998
            ],
            [
              85.45024609375,
              27.73802421875
            ],
            [
              85.450392578125,
              27.73802421875
            ],
            [
              85.450392578125,
              27.738053515624998
            ],
            [
              85.45024609375,
              27.738053515624998
            ]
          ]
        ]
      },
      "properties": {
        "building_id": 0,
        "damage_tier": "no-damage",
        "confidence": 0.81
      }
    },
    {
      "type": "Feature",
      "geometry": {
        "type": "Polygon",
        "coordinates": [
          [
            [
              85.44128125,
              27.738053515624998
            ],
            [
              85.44128125,
              27.73802421875
            ],
            [
              85.441310546875,
              27.73802421875
            ],
            [
              85.441310546875,
              27.737994921875
            ],
            [
              85.44148632812501,
              27.737994921875
            ],
            [
              85.44148632812501,
              27.73802421875
            ],
            [
              85.44151562500001,
              27.73802421875
            ],
            [
              85.44151562500001,
              27.738053515624998
            ],
            [
              85.44128125,
              27.738053515624998
            ]
          ]
        ]
      },
      "properties": {
        "building_id": 1,
        "damage_tier": "destroyed",
        "confidence": 0.44
      }
    },
    {
      "type": "Feature",
      "geometry": {
        "type": "Polygon",
        "coordinates": [
          [
            [
              85.449396484375,
              27.738053515624998
            ],
            [
              85.449396484375,
              27.737994921875
            ],
            [
              85.449455078125,
              27.737994921875
            ],
            [
              85.449455078125,
              27.738053515624998
            ],
            [
              85.449396484375,
              27.738053515624998
            ]
          ]
        ]
      },
      "properties": {
        "building_id": 2,
        "damage_tier": "no-damage",
        "confidence": 0.916
      }
    },
    {
      "type": "Feature",
      "geometry": {
        "type": "Polygon",
        "coordinates": [
          [
            [
              85.44602734375,
              27.7380828125
            ],
            [
              85.44602734375,
              27.738053515624998
            ],
            [
              85.445998046875,
              27.738053515624998
            ],
            [
              85.445998046875,
              27.737936328125
            ],
            [
              85.446056640625,
              27.737936328125
            ],
            [
              85.446056640625,
              27.737965624999998
            ],
            [
              85.4460859375,
              27.737965624999998
            ],
            [
              85.4460859375,
              27.737994921875
            ],
            [
              85.446115234375,
              27.737994921875
            ],
            [
              85.446115234375,
              27.738053515624998
            ],
            [
              85.446056640625,
              27.738053515624998
            ],
            [
              85.446056640625,
              27.7380828125
            ],
            [
              85.44602734375,
              27.7380828125
            ]
          ]
        ]
      },
      "properties": {
        "building_id": 3,
        "damage_tier": "no-damage",
        "confidence": 0.809
      }
    },
    {
      "type": "Feature",
      "geometry": {
        "type": "Polygon",
        "coordinates": [
          [
            [
              85.447404296875,
              27.738112109375
            ],
            [
              85.447404296875,
              27.7380828125
            ],
            [
              85.44734570312501,
              27.7380828125
            ],
            [
              85.44734570312501,
              27.738053515624998
            ],
            [
              85.447287109375,
              27.738053515624998
            ],
            [
              85.447287109375,
              27.73802421875
            ],
            [
              85.44731640625,
              27.73802421875
            ],
            [
              85.44731640625,
              27.737994921875
            ],
            [
              85.44737500000001,
              27.737994921875
            ],
            [
              85.44737500000001,
              27.737965624999998
            ],
            [
              85.44743359375,
              27.737965624999998
            ],
            [
              85.44743359375,
              27.737936328125
            ],
            [
              85.4474921875,
              27.737936328125
            ],
            [
              85.4474921875,
              27.73790703125
            ],
            [
              85.447609375,
              27.73790703125
            ],
            [
              85.447609375,
              27.737936328125
            ],
            [
              85.44769726562501,
              27.737936328125
            ],
            [
              85.44769726562501,
              27.737965624999998
            ],
            [
              85.44772656250001,
              27.737965624999998
            ],
            [
              85.44772656250001,
              27.737994921875
            ],
            [
              85.44778515625,
              27.737994921875
            ],
            [
              85.44778515625,
              27.73802421875
            ],
            [
              85.447814453125,
              27.73802421875
            ],
            [
              85.447814453125,
              27.738053515624998
            ],
            [
              85.44778515625,
              27.738053515624998
            ],
            [
              85.44778515625,
              27.738112109375
            ],
            [
              85.447404296875,
              27.738112109375
            ]
          ]
        ]
      },
      "properties": {
        "building_id": 4,
        "damage_tier": "no-damage",
        "confidence": 0.925
      }
    },
    {
      "type": "Feature",
      "geometry": {
        "type": "Polygon",
        "coordinates": [
          [
            [
              85.448517578125,
              27.7380828125
            ],
            [
              85.448517578125,
              27.738053515624998
            ],
            [
              85.44842968750001,
              27.738053515624998
            ],
            [
              85.44842968750001,
              27.737994921875
            ],
            [
              85.448400390625,
              27.737994921875
            ],
            [
              85.448400390625,
              27.73790703125
            ],
            [
              85.44842968750001,
              27.73790703125
            ],
            [
              85.44842968750001,
              27.737877734374997
            ],
            [
              85.44845898437501,
              27.737877734374997
            ],
            [
              85.44845898437501,
              27.7378484375
            ],
            [
              85.44848828125001,
              27.7378484375
            ],
            [
              85.44848828125001,
              27.737819140625
            ],
            [
              85.448517578125,
              27.737819140625
            ],
            [
              85.448517578125,
              27.73778984375
            ],
            [
              85.448546875,
              27.73778984375
            ],
            [
              85.448546875,
              27.737760546875
            ],
            [
              85.448576171875,
              27.737760546875
            ],
            [
              85.448576171875,
              27.73773125
            ],
            [
              85.448634765625,
              27.73773125
            ],
            [
              85.448634765625,
              27.737701953125
            ],
            [
              85.44878125,
              27.737701953125
            ],
            [
              85.44878125,
              27.73773125
            ],
            [
              85.44881054687501,
              27.73773125
            ],
            [
              85.44881054687501,
              27.73790703125
            ],
            [
              85.44878125,
              27.73790703125
            ],
            [
              85.44878125,
              27.737936328125
            ],
            [
              85.448751953125,
              27.737936328125
            ],
            [
              85.448751953125,
              27.737994921875
            ],
            [
              85.44872265625,
              27.737994921875
            ],
            [
              85.44872265625,
              27.73802421875
            ],
            [
              85.4486640625,
              27.73802421875
            ],
            [
              85.4486640625,
              27.738053515624998
            ],
            [
              85.448634765625,
              27.738053515624998
            ],
            [
              85.448634765625,
              27.7380828125
            ],
            [
              85.448517578125,
              27.7380828125
            ]
          ]
        ]
      },
      "properties": {
        "building_id": 5,
        "damage_tier": "no-damage",
        "confidence": 0.917
      }
    },
    {
      "type": "Feature",
      "geometry": {
        "type": "Polygon",
        "coordinates": [
          [
            [
              85.450509765625,
              27.73802421875
            ],
            [
              85.450509765625,
              27.737994921875
            ],
            [
              85.4505390625,
              27.737994921875
            ],
            [
              85.4505390625,
              27.737877734374997
            ],
            [
              85.450509765625,
              27.737877734374997
            ],
            [
              85.450509765625,
              27.7378484375
            ],
            [
              85.450451171875,
              27.7378484375
            ],
            [
              85.450451171875,
              27.737819140625
            ],
            [
              85.45036328125,
              27.737819140625
            ],
            [
              85.45036328125,
              27.73778984375
            ],
            [
              85.45030468750001,
              27.73778984375
            ],
            [
              85.45030468750001,
              27.737760546875
            ],
            [
              85.45024609375,
              27.737760546875
            ],
            [
              85.45024609375,
              27.73773125
            ],
            [
              85.450216796875,
              27.73773125
            ],
            [
              85.450216796875,
              27.737701953125
            ],
            [
              85.4501875,
              27.737701953125
            ],
            [
              85.4501875,
              27.73767265625
            ],
            [
              85.450216796875,
              27.73767265625
            ],
            [
              85.450216796875,
              27.737643359375
            ],
            [
              85.45024609375,
              27.737643359375
            ],
            [
              85.45024609375,
              27.7376140625
            ],
            [
              85.45027539062501,
              27.7376140625
            ],
            [
              85.45027539062501,
              27.737584765624998
            ],
            [
              85.45030468750001,
              27.737584765624998
            ],
            [
              85.45030468750001,
              27.73755546875
            ],
            [
              85.450333984375,
              27.73755546875
            ],
            [
              85.450333984375,
              27.737526171875
            ],
            [
              85.450392578125,
              27.737526171875
            ],
            [
              85.450392578125,
              27.73755546875
            ],
            [
              85.450421875,
              27.73755546875
            ],
            [
              85.450421875,
              27.737584765624998
            ],
            [
              85.450451171875,
              27.737584765624998
            ],
            [
              85.450451171875,
              27.7376140625
            ],
            [
              85.450509765625,
              27.7376140625
            ],
            [
              85.450509765625,
              27.737643359375
            ],
            [
              85.45059765625,
              27.737643359375
            ],
            [
              85.45059765625,
              27.73767265625
            ],
            [
              85.45062695312501,
              27.73767265625
            ],
            [
              85.45062695312501,
              27.737936328125
            ],
            [
              85.45059765625,
              27.737936328125
            ],
            [
              85.45059765625,
              27.73802421875
            ],
            [
              85.450509765625,
              27.73802421875
            ]
          ]
        ]
      },
      "properties": {
        "building_id": 6,
        "damage_tier": "no-damage",
        "confidence": 0.767
      }
    },
    {
      "type": "Feature",
      "geometry": {
        "type": "Polygon",
        "coordinates": [
          [
            [
              85.4445625,
              27.7382
            ],
            [
              85.4445625,
              27.738141406249998
            ],
            [
              85.444533203125,
              27.738141406249998
            ],
            [
              85.444533203125,
              27.7380828125
            ],
            [
              85.44450390625,
              27.7380828125
            ],
            [
              85.44450390625,
              27.738053515624998
            ],
            [
              85.44444531250001,
              27.738053515624998
            ],
            [
              85.44444531250001,
              27.73802421875
            ],
            [
              85.44441601562501,
              27.73802421875
            ],
            [
              85.44441601562501,
              27.737994921875
            ],
            [
              85.444357421875,
              27.737994921875
            ],
            [
              85.444357421875,
              27.73802421875
            ],
            [
              85.444328125,
              27.73802421875
            ],
            [
              85.444328125,
              27.738053515624998
            ],
            [
              85.444298828125,
              27.738053515624998
            ],
            [
              85.444298828125,
              27.7380828125
            ],
            [
              85.44415234375,
              27.7380828125
            ],
            [
              85.44415234375,
              27.738053515624998
            ],
            [
              85.444123046875,
              27.738053515624998
            ],
            [
              85.444123046875,
              27.737965624999998
            ],
            [
              85.44415234375,
              27.737965624999998
            ],
            [
              85.44415234375,
              27.73790703125
            ],
            [
              85.4442109375,
              27.73790703125
            ],
            [
              85.4442109375,
              27.737877734374997
            ],
            [
              85.444474609375,
              27.737877734374997
            ],
            [
              85.444474609375,
              27.7378484375
            ],
            [
              85.4445625,
              27.7378484375
            ],
            [
              85.4445625,
              27.737819140625
            ],
            [
              85.44462109375,
              27.737819140625
            ],
            [
              85.44462109375,
              27.73778984375
            ],
            [
              85.444708984375,
              27.73778984375
            ],
            [
              85.444708984375,
              27.737760546875
            ],
            [
              85.44482617187501,
              27.737760546875
            ],
            [
              85.44482617187501,
              27.73773125
            ],
            [
              85.44497265625,
              27.73773125
            ],
            [
              85.44497265625,
              27.737701953125
            ],
            [
              85.44503125,
              27.737701953125
            ],
            [
              85.44503125,
              27.737643359375
            ],
            [
              85.445060546875,
              27.737643359375
            ],
            [
              85.445060546875,
              27.7376140625
            ],
            [
              85.44508984375,
              27.7376140625
            ],
            [
              85.44508984375,
              27.737584765624998
            ],
            [
              85.445119140625,
              27.737584765624998
            ],
            [
              85.445119140625,
              27.73755546875
            ],
            [
              85.44514843750001,
              27.73755546875
            ],
            [
              85.44514843750001,
              27.737526171875
            ],
            [
              85.44517773437501,
              27.737526171875
            ],
            [
              85.44517773437501,
              27.737496874999998
            ],
            [
              85.4453828125,
              27.737496874999998
            ],
            [
              85.4453828125,
              27.737467578125
            ],
            [
              85.445470703125,
              27.737467578125
            ],
            [
              85.445470703125,
              27.73743828125
            ],
            [
              85.445587890625,
              27.73743828125
            ],
            [
              85.445587890625,
              27.737408984374998
            ],
            [
              85.445734375,
              27.737408984374998
            ],
            [
              85.445734375,
              27.73767265625
            ],
            [
              85.445705078125,
              27.73767265625
            ],
            [
              85.445705078125,
              27.73773125
            ],
            [
              85.44567578125,
              27.73773125
            ],
            [
              85.44567578125,
              27.737760546875
            ],
            [
              85.445646484375,
              27.737760546875
            ],
            [
              85.445646484375,
              27.737819140625
            ],
            [
              85.4456171875,
              27.737819140625
            ],
            [
              85.4456171875,
              27.7378484375
            ],
            [
              85.445587890625,
              27.7378484375
            ],
            [
              85.445587890625,
              27.737877734374997
            ],
            [
              85.44555859375001,
              27.737877734374997
            ],
            [
              85.44555859375001,
              27.737936328125
            ],
            [
              85.44550000000001,
              27.737936328125
            ],
            [
              85.44550000000001,
              27.737965624999998
            ],
            [
              85.44544140625,
              27.737965624999998
            ],
            [
              85.44544140625,
              27.737994921875
            ],
            [
              85.4453828125,
              27.737994921875
            ],
            [
              85.4453828125,
              27.73802421875
            ],
            [
              85.44532421875,
              27.73802421875
            ],
            [
              85.44532421875,
              27.738053515624998
            ],
            [
              85.44520703125,
              27.738053515624998
            ],
            [
              85.44520703125,
              27.7380828125
            ],
            [
              85.444943359375,
              27.7380828125
            ],
            [
              85.444943359375,
              27.738112109375
            ],
            [
              85.44485546875,
              27.738112109375
            ],
            [
              85.44485546875,
              27.738141406249998
            ],
            [
              85.44482617187501,
              27.738141406249998
            ],
            [
              85.44482617187501,
              27.7382
            ],
            [
              85.4445625,
              27.7382
            ]
          ]
        ]
      },
      "properties": {
        "building_id": 7,
        "damage_tier": "no-damage",
        "confidence": 0.878
      }
    },
    {
      "type": "Feature",
      "geometry": {
        "type": "Polygon",
        "coordinates": [
          [
            [
              85.442833984375,
              27.737643359375
            ],
            [
              85.442833984375,
              27.737584765624998
            ],
            [
              85.4428046875,
              27.737584765624998
            ],
            [
              85.4428046875,
              27.737526171875
            ],
            [
              85.442833984375,
              27.737526171875
            ],
            [
              85.442833984375,
              27.73743828125
            ],
            [
              85.442892578125,
              27.73743828125
            ],
            [
              85.442892578125,
              27.737408984374998
            ],
            [
              85.44298046875001,
              27.737408984374998
            ],
            [
              85.44298046875001,
              27.73743828125
            ],
            [
              85.443009765625,
              27.73743828125
            ],
            [
              85.443009765625,
              27.737526171875
            ],
            [
              85.4430390625,
              27.737526171875
            ],
            [
              85.4430390625,
              27.73755546875
            ],
            [
              85.443009765625,
              27.73755546875
            ],
            [
              85.443009765625,
              27.737584765624998
            ],
            [
              85.44298046875001,
              27.737584765624998
            ],
            [
              85.44298046875001,
              27.7376140625
            ],
            [
              85.442921875,
              27.7376140625
            ],
            [
              85.442921875,
              27.737643359375
            ],
            [
              85.442833984375,
              27.737643359375
            ]
          ]
        ]
      },
      "properties": {
        "building_id": 8,
        "damage_tier": "no-damage",
        "confidence": 0.448
      }
    },
    {
      "type": "Feature",
      "geometry": {
        "type": "Polygon",
        "coordinates": [
          [
            [
              85.44508984375,
              27.737350390625
            ],
            [
              85.44508984375,
              27.737321093749998
            ],
            [
              85.445060546875,
              27.737321093749998
            ],
            [
              85.445060546875,
              27.73720390625
            ],
            [
              85.44508984375,
              27.73720390625
            ],
            [
              85.44508984375,
              27.737174609375
            ],
            [
              85.445236328125,
              27.737174609375
            ],
            [
              85.445236328125,
              27.7372625
            ],
            [
              85.44520703125,
              27.7372625
            ],
            [
              85.44520703125,
              27.737321093749998
            ],
            [
              85.44514843750001,
              27.737321093749998
            ],
            [
              85.44514843750001,
              27.737350390625
            ],
            [
              85.44508984375,
              27.737350390625
            ]
          ]
        ]
      },
      "properties": {
        "building_id": 9,
        "damage_tier": "no-damage",
        "confidence": 0.791
      }
    },
    {
      "type": "Feature",
      "geometry": {
        "type": "Polygon",
        "coordinates": [
          [
            [
              85.45209179687501,
              27.73773125
            ],
            [
              85.45209179687501,
              27.737701953125
            ],
            [
              85.4520625,
              27.737701953125
            ],
            [
              85.4520625,
              27.73767265625
            ],
            [
              85.452033203125,
              27.73767265625
            ],
            [
              85.452033203125,
              27.7376140625
            ],
            [
              85.451974609375,
              27.7376140625
            ],
            [
              85.451974609375,
              27.737643359375
            ],
            [
              85.451857421875,
              27.737643359375
            ],
            [
              85.451857421875,
              27.7376140625
            ],
            [
              85.451798828125,
              27.7376140625
            ],
            [
              85.451798828125,
              27.737584765624998
            ],
            [
              85.45174023437501,
              27.737584765624998
            ],
            [
              85.45174023437501,
              27.73755546875
            ],
            [
              85.451681640625,
              27.73755546875
            ],
            [
              85.451681640625,
              27.737526171875
            ],
            [
              85.45165234375,
              27.737526171875
            ],
            [
              85.45165234375,
              27.737496874999998
            ],
            [
              85.4514765625,
              27.737496874999998
            ],
            [
              85.4514765625,
              27.737467578125
            ],
            [
              85.451447265625,
              27.737467578125
            ],
            [
              85.451447265625,
              27.73743828125
            ],
            [
              85.45141796875001,
              27.73743828125
            ],
            [
              85.45141796875001,
              27.7373796875
            ],
            [
              85.45138867187501,
              27.7373796875
            ],
            [
              85.45138867187501,
              27.737350390625
            ],
            [
              85.451330078125,
              27.737350390625
            ],
            [
              85.451330078125,
              27.737321093749998
            ],
            [
              85.451271484375,
              27.737321093749998
            ],
            [
              85.451271484375,
              27.73720390625
            ],
            [
              85.45130078125,
              27.73720390625
            ],
            [
              85.45130078125,
              27.737174609375
            ],
            [
              85.451447265625,
              27.737174609375
            ],
            [
              85.451447265625,
              27.737145312499997
            ],
            [
              85.451505859375,
              27.737145312499997
            ],
            [
              85.451505859375,
              27.737057421875
            ],
            [
              85.45153515625,
              27.737057421875
            ],
            [
              85.45153515625,
              27.736998828125
            ],
            [
              85.451681640625,
              27.736998828125
            ],
            [
              85.451681640625,
              27.737057421875
            ],
            [
              85.4517109375,
              27.737057421875
            ],
            [
              85.4517109375,
              27.737145312499997
            ],
            [
              85.451681640625,
              27.737145312499997
            ],
            [
              85.451681640625,
              27.73720390625
            ],
            [
              85.451623046875,
              27.73720390625
            ],
            [
              85.451623046875,
              27.737174609375
            ],
            [
              85.451505859375,
              27.737174609375
            ],
            [
              85.451505859375,
              27.737350390625
            ],
            [
              85.451564453125,
              27.737350390625
            ],
            [
              85.451564453125,
              27.737291796875
            ],
            [
              85.45159375,
              27.737291796875
            ],
            [
              85.45159375,
              27.7372625
            ],
            [
              85.451623046875,
              27.7372625
            ],
            [
              85.451623046875,
              27.737233203124998
            ],
            [
              85.45176953125001,
              27.737233203124998
            ],
            [
              85.45176953125001,
              27.7372625
            ],
            [
              85.451798828125,
              27.7372625
            ],
            [
              85.451798828125,
              27.737291796875
            ],
            [
              85.45188671875,
              27.737291796875
            ],
            [
              85.45188671875,
              27.737321093749998
            ],
            [
              85.4519453125,
              27.737321093749998
            ],
            [
              85.4519453125,
              27.737350390625
            ],
            [
              85.451974609375,
              27.737350390625
            ],
            [
              85.451974609375,
              27.7373796875
            ],
            [
              85.45200390625,
              27.7373796875
            ],
            [
              85.45200390625,
              27.737467578125
            ],
            [
              85.452033203125,
              27.737467578125
            ],
            [
              85.452033203125,
              27.737496874999998
            ],
            [
              85.4520625,
              27.737496874999998
            ],
            [
              85.4520625,
              27.737526171875
            ],
            [
              85.45212109375001,
              27.737526171875
            ],
            [
              85.45212109375001,
              27.73755546875
            ],
            [
              85.45215039062501,
              27.73755546875
            ],
            [
              85.45215039062501,
              27.737701953125
            ],
            [
              85.45212109375001,
              27.737701953125
            ],
            [
              85.45212109375001,
              27.73773125
            ],
            [
              85.45209179687501,
              27.73773125
            ]
          ]
        ]
      },
      "properties": {
        "building_id": 10,
        "damage_tier": "no-damage",
        "confidence": 0.6
      }
    },
    {
      "type": "Feature",
      "geometry": {
        "type": "Polygon",
        "coordinates": [
          [
            [
              85.440841796875,
              27.737291796875
            ],
            [
              85.440841796875,
              27.7372625
            ],
            [
              85.44078320312501,
              27.7372625
            ],
            [
              85.44078320312501,
              27.737233203124998
            ],
            [
              85.440724609375,
              27.737233203124998
            ],
            [
              85.440724609375,
              27.73720390625
            ],
            [
              85.44063671875,
              27.73720390625
            ],
            [
              85.44063671875,
              27.737174609375
            ],
            [
              85.440607421875,
              27.737174609375
            ],
            [
              85.440607421875,
              27.737116015625
            ],
            [
              85.440548828125,
              27.737116015625
            ],
            [
              85.440548828125,
              27.737028125
            ],
            [
              85.440607421875,
              27.737028125
            ],
            [
              85.440607421875,
              27.736998828125
            ],
            [
              85.440666015625,
              27.736998828125
            ],
            [
              85.440666015625,
              27.737028125
            ],
            [
              85.44075390625001,
              27.737028125
            ],
            [
              85.44075390625001,
              27.737057421875
            ],
            [
              85.4409296875,
              27.737057421875
            ],
            [
              85.4409296875,
              27.737028125
            ],
            [
              85.44098828125,
              27.737028125
            ],
            [
              85.44098828125,
              27.737057421875
            ],
            [
              85.441017578125,
              27.737057421875
            ],
            [
              85.441017578125,
              27.737233203124998
            ],
            [
              85.44098828125,
              27.737233203124998
            ],
            [
              85.44098828125,
              27.7372625
            ],
            [
              85.440958984375,
              27.7372625
            ],
            [
              85.440958984375,
              27.737291796875
            ],
            [
              85.440841796875,
              27.737291796875
            ]
          ]
        ]
      },
      "properties": {
        "building_id": 11,
        "damage_tier": "destroyed",
        "confidence": 0.639
      }
    },
    {
      "type": "Feature",
      "geometry": {
        "type": "Polygon",
        "coordinates": [
          [
            [
              85.44204296875,
              27.736764453124998
            ],
            [
              85.44204296875,
              27.73673515625
            ],
            [
              85.442013671875,
              27.73673515625
            ],
            [
              85.442013671875,
              27.736705859375
            ],
            [
              85.442072265625,
              27.736705859375
            ],
            [
              85.442072265625,
              27.736764453124998
            ],
            [
              85.44204296875,
              27.736764453124998
            ]
          ]
        ]
      },
      "properties": {
        "building_id": 12,
        "damage_tier": "destroyed",
        "confidence": 0.512
      }
    },
    {
      "type": "Feature",
      "geometry": {
        "type": "Polygon",
        "coordinates": [
          [
            [
              85.443537109375,
              27.7372625
            ],
            [
              85.443537109375,
              27.737233203124998
            ],
            [
              85.443390625,
              27.737233203124998
            ],
            [
              85.443390625,
              27.73720390625
            ],
            [
              85.44333203125001,
              27.73720390625
            ],
            [
              85.44333203125001,
              27.737174609375
            ],
            [
              85.4432734375,
              27.737174609375
            ],
            [
              85.4432734375,
              27.737145312499997
            ],
            [
              85.443244140625,
              27.737145312499997
            ],
            [
              85.443244140625,
              27.737116015625
            ],
            [
              85.44321484375,
              27.737116015625
            ],
            [
              85.44321484375,
              27.736998828125
            ],
            [
              85.443244140625,
              27.736998828125
            ],
            [
              85.443244140625,
              27.73696953125
            ],
            [
              85.4432734375,
              27.73696953125
            ],
            [
              85.4432734375,
              27.736940234375
            ],
            [
              85.443302734375,
              27.736940234375
            ],
            [
              85.443302734375,
              27.7369109375
            ],
            [
              85.44333203125001,
              27.7369109375
            ],
            [
              85.44333203125001,
              27.736852343749998
            ],
            [
              85.443419921875,
              27.736852343749998
            ],
            [
              85.443419921875,
              27.736823046875
            ],
            [
              85.44356640625,
              27.736823046875
            ],
            [
              85.44356640625,
              27.73679375
            ],
            [
              85.443595703125,
              27.73679375
            ],
            [
              85.443595703125,
              27.736764453124998
            ],
            [
              85.443625,
              27.736764453124998
            ],
            [
              85.443625,
              27.73673515625
            ],
            [
              85.443654296875,
              27.73673515625
            ],
            [
              85.443654296875,
              27.736676562499998
            ],
            [
              85.44371289062501,
              27.736676562499998
            ],
            [
              85.44371289062501,
              27.736647265625
            ],
            [
              85.443771484375,
              27.736647265625
            ],
            [
              85.443771484375,
              27.73661796875
            ],
            [
              85.443888671875,
              27.73661796875
            ],
            [
              85.443888671875,
              27.736998828125
            ],
            [
              85.44391796875,
              27.736998828125
            ],
            [
              85.44391796875,
              27.737145312499997
            ],
            [
              85.443947265625,
              27.737145312499997
            ],
            [
              85.443947265625,
              27.73720390625
            ],
            [
              85.44391796875,
              27.73720390625
            ],
            [
              85.44391796875,
              27.737233203124998
            ],
            [
              85.443830078125,
              27.737233203124998
            ],
            [
              85.443830078125,
              27.7372625
            ],
            [
              85.443537109375,
              27.7372625
            ]
          ]
        ]
      },
      "properties": {
        "building_id": 13,
        "damage_tier": "no-damage",
        "confidence": 0.715
      }
    },
    {
      "type": "Feature",
      "geometry": {
        "type": "Polygon",
        "coordinates": [
          [
            [
              85.448927734375,
              27.736881640625
            ],
            [
              85.448927734375,
              27.736852343749998
            ],
            [
              85.44881054687501,
              27.736852343749998
            ],
            [
              85.44881054687501,
              27.736823046875
            ],
            [
              85.44878125,
              27.736823046875
            ],
            [
              85.44878125,
              27.73679375
            ],
            [
              85.448751953125,
              27.73679375
            ],
            [
              85.448751953125,
              27.736764453124998
            ],
            [
              85.44872265625,
              27.736764453124998
            ],
            [
              85.44872265625,
              27.736705859375
            ],
            [
              85.448751953125,
              27.736705859375
            ],
            [
              85.448751953125,
              27.736676562499998
            ],
            [
              85.44878125,
              27.736676562499998
            ],
            [
              85.44878125,
              27.736647265625
            ],
            [
              85.44881054687501,
              27.736647265625
            ],
            [
              85.44881054687501,
              27.73661796875
            ],
            [
              85.448927734375,
              27.73661796875
            ],
            [
              85.448927734375,
              27.736588671874998
            ],
            [
              85.44895703125,
              27.736588671874998
            ],
            [
              85.44895703125,
              27.73661796875
            ],
            [
              85.449015625,
              27.73661796875
            ],
            [
              85.449015625,
              27.736647265625
            ],
            [
              85.449044921875,
              27.736647265625
            ],
            [
              85.449044921875,
              27.736676562499998
            ],
            [
              85.44907421875,
              27.736676562499998
            ],
            [
              85.44907421875,
              27.73673515625
            ],
            [
              85.449103515625,
              27.73673515625
            ],
            [
              85.449103515625,
              27.736764453124998
            ],
            [
              85.44907421875,
              27.736764453124998
            ],
            [
              85.44907421875,
              27.73679375
            ],
            [
              85.449044921875,
              27.73679375
            ],
            [
              85.449044921875,
              27.736823046875
            ],
            [
              85.449015625,
              27.736823046875
            ],
            [
              85.449015625,
              27.736852343749998
            ],
            [
              85.44895703125,
              27.736852343749998
            ],
            [
              85.44895703125,
              27.736881640625
            ],
            [
              85.448927734375,
              27.736881640625
            ]
          ]
        ]
      },
      "properties": {
        "building_id": 14,
        "damage_tier": "no-damage",
        "confidence": 0.892
      }
    },
    {
      "type": "Feature",
      "geometry": {
        "type": "Polygon",
        "coordinates": [
          [
            [
              85.442482421875,
              27.73773125
            ],
            [
              85.442482421875,
              27.73767265625
            ],
            [
              85.442453125,
              27.73767265625
            ],
            [
              85.442453125,
              27.737584765624998
            ],
            [
              85.442423828125,
              27.737584765624998
            ],
            [
              85.442423828125,
              27.73755546875
            ],
            [
              85.44239453125,
              27.73755546875
            ],
            [
              85.44239453125,
              27.737496874999998
            ],
            [
              85.442365234375,
              27.737496874999998
            ],
            [
              85.442365234375,
              27.73743828125
            ],
            [
              85.4423359375,
              27.73743828125
            ],
            [
              85.4423359375,
              27.737408984374998
            ],
            [
              85.44227734375,
              27.737408984374998
            ],
            [
              85.44227734375,
              27.7373796875
            ],
            [
              85.44224804687501,
              27.7373796875
            ],
            [
              85.44224804687501,
              27.737350390625
            ],
            [
              85.44221875000001,
              27.737350390625
            ],
            [
              85.44221875000001,
              27.737291796875
            ],
            [
              85.442189453125,
              27.737291796875
            ],
            [
              85.442189453125,
              27.73720390625
            ],
            [
              85.44216015625,
              27.73720390625
            ],
            [
              85.44216015625,
              27.73708671875
            ],
            [
              85.442189453125,
              27.73708671875
            ],
            [
              85.442189453125,
              27.737057421875
            ],
            [
              85.44221875000001,
              27.737057421875
            ],
            [
              85.44221875000001,
              27.737028125
            ],
            [
              85.44224804687501,
              27.737028125
            ],
            [
              85.44224804687501,
              27.73696953125
            ],
            [
              85.442423828125,
              27.73696953125
            ],
            [
              85.442423828125,
              27.7369109375
            ],
            [
              85.442453125,
              27.7369109375
            ],
            [
              85.442453125,
              27.736823046875
            ],
            [
              85.442423828125,
              27.736823046875
            ],
            [
              85.442423828125,
              27.73679375
            ],
            [
              85.44239453125,
              27.73679375
            ],
            [
              85.44239453125,
              27.736764453124998
            ],
            [
              85.4423359375,
              27.736764453124998
            ],
            [
              85.4423359375,
              27.73673515625
            ],
            [
              85.442306640625,
              27.73673515625
            ],
            [
              85.442306640625,
              27.736676562499998
            ],
            [
              85.44227734375,
              27.736676562499998
            ],
            [
              85.44227734375,
              27.736559375
            ],
            [
              85.442306640625,
              27.736559375
            ],
            [
              85.442306640625,
              27.736588671874998
            ],
            [
              85.44239453125,
              27.736588671874998
            ],
            [
              85.44239453125,
              27.73661796875
            ],
            [
              85.442423828125,
              27.73661796875
            ],
            [
              85.442423828125,
              27.736676562499998
            ],
            [
              85.442482421875,
              27.736676562499998
            ],
            [
              85.442482421875,
              27.736705859375
            ],
            [
              85.442541015625,
              27.736705859375
            ],
            [
              85.442541015625,
              27.73673515625
            ],
            [
              85.44259960937501,
              27.73673515625
            ],
            [
              85.44259960937501,
              27.736764453124998
            ],
            [
              85.44262890625001,
              27.736764453124998
            ],
            [
              85.44262890625001,
              27.73679375
            ],
            [
              85.442658203125,
              27.73679375
            ],
            [
              85.442658203125,
              27.736823046875
            ],
            [
              85.4426875,
              27.736823046875
            ],
            [
              85.4426875,
              27.736852343749998
            ],
            [
              85.442716796875,
              27.736852343749998
            ],
            [
              85.442716796875,
              27.7369109375
            ],
            [
              85.44274609375,
              27.7369109375
            ],
            [
              85.44274609375,
              27.736940234375
            ],
            [
              85.442775390625,
              27.736940234375
            ],
            [
              85.442775390625,
              27.737028125
            ],
            [
              85.4428046875,
              27.737028125
            ],
            [
              85.4428046875,
              27.737233203124998
            ],
            [
              85.442775390625,
              27.737233203124998
            ],
            [
              85.442775390625,
              27.737291796875
            ],
            [
              85.44274609375,
              27.737291796875
            ],
            [
              85.44274609375,
              27.737321093749998
            ],
            [
              85.442716796875,
              27.737321093749998
            ],
            [
              85.442716796875,
              27.737350390625
            ],
            [
              85.4426875,
              27.737350390625
            ],
            [
              85.4426875,
              27.737408984374998
            ],
            [
              85.442658203125,
              27.737408984374998
            ],
            [
              85.442658203125,
              27.73743828125
            ],
            [
              85.44262890625001,
              27.73743828125
            ],
            [
              85.44262890625001,
              27.737496874999998
            ],
            [
              85.44259960937501,
              27.737496874999998
            ],
            [
              85.44259960937501,
              27.73767265625
            ],
            [
              85.4425703125,
              27.73767265625
            ],
            [
              85.4425703125,
              27.737701953125
            ],
            [
              85.442541015625,
              27.737701953125
            ],
            [
              85.442541015625,
              27.73773125
            ],
            [
              85.442482421875,
              27.73773125
            ]
          ]
        ]
      },
      "properties": {
        "building_id": 15,
        "damage_tier": "destroyed",
        "confidence": 0.423
      }
    },
    {
      "type": "Feature",
      "geometry": {
        "type": "Polygon",
        "coordinates": [
          [
            [
              85.44907421875,
              27.736412890624997
            ],
            [
              85.44907421875,
              27.73638359375
            ],
            [
              85.448986328125,
              27.73638359375
            ],
            [
              85.448986328125,
              27.736354296875
            ],
            [
              85.44895703125,
              27.736354296875
            ],
            [
              85.44895703125,
              27.736325
            ],
            [
              85.448927734375,
              27.736325
            ],
            [
              85.448927734375,
              27.736295703125
            ],
            [
              85.4488984375,
              27.736295703125
            ],
            [
              85.4488984375,
              27.73626640625
            ],
            [
              85.44895703125,
              27.73626640625
            ],
            [
              85.44895703125,
              27.736237109375
            ],
            [
              85.448986328125,
              27.736237109375
            ],
            [
              85.448986328125,
              27.73626640625
            ],
            [
              85.44919140625001,
              27.73626640625
            ],
            [
              85.44919140625001,
              27.736295703125
            ],
            [
              85.44922070312501,
              27.736295703125
            ],
            [
              85.44922070312501,
              27.736325
            ],
            [
              85.44925,
              27.736325
            ],
            [
              85.44925,
              27.736354296875
            ],
            [
              85.44930859375,
              27.736354296875
            ],
            [
              85.44930859375,
              27.73638359375
            ],
            [
              85.449337890625,
              27.73638359375
            ],
            [
              85.449337890625,
              27.736412890624997
            ],
            [
              85.44907421875,
              27.736412890624997
            ]
          ]
        ]
      },
      "properties": {
        "building_id": 16,
        "damage_tier": "no-damage",
        "confidence": 0.909
      }
    },
    {
      "type": "Feature",
      "geometry": {
        "type": "Polygon",
        "coordinates": [
          [
            [
              85.44295117187501,
              27.736676562499998
            ],
            [
              85.44295117187501,
              27.736647265625
            ],
            [
              85.442892578125,
              27.736647265625
            ],
            [
              85.442892578125,
              27.73661796875
            ],
            [
              85.44286328125,
              27.73661796875
            ],
            [
              85.44286328125,
              27.736530078125
            ],
            [
              85.442833984375,
              27.736530078125
            ],
            [
              85.442833984375,
              27.736412890624997
            ],
            [
              85.44286328125,
              27.736412890624997
            ],
            [
              85.44286328125,
              27.736354296875
            ],
            [
              85.442833984375,
              27.736354296875
            ],
            [
              85.442833984375,
              27.73626640625
            ],
            [
              85.44286328125,
              27.73626640625
            ],
            [
              85.44286328125,
              27.736237109375
            ],
            [
              85.44295117187501,
              27.736237109375
            ],
            [
              85.44295117187501,
              27.7362078125
            ],
            [
              85.4430390625,
              27.7362078125
            ],
            [
              85.4430390625,
              27.736178515625
            ],
            [
              85.443068359375,
              27.736178515625
            ],
            [
              85.443068359375,
              27.73614921875
            ],
            [
              85.44315625,
              27.73614921875
            ],
            [
              85.44315625,
              27.736119921874998
            ],
            [
              85.44356640625,
              27.736119921874998
            ],
            [
              85.44356640625,
              27.73614921875
            ],
            [
              85.44371289062501,
              27.73614921875
            ],
            [
              85.44371289062501,
              27.736178515625
            ],
            [
              85.4437421875,
              27.736178515625
            ],
            [
              85.4437421875,
              27.7362078125
            ],
            [
              85.44380078125,
              27.7362078125
            ],
            [
              85.44380078125,
              27.736237109375
            ],
            [
              85.443830078125,
              27.736237109375
            ],
            [
              85.443830078125,
              27.73626640625
            ],
            [
              85.443771484375,
              27.73626640625
            ],
            [
              85.443771484375,
              27.736295703125
            ],
            [
              85.4437421875,
              27.736295703125
            ],
            [
              85.4437421875,
              27.736325
            ],
            [
              85.44371289062501,
              27.736325
            ],
            [
              85.44371289062501,
              27.73638359375
            ],
            [
              85.44368359375001,
              27.73638359375
            ],
            [
              85.44368359375001,
              27.7364421875
            ],
            [
              85.443654296875,
              27.7364421875
            ],
            [
              85.443654296875,
              27.736500781249998
            ],
            [
              85.443625,
              27.736500781249998
            ],
            [
              85.443625,
              27.736530078125
            ],
            [
              85.44356640625,
              27.736530078125
            ],
            [
              85.44356640625,
              27.736559375
            ],
            [
              85.443390625,
              27.736559375
            ],
            [
              85.443390625,
              27.736588671874998
            ],
            [
              85.4432734375,
              27.736588671874998
            ],
            [
              85.4432734375,
              27.73661796875
            ],
            [
              85.44321484375,
              27.73661796875
            ],
            [
              85.44321484375,
              27.736647265625
            ],
            [
              85.443068359375,
              27.736647265625
            ],
            [
              85.443068359375,
              27.736676562499998
            ],
            [
              85.44295117187501,
              27.736676562499998
            ]
          ]
        ]
      },
      "properties": {
        "building_id": 17,
        "damage_tier": "no-damage",
        "confidence": 0.469
      }
    },
    {
      "type": "Feature",
      "geometry": {
        "type": "Polygon",
        "coordinates": [
          [
            [
              85.464044921875,
              27.736032031249998
            ],
            [
              85.464044921875,
              27.736002734375
            ],
            [
              85.46407421875,
              27.736002734375
            ],
            [
              85.46407421875,
              27.736032031249998
            ],
            [
              85.464044921875,
              27.736032031249998
            ]
          ]
        ]
      },
      "properties": {
        "building_id": 18,
        "damage_tier": "no-damage",
        "confidence": 0.921
      }
    },
    {
      "type": "Feature",
      "geometry": {
        "type": "Polygon",
        "coordinates": [
          [
            [
              85.458302734375,
              27.736237109375
            ],
            [
              85.458302734375,
              27.7362078125
            ],
            [
              85.45821484375,
              27.7362078125
            ],
            [
              85.45821484375,
              27.736178515625
            ],
            [
              85.458068359375,
              27.736178515625
            ],
            [
              85.458068359375,
              27.73614921875
            ],
            [
              85.4580390625,
              27.73614921875
            ],
            [
              85.4580390625,
              27.736090625
            ],
            [
              85.45800976562501,
              27.736090625
            ],
            [
              85.45800976562501,
              27.7359734375
            ],
            [
              85.4580390625,
              27.7359734375
            ],
            [
              85.4580390625,
              27.735944140624998
            ],
            [
              85.458068359375,
              27.735944140624998
            ],
            [
              85.458068359375,
              27.73591484375
            ],
            [
              85.45809765625,
              27.73591484375
            ],
            [
              85.45809765625,
              27.735885546875
            ],
            [
              85.45815625,
              27.735885546875
            ],
            [
              85.45815625,
              27.735856249999998
            ],
            [
              85.45836132812501,
              27.735856249999998
            ],
            [
              85.45836132812501,
              27.735885546875
            ],
            [
              85.458390625,
              27.735885546875
            ],
            [
              85.458390625,
              27.73591484375
            ],
            [
              85.458419921875,
              27.73591484375
            ],
            [
              85.458419921875,
              27.735944140624998
            ],
            [
              85.45844921875,
              27.735944140624998
            ],
            [
              85.45844921875,
              27.736002734375
            ],
            [
              85.458478515625,
              27.736002734375
            ],
            [
              85.458478515625,
              27.736178515625
            ],
            [
              85.45844921875,
              27.736178515625
            ],
            [
              85.45844921875,
              27.7362078125
            ],
            [
              85.45836132812501,
              27.7362078125
            ],
            [
              85.45836132812501,
              27.736237109375
            ],
            [
              85.458302734375,
              27.736237109375
            ]
          ]
        ]
      },
      "properties": {
        "building_id": 19,
        "damage_tier": "no-damage",
        "confidence": 0.851
      }
    },
    {
      "type": "Feature",
      "geometry": {
        "type": "Polygon",
        "coordinates": [
          [
            [
              85.4493671875,
              27.736061328125
            ],
            [
              85.4493671875,
              27.736032031249998
            ],
            [
              85.44930859375,
              27.736032031249998
            ],
            [
              85.44930859375,
              27.736002734375
            ],
            [
              85.449279296875,
              27.736002734375
            ],
            [
              85.449279296875,
              27.7359734375
            ],
            [
              85.44922070312501,
              27.7359734375
            ],
            [
              85.44922070312501,
              27.735944140624998
            ],
            [
              85.44919140625001,
              27.735944140624998
            ],
            [
              85.44919140625001,
              27.73591484375
            ],
            [
              85.44916210937501,
              27.73591484375
            ],
            [
              85.44916210937501,
              27.735885546875
            ],
            [
              85.44919140625001,
              27.735885546875
            ],
            [
              85.44919140625001,
              27.735856249999998
            ],
            [
              85.44922070312501,
              27.735856249999998
            ],
            [
              85.44922070312501,
              27.735826953125
            ],
            [
              85.44925,
              27.735826953125
            ],
            [
              85.44925,
              27.73579765625
            ],
            [
              85.44942578125,
              27.73579765625
            ],
            [
              85.44942578125,
              27.735826953125
            ],
            [
              85.449455078125,
              27.735826953125
            ],
            [
              85.449455078125,
              27.73579765625
            ],
            [
              85.44957226562501,
              27.73579765625
            ],
            [
              85.44957226562501,
              27.735856249999998
            ],
            [
              85.4496015625,
              27.735856249999998
            ],
            [
              85.4496015625,
              27.73591484375
            ],
            [
              85.44957226562501,
              27.73591484375
            ],
            [
              85.44957226562501,
              27.736032031249998
            ],
            [
              85.449513671875,
              27.736032031249998
            ],
            [
              85.449513671875,
              27.736061328125
            ],
            [
              85.4493671875,
              27.736061328125
            ]
          ]
        ]
      },
      "properties": {
        "building_id": 20,
        "damage_tier": "no-damage",
        "confidence": 0.893
      }
    },
    {
      "type": "Feature",
      "geometry": {
        "type": "Polygon",
        "coordinates": [
          [
            [
              85.45068554687501,
              27.736881640625
            ],
            [
              85.45068554687501,
              27.736852343749998
            ],
            [
              85.45065625000001,
              27.736852343749998
            ],
            [
              85.45065625000001,
              27.736823046875
            ],
            [
              85.45068554687501,
              27.736823046875
            ],
            [
              85.45068554687501,
              27.736705859375
            ],
            [
              85.45071484375,
              27.736705859375
            ],
            [
              85.45071484375,
              27.736676562499998
            ],
            [
              85.4507734375,
              27.736676562499998
            ],
            [
              85.4507734375,
              27.736647265625
            ],
            [
              85.45083203125,
              27.736647265625
            ],
            [
              85.45083203125,
              27.736559375
            ],
            [
              85.450802734375,
              27.736559375
            ],
            [
              85.450802734375,
              27.736471484375
            ],
            [
              85.4507734375,
              27.736471484375
            ],
            [
              85.4507734375,
              27.736412890624997
            ],
            [
              85.450744140625,
              27.736412890624997
            ],
            [
              85.450744140625,
              27.73638359375
            ],
            [
              85.45071484375,
              27.73638359375
            ],
            [
              85.45071484375,
              27.736325
            ],
            [
              85.45062695312501,
              27.736325
            ],
            [
              85.45062695312501,
              27.736295703125
            ],
            [
              85.450568359375,
              27.736295703125
            ],
            [
              85.450568359375,
              27.736325
            ],
            [
              85.450509765625,
              27.736325
            ],
            [
              85.450509765625,
              27.736354296875
            ],
            [
              85.45048046875,
              27.736354296875
            ],
            [
              85.45048046875,
              27.736295703125
            ],
            [
              85.450451171875,
              27.736295703125
            ],
            [
              85.450451171875,
              27.73614921875
            ],
            [
              85.45048046875,
              27.73614921875
            ],
            [
              85.45048046875,
              27.736090625
            ],
            [
              85.450509765625,
              27.736090625
            ],
            [
              85.450509765625,
              27.736061328125
            ],
            [
              85.4505390625,
              27.736061328125
            ],
            [
              85.4505390625,
              27.736032031249998
            ],
            [
              85.450568359375,
              27.736032031249998
            ],
            [
              85.450568359375,
              27.736002734375
            ],
            [
              85.45059765625,
              27.736002734375
            ],
            [
              85.45059765625,
              27.736032031249998
            ],
            [
              85.45062695312501,
              27.736032031249998
            ],
            [
              85.45062695312501,
              27.736061328125
            ],
            [
              85.45065625000001,
              27.736061328125
            ],
            [
              85.45065625000001,
              27.736090625
            ],
            [
              85.45071484375,
              27.736090625
            ],
            [
              85.45071484375,
              27.736119921874998
            ],
            [
              85.450802734375,
              27.736119921874998
            ],
            [
              85.450802734375,
              27.73614921875
            ],
            [
              85.450861328125,
              27.73614921875
            ],
            [
              85.450861328125,
              27.736119921874998
            ],
            [
              85.450890625,
              27.736119921874998
            ],
            [
              85.450890625,
              27.736090625
            ],
            [
              85.450919921875,
              27.736090625
            ],
            [
              85.450919921875,
              27.736061328125
            ],
            [
              85.45094921875,
              27.736061328125
            ],
            [
              85.45094921875,
              27.736002734375
            ],
            [
              85.450978515625,
              27.736002734375
            ],
            [
              85.450978515625,
              27.7359734375
            ],
            [
              85.45100781250001,
              27.7359734375
            ],
            [
              85.45100781250001,
              27.735944140624998
            ],
            [
              85.45103710937501,
              27.735944140624998
            ],
            [
              85.45103710937501,
              27.73579765625
            ],
            [
              85.451125,
              27.73579765625
            ],
            [
              85.451125,
              27.735768359374998
            ],
            [
              85.451212890625,
              27.735768359374998
            ],
            [
              85.451212890625,
              27.735885546875
            ],
            [
              85.45118359375,
              27.735885546875
            ],
            [
              85.45118359375,
              27.735944140624998
            ],
            [
              85.451154296875,
              27.735944140624998
            ],
            [
              85.451154296875,
              27.736002734375
            ],
            [
              85.451125,
              27.736002734375
            ],
            [
              85.451125,
              27.736090625
            ],
            [
              85.451154296875,
              27.736090625
            ],
            [
              85.451154296875,
              27.73626640625
            ],
            [
              85.451125,
              27.73626640625
            ],
            [
              85.451125,
              27.736325
            ],
            [
              85.451095703125,
              27.736325
            ],
            [
              85.451095703125,
              27.736412890624997
            ],
            [
              85.45106640625,
              27.736412890624997
            ],
            [
              85.45106640625,
              27.736471484375
            ],
            [
              85.45103710937501,
              27.736471484375
            ],
            [
              85.45103710937501,
              27.736530078125
            ],
            [
              85.45100781250001,
              27.736530078125
            ],
            [
              85.45100781250001,
              27.736559375
            ],
            [
              85.450978515625,
              27.736559375
            ],
            [
              85.450978515625,
              27.736647265625
            ],
            [
              85.45100781250001,
              27.736647265625
            ],
            [
              85.45100781250001,
              27.736764453124998
            ],
            [
              85.450978515625,
              27.736764453124998
            ],
            [
              85.450978515625,
              27.736823046875
            ],
            [
              85.45094921875,
              27.736823046875
            ],
            [
              85.45094921875,
              27.736852343749998
            ],
            [
              85.45083203125,
              27.736852343749998
            ],
            [
              85.45083203125,
              27.736881640625
            ],
            [
              85.45068554687501,
              27.736881640625
            ]
          ]
        ]
      },
      "properties": {
        "building_id": 21,
        "damage_tier": "no-damage",
        "confidence": 0.608
      }
    },
    {
      "type": "Feature",
      "geometry": {
        "type": "Polygon",
        "coordinates": [
          [
            [
              85.4670625,
              27.73591484375
            ],
            [
              85.4670625,
              27.735885546875
            ],
            [
              85.467033203125,
              27.735885546875
            ],
            [
              85.467033203125,
              27.735856249999998
            ],
            [
              85.46700390625,
              27.735856249999998
            ],
            [
              85.46700390625,
              27.7357390625
            ],
            [
              85.467033203125,
              27.7357390625
            ],
            [
              85.467033203125,
              27.735680468749997
            ],
            [
              85.4670625,
              27.735680468749997
            ],
            [
              85.4670625,
              27.735651171875
            ],
            [
              85.46709179687501,
              27.735651171875
            ],
            [
              85.46709179687501,
              27.735592578124997
            ],
            [
              85.46712109375001,
              27.735592578124997
            ],
            [
              85.46712109375001,
              27.73556328125
            ],
            [
              85.467326171875,
              27.73556328125
            ],
            [
              85.467326171875,
              27.735533984375
            ],
            [
              85.46735546875,
              27.735533984375
            ],
            [
              85.46735546875,
              27.73556328125
            ],
            [
              85.467384765625,
              27.73556328125
            ],
            [
              85.467384765625,
              27.735621875
            ],
            [
              85.4674140625,
              27.735621875
            ],
            [
              85.4674140625,
              27.735709765625
            ],
            [
              85.467384765625,
              27.735709765625
            ],
            [
              85.467384765625,
              27.735768359374998
            ],
            [
              85.46735546875,
              27.735768359374998
            ],
            [
              85.46735546875,
              27.73579765625
            ],
            [
              85.467296875,
              27.73579765625
            ],
            [
              85.467296875,
              27.735826953125
            ],
            [
              85.46723828125,
              27.735826953125
            ],
            [
              85.46723828125,
              27.735856249999998
            ],
            [
              85.4671796875,
              27.735856249999998
            ],
            [
              85.4671796875,
              27.735885546875
            ],
            [
              85.46715039062501,
              27.735885546875
            ],
            [
              85.46715039062501,
              27.73591484375
            ],
            [
              85.4670625,
              27.73591484375
            ]
          ]
        ]
      },
      "properties": {
        "building_id": 22,
        "damage_tier": "destroyed",
        "confidence": 0.867
      }
    },
    {
      "type": "Feature",
      "geometry": {
        "type": "Polygon",
        "coordinates": [
          [
            [
              85.455197265625,
              27.735358203125
            ],
            [
              85.455197265625,
              27.73532890625
            ],
            [
              85.45516796875,
              27.73532890625
            ],
            [
              85.45516796875,
              27.735241015625
            ],
            [
              85.455138671875,
              27.735241015625
            ],
            [
              85.455138671875,
              27.735211718749998
            ],
            [
              85.455197265625,
              27.735211718749998
            ],
            [
              85.455197265625,
              27.7352703125
            ],
            [
              85.4552265625,
              27.7352703125
            ],
            [
              85.4552265625,
              27.735299609374998
            ],
            [
              85.45543164062501,
              27.735299609374998
            ],
            [
              85.45543164062501,
              27.735358203125
            ],
            [
              85.455197265625,
              27.735358203125
            ]
          ]
        ]
      },
      "properties": {
        "building_id": 23,
        "damage_tier": "destroyed",
        "confidence": 0.589
      }
    },
    {
      "type": "Feature",
      "geometry": {
        "type": "Polygon",
        "coordinates": [
          [
            [
              85.456779296875,
              27.73556328125
            ],
            [
              85.456779296875,
              27.7355046875
            ],
            [
              85.45675,
              27.7355046875
            ],
            [
              85.45675,
              27.735299609374998
            ],
            [
              85.456779296875,
              27.735299609374998
            ],
            [
              85.456779296875,
              27.7352703125
            ],
            [
              85.45680859375,
              27.7352703125
            ],
            [
              85.45680859375,
              27.735241015625
            ],
            [
              85.456837890625,
              27.735241015625
            ],
            [
              85.456837890625,
              27.735211718749998
            ],
            [
              85.45689648437501,
              27.735211718749998
            ],
            [
              85.45689648437501,
              27.735182421875
            ],
            [
              85.45704296875,
              27.735182421875
            ],
            [
              85.45704296875,
              27.735211718749998
            ],
            [
              85.4571015625,
              27.735211718749998
            ],
            [
              85.4571015625,
              27.7352703125
            ],
            [
              85.457130859375,
              27.7352703125
            ],
            [
              85.457130859375,
              27.735299609374998
            ],
            [
              85.45716015625,
              27.735299609374998
            ],
            [
              85.45716015625,
              27.73532890625
            ],
            [
              85.457189453125,
              27.73532890625
            ],
            [
              85.457189453125,
              27.735416796875
            ],
            [
              85.45721875000001,
              27.735416796875
            ],
            [
              85.45721875000001,
              27.735475390625
            ],
            [
              85.457189453125,
              27.735475390625
            ],
            [
              85.457189453125,
              27.7355046875
            ],
            [
              85.45716015625,
              27.7355046875
            ],
            [
              85.45716015625,
              27.735533984375
            ],
            [
              85.4571015625,
              27.735533984375
            ],
            [
              85.4571015625,
              27.73556328125
            ],
            [
              85.456779296875,
              27.73556328125
            ]
          ]
        ]
      },
      "properties": {
        "building_id": 24,
        "damage_tier": "destroyed",
        "confidence": 0.495
      }
    },
    {
      "type": "Feature",
      "geometry": {
        "type": "Polygon",
        "coordinates": [
          [
            [
              85.45759960937501,
              27.735211718749998
            ],
            [
              85.45759960937501,
              27.735182421875
            ],
            [
              85.45751171875,
              27.735182421875
            ],
            [
              85.45751171875,
              27.735153125
            ],
            [
              85.457365234375,
              27.735153125
            ],
            [
              85.457365234375,
              27.735123828124998
            ],
            [
              85.4573359375,
              27.735123828124998
            ],
            [
              85.4573359375,
              27.73509453125
            ],
            [
              85.457306640625,
              27.73509453125
            ],
            [
              85.457306640625,
              27.735065234375
            ],
            [
              85.45727734375001,
              27.735065234375
            ],
            [
              85.45727734375001,
              27.73497734375
            ],
            [
              85.45724804687501,
              27.73497734375
            ],
            [
              85.45724804687501,
              27.734889453125
            ],
            [
              85.45721875000001,
              27.734889453125
            ],
            [
              85.45721875000001,
              27.73474296875
            ],
            [
              85.45724804687501,
              27.73474296875
            ],
            [
              85.45724804687501,
              27.734713671875
            ],
            [
              85.45727734375001,
              27.734713671875
            ],
            [
              85.45727734375001,
              27.734684375
            ],
            [
              85.45751171875,
              27.734684375
            ],
            [
              85.45751171875,
              27.734713671875
            ],
            [
              85.457541015625,
              27.734713671875
            ],
            [
              85.457541015625,
              27.73474296875
            ],
            [
              85.45759960937501,
              27.73474296875
            ],
            [
              85.45759960937501,
              27.734772265625
            ],
            [
              85.45762890625001,
              27.734772265625
            ],
            [
              85.45762890625001,
              27.734860156249997
            ],
            [
              85.457658203125,
              27.734860156249997
            ],
            [
              85.457658203125,
              27.734889453125
            ],
            [
              85.4576875,
              27.734889453125
            ],
            [
              85.4576875,
              27.73491875
            ],
            [
              85.45774609375,
              27.73491875
            ],
            [
              85.45774609375,
              27.734948046874997
            ],
            [
              85.457775390625,
              27.734948046874997
            ],
            [
              85.457775390625,
              27.735065234375
            ],
            [
              85.4578046875,
              27.735065234375
            ],
            [
              85.4578046875,
              27.73509453125
            ],
            [
              85.457775390625,
              27.73509453125
            ],
            [
              85.457775390625,
              27.735123828124998
            ],
            [
              85.45774609375,
              27.735123828124998
            ],
            [
              85.45774609375,
              27.735153125
            ],
            [
              85.4576875,
              27.735153125
            ],
            [
              85.4576875,
              27.735182421875
            ],
            [
              85.457658203125,
              27.735182421875
            ],
            [
              85.457658203125,
              27.735211718749998
            ],
            [
              85.45759960937501,
              27.735211718749998
            ]
          ]
        ]
      },
      "properties": {
        "building_id": 25,
        "damage_tier": "no-damage",
        "confidence": 0.641
      }
    },
    {
      "type": "Feature",
      "geometry": {
        "type": "Polygon",
        "coordinates": [
          [
            [
              85.456427734375,
              27.735826953125
            ],
            [
              85.456427734375,
              27.73579765625
            ],
            [
              85.45610546875,
              27.73579765625
            ],
            [
              85.45610546875,
              27.735768359374998
            ],
            [
              85.456076171875,
              27.735768359374998
            ],
            [
              85.456076171875,
              27.735709765625
            ],
            [
              85.456046875,
              27.735709765625
            ],
            [
              85.456046875,
              27.735680468749997
            ],
            [
              85.456017578125,
              27.735680468749997
            ],
            [
              85.456017578125,
              27.735621875
            ],
            [
              85.45598828125,
              27.735621875
            ],
            [
              85.45598828125,
              27.735592578124997
            ],
            [
              85.4559296875,
              27.735592578124997
            ],
            [
              85.4559296875,
              27.73556328125
            ],
            [
              85.455900390625,
              27.73556328125
            ],
            [
              85.455900390625,
              27.735533984375
            ],
            [
              85.45587109375,
              27.735533984375
            ],
            [
              85.45587109375,
              27.7355046875
            ],
            [
              85.455841796875,
              27.7355046875
            ],
            [
              85.455841796875,
              27.735475390625
            ],
            [
              85.45581250000001,
              27.735475390625
            ],
            [
              85.45581250000001,
              27.73544609375
            ],
            [
              85.45578320312501,
              27.73544609375
            ],
            [
              85.45578320312501,
              27.735416796875
            ],
            [
              85.45575390625001,
              27.735416796875
            ],
            [
              85.45575390625001,
              27.735387499999998
            ],
            [
              85.455724609375,
              27.735387499999998
            ],
            [
              85.455724609375,
              27.735358203125
            ],
            [
              85.4556953125,
              27.735358203125
            ],
            [
              85.4556953125,
              27.735299609374998
            ],
            [
              85.455666015625,
              27.735299609374998
            ],
            [
              85.455666015625,
              27.735241015625
            ],
            [
              85.45563671875,
              27.735241015625
            ],
            [
              85.45563671875,
              27.735123828124998
            ],
            [
              85.455666015625,
              27.735123828124998
            ],
            [
              85.455666015625,
              27.735065234375
            ],
            [
              85.45563671875,
              27.735065234375
            ],
            [
              85.45563671875,
              27.734948046874997
            ],
            [
              85.455607421875,
              27.734948046874997
            ],
            [
              85.455607421875,
              27.734889453125
            ],
            [
              85.455578125,
              27.734889453125
            ],
            [
              85.455578125,
              27.734772265625
            ],
            [
              85.455607421875,
              27.734772265625
            ],
            [
              85.455607421875,
              27.73462578125
            ],
            [
              85.455666015625,
              27.73462578125
            ],
            [
              85.455666015625,
              27.734655078124998
            ],
            [
              85.4556953125,
              27.734655078124998
            ],
            [
              85.4556953125,
              27.734684375
            ],
            [
              85.455724609375,
              27.734684375
            ],
            [
              85.455724609375,
              27.734713671875
            ],
            [
              85.45575390625001,
              27.734713671875
            ],
            [
              85.45575390625001,
              27.734684375
            ],
            [
              85.45581250000001,
              27.734684375
            ],
            [
              85.45581250000001,
              27.734655078124998
            ],
            [
              85.455841796875,
              27.734655078124998
            ],
            [
              85.455841796875,
              27.73462578125
            ],
            [
              85.455900390625,
              27.73462578125
            ],
            [
              85.455900390625,
              27.734655078124998
            ],
            [
              85.4559296875,
              27.734655078124998
            ],
            [
              85.4559296875,
              27.734684375
            ],
            [
              85.45598828125,
              27.734684375
            ],
            [
              85.45598828125,
              27.734713671875
            ],
            [
              85.456017578125,
              27.734713671875
            ],
            [
              85.456017578125,
              27.734772265625
            ],
            [
              85.455958984375,
              27.734772265625
            ],
            [
              85.455958984375,
              27.7348015625
            ],
            [
              85.4559296875,
              27.7348015625
            ],
            [
              85.4559296875,
              27.734830859375
            ],
            [
              85.455900390625,
              27.734830859375
            ],
            [
              85.455900390625,
              27.734889453125
            ],
            [
              85.4559296875,
              27.734889453125
            ],
            [
              85.4559296875,
              27.73491875
            ],
            [
              85.455958984375,
              27.73491875
            ],
            [
              85.455958984375,
              27.734948046874997
            ],
            [
              85.45598828125,
              27.734948046874997
            ],
            [
              85.45598828125,
              27.73497734375
            ],
            [
              85.456017578125,
              27.73497734375
            ],
            [
              85.456017578125,
              27.73509453125
            ],
            [
              85.456046875,
              27.73509453125
            ],
            [
              85.456046875,
              27.735153125
            ],
            [
              85.456076171875,
              27.735153125
            ],
            [
              85.456076171875,
              27.735182421875
            ],
            [
              85.45610546875,
              27.735182421875
            ],
            [
              85.45610546875,
              27.735211718749998
            ],
            [
              85.456310546875,
              27.735211718749998
            ],
            [
              85.456310546875,
              27.735182421875
            ],
            [
              85.45633984375,
              27.735182421875
            ],
            [
              85.45633984375,
              27.735211718749998
            ],
            [
              85.456369140625,
              27.735211718749998
            ],
            [
              85.456369140625,
              27.7352703125
            ],
            [
              85.4563984375,
              27.7352703125
            ],
            [
              85.4563984375,
              27.73532890625
            ],
            [
              85.456427734375,
              27.73532890625
            ],
            [
              85.456427734375,
              27.735387499999998
            ],
            [
              85.45645703125,
              27.735387499999998
            ],
            [
              85.45645703125,
              27.735416796875
            ],
            [
              85.45648632812501,
              27.735416796875
            ],
            [
              85.45648632812501,
              27.7355046875
            ],
            [
              85.45651562500001,
              27.7355046875
            ],
            [
              85.45651562500001,
              27.73556328125
            ],
            [
              85.45654492187501,
              27.73556328125
            ],
            [
              85.45654492187501,
              27.735592578124997
            ],
            [
              85.45657421875,
              27.735592578124997
            ],
            [
              85.45657421875,
              27.735651171875
            ],
            [
              85.456603515625,
              27.735651171875
            ],
            [
              85.456603515625,
              27.735709765625
            ],
            [
              85.45657421875,
              27.735709765625
            ],
            [
              85.45657421875,
              27.7357390625
            ],
            [
              85.45654492187501,
              27.7357390625
            ],
            [
              85.45654492187501,
              27.735768359374998
            ],
            [
              85.45651562500001,
              27.735768359374998
            ],
            [
              85.45651562500001,
              27.73579765625
            ],
            [
              85.45645703125,
              27.73579765625
            ],
            [
              85.45645703125,
              27.735826953125
            ],
            [
              85.456427734375,
              27.735826953125
            ]
          ]
        ]
      },
      "properties": {
        "building_id": 26,
        "damage_tier": "destroyed",
        "confidence": 0.587
      }
    },
    {
      "type": "Feature",
      "geometry": {
        "type": "Polygon",
        "coordinates": [
          [
            [
              85.444123046875,
              27.734889453125
            ],
            [
              85.444123046875,
              27.734860156249997
            ],
            [
              85.444005859375,
              27.734860156249997
            ],
            [
              85.444005859375,
              27.734713671875
            ],
            [
              85.44403515625,
              27.734713671875
            ],
            [
              85.44403515625,
              27.734684375
            ],
            [
              85.44406445312501,
              27.734684375
            ],
            [
              85.44406445312501,
              27.734655078124998
            ],
            [
              85.44409375000001,
              27.734655078124998
            ],
            [
              85.44409375000001,
              27.73462578125
            ],
            [
              85.444123046875,
              27.73462578125
            ],
            [
              85.444123046875,
              27.734596484375
            ],
            [
              85.444298828125,
              27.734596484375
            ],
            [
              85.444298828125,
              27.73474296875
            ],
            [
              85.44426953125,
              27.73474296875
            ],
            [
              85.44426953125,
              27.734772265625
            ],
            [
              85.444240234375,
              27.734772265625
            ],
            [
              85.444240234375,
              27.7348015625
            ],
            [
              85.4442109375,
              27.7348015625
            ],
            [
              85.4442109375,
              27.734830859375
            ],
            [
              85.444181640625,
              27.734830859375
            ],
            [
              85.444181640625,
              27.734860156249997
            ],
            [
              85.44415234375,
              27.734860156249997
            ],
            [
              85.44415234375,
              27.734889453125
            ],
            [
              85.444123046875,
              27.734889453125
            ]
          ]
        ]
      },
      "properties": {
        "building_id": 27,
        "damage_tier": "destroyed",
        "confidence": 0.773
      }
    },
    {
      "type": "Feature",
      "geometry": {
        "type": "Polygon",
        "coordinates": [
          [
            [
              85.457365234375,
              27.734537890625
            ],
            [
              85.457365234375,
              27.73450859375
            ],
            [
              85.457453125,
              27.73450859375
            ],
            [
              85.457453125,
              27.734537890625
            ],
            [
              85.457365234375,
              27.734537890625
            ]
          ]
        ]
      },
      "properties": {
        "building_id": 28,
        "damage_tier": "destroyed",
        "confidence": 0.459
      }
    },
    {
      "type": "Feature",
      "geometry": {
        "type": "Polygon",
        "coordinates": [
          [
            [
              85.443068359375,
              27.734889453125
            ],
            [
              85.443068359375,
              27.734860156249997
            ],
            [
              85.44295117187501,
              27.734860156249997
            ],
            [
              85.44295117187501,
              27.7348015625
            ],
            [
              85.44298046875001,
              27.7348015625
            ],
            [
              85.44298046875001,
              27.734772265625
            ],
            [
              85.443009765625,
              27.734772265625
            ],
            [
              85.443009765625,
              27.73474296875
            ],
            [
              85.44298046875001,
              27.73474296875
            ],
            [
              85.44298046875001,
              27.734713671875
            ],
            [
              85.44295117187501,
              27.734713671875
            ],
            [
              85.44295117187501,
              27.734684375
            ],
            [
              85.442921875,
              27.734684375
            ],
            [
              85.442921875,
              27.734596484375
            ],
            [
              85.44298046875001,
              27.734596484375
            ],
            [
              85.44298046875001,
              27.734567187499998
            ],
            [
              85.4430390625,
              27.734567187499998
            ],
            [
              85.4430390625,
              27.734537890625
            ],
            [
              85.443068359375,
              27.734537890625
            ],
            [
              85.443068359375,
              27.734362109375
            ],
            [
              85.443126953125,
              27.734362109375
            ],
            [
              85.443126953125,
              27.734479296874998
            ],
            [
              85.44309765625,
              27.734479296874998
            ],
            [
              85.44309765625,
              27.734537890625
            ],
            [
              85.443126953125,
              27.734537890625
            ],
            [
              85.443126953125,
              27.734713671875
            ],
            [
              85.44309765625,
              27.734713671875
            ],
            [
              85.44309765625,
              27.734830859375
            ],
            [
              85.443126953125,
              27.734830859375
            ],
            [
              85.443126953125,
              27.734860156249997
            ],
            [
              85.44309765625,
              27.734860156249997
            ],
            [
              85.44309765625,
              27.734889453125
            ],
            [
              85.443068359375,
              27.734889453125
            ]
          ]
        ]
      },
      "properties": {
        "building_id": 29,
        "damage_tier": "destroyed",
        "confidence": 0.493
      }
    },
    {
      "type": "Feature",
      "geometry": {
        "type": "Polygon",
        "coordinates": [
          [
            [
              85.46659375,
              27.734948046874997
            ],
            [
              85.46659375,
              27.73491875
            ],
            [
              85.46653515625,
              27.73491875
            ],
            [
              85.46653515625,
              27.734889453125
            ],
            [
              85.466505859375,
              27.734889453125
            ],
            [
              85.466505859375,
              27.734860156249997
            ],
            [
              85.4664765625,
              27.734860156249997
            ],
            [
              85.4664765625,
              27.734830859375
            ],
            [
              85.466447265625,
              27.734830859375
            ],
            [
              85.466447265625,
              27.7348015625
            ],
            [
              85.46641796875001,
              27.7348015625
            ],
            [
              85.46641796875001,
              27.734772265625
            ],
            [
              85.46638867187501,
              27.734772265625
            ],
            [
              85.46638867187501,
              27.73474296875
            ],
            [
              85.46635937500001,
              27.73474296875
            ],
            [
              85.46635937500001,
              27.734537890625
            ],
            [
              85.466330078125,
              27.734537890625
            ],
            [
              85.466330078125,
              27.73450859375
            ],
            [
              85.46635937500001,
              27.73450859375
            ],
            [
              85.46635937500001,
              27.73445
            ],
            [
              85.46638867187501,
              27.73445
            ],
            [
              85.46638867187501,
              27.734420703125
            ],
            [
              85.46653515625,
              27.734420703125
            ],
            [
              85.46653515625,
              27.734391406249998
            ],
            [
              85.4667109375,
              27.734391406249998
            ],
            [
              85.4667109375,
              27.734362109375
            ],
            [
              85.46679882812501,
              27.734362109375
            ],
            [
              85.46679882812501,
              27.734391406249998
            ],
            [
              85.46688671875,
              27.734391406249998
            ],
            [
              85.46688671875,
              27.734420703125
            ],
            [
              85.4669453125,
              27.734420703125
            ],
            [
              85.4669453125,
              27.73445
            ],
            [
              85.466974609375,
              27.73445
            ],
            [
              85.466974609375,
              27.734772265625
            ],
            [
              85.4669453125,
              27.734772265625
            ],
            [
              85.4669453125,
              27.734830859375
            ],
            [
              85.466916015625,
              27.734830859375
            ],
            [
              85.466916015625,
              27.734889453125
            ],
            [
              85.466857421875,
              27.734889453125
            ],
            [
              85.466857421875,
              27.73491875
            ],
            [
              85.46676953125001,
              27.73491875
            ],
            [
              85.46676953125001,
              27.734948046874997
            ],
            [
              85.46659375,
              27.734948046874997
            ]
          ]
        ]
      },
      "properties": {
        "building_id": 30,
        "damage_tier": "destroyed",
        "confidence": 0.789
      }
    },
    {
      "type": "Feature",
      "geometry": {
        "type": "Polygon",
        "coordinates": [
          [
            [
              85.4582734375,
              27.734537890625
            ],
            [
              85.4582734375,
              27.73450859375
            ],
            [
              85.45815625,
              27.73450859375
            ],
            [
              85.45815625,
              27.734479296874998
            ],
            [
              85.458126953125,
              27.734479296874998
            ],
            [
              85.458126953125,
              27.73445
            ],
            [
              85.45809765625,
              27.73445
            ],
            [
              85.45809765625,
              27.734362109375
            ],
            [
              85.45821484375,
              27.734362109375
            ],
            [
              85.45821484375,
              27.7343328125
            ],
            [
              85.458302734375,
              27.7343328125
            ],
            [
              85.458302734375,
              27.734303515624998
            ],
            [
              85.45833203125001,
              27.734303515624998
            ],
            [
              85.45833203125001,
              27.7343328125
            ],
            [
              85.45836132812501,
              27.7343328125
            ],
            [
              85.45836132812501,
              27.73450859375
            ],
            [
              85.45833203125001,
              27.73450859375
            ],
            [
              85.45833203125001,
              27.734537890625
            ],
            [
              85.4582734375,
              27.734537890625
            ]
          ]
        ]
      },
      "properties": {
        "building_id": 31,
        "damage_tier": "no-damage",
        "confidence": 0.512
      }
    },
    {
      "type": "Feature",
      "geometry": {
        "type": "Polygon",
        "coordinates": [
          [
            [
              85.46524609375,
              27.734479296874998
            ],
            [
              85.46524609375,
              27.734420703125
            ],
            [
              85.465216796875,
              27.734420703125
            ],
            [
              85.465216796875,
              27.734362109375
            ],
            [
              85.46524609375,
              27.734362109375
            ],
            [
              85.46524609375,
              27.734303515624998
            ],
            [
              85.46527539062501,
              27.734303515624998
            ],
            [
              85.46527539062501,
              27.7343328125
            ],
            [
              85.46530468750001,
              27.7343328125
            ],
            [
              85.46530468750001,
              27.734362109375
            ],
            [
              85.46536328125,
              27.734362109375
            ],
            [
              85.46536328125,
              27.734391406249998
            ],
            [
              85.465392578125,
              27.734391406249998
            ],
            [
              85.465392578125,
              27.734420703125
            ],
            [
              85.46536328125,
              27.734420703125
            ],
            [
              85.46536328125,
              27.73445
            ],
            [
              85.46533398437501,
              27.73445
            ],
            [
              85.46533398437501,
              27.734479296874998
            ],
            [
              85.46524609375,
              27.734479296874998
            ]
          ]
        ]
      },
      "properties": {
        "building_id": 32,
        "damage_tier": "major-damage",
        "confidence": 0.376
      }
    },
    {
      "type": "Feature",
      "geometry": {
        "type": "Polygon",
        "coordinates": [
          [
            [
              85.463341796875,
              27.734303515624998
            ],
            [
              85.463341796875,
              27.73427421875
            ],
            [
              85.46325390625,
              27.73427421875
            ],
            [
              85.46325390625,
              27.734244921875
            ],
            [
              85.46337109375,
              27.734244921875
            ],
            [
              85.46337109375,
              27.734303515624998
            ],
            [
              85.463341796875,
              27.734303515624998
            ]
          ]
        ]
      },
      "properties": {
        "building_id": 33,
        "damage_tier": "destroyed",
        "confidence": 0.391
      }
    },
    {
      "type": "Feature",
      "geometry": {
        "type": "Polygon",
        "coordinates": [
          [
            [
              85.456662109375,
              27.735035937499998
            ],
            [
              85.456662109375,
              27.735006640625
            ],
            [
              85.45651562500001,
              27.735006640625
            ],
            [
              85.45651562500001,
              27.73497734375
            ],
            [
              85.45633984375,
              27.73497734375
            ],
            [
              85.45633984375,
              27.734948046874997
            ],
            [
              85.456310546875,
              27.734948046874997
            ],
            [
              85.456310546875,
              27.734889453125
            ],
            [
              85.45628125,
              27.734889453125
            ],
            [
              85.45628125,
              27.734830859375
            ],
            [
              85.456251953125,
              27.734830859375
            ],
            [
              85.456251953125,
              27.7348015625
            ],
            [
              85.45622265625,
              27.7348015625
            ],
            [
              85.45622265625,
              27.734772265625
            ],
            [
              85.456193359375,
              27.734772265625
            ],
            [
              85.456193359375,
              27.734713671875
            ],
            [
              85.45622265625,
              27.734713671875
            ],
            [
              85.45622265625,
              27.734684375
            ],
            [
              85.4563984375,
              27.734684375
            ],
            [
              85.4563984375,
              27.734655078124998
            ],
            [
              85.456427734375,
              27.734655078124998
            ],
            [
              85.456427734375,
              27.73462578125
            ],
            [
              85.4563984375,
              27.73462578125
            ],
            [
              85.4563984375,
              27.734596484375
            ],
            [
              85.456310546875,
              27.734596484375
            ],
            [
              85.456310546875,
              27.734567187499998
            ],
            [
              85.45622265625,
              27.734567187499998
            ],
            [
              85.45622265625,
              27.734537890625
            ],
            [
              85.456193359375,
              27.734537890625
            ],
            [
              85.456193359375,
              27.734391406249998
            ],
            [
              85.456251953125,
              27.734391406249998
            ],
            [
              85.456251953125,
              27.734362109375
            ],
            [
              85.456310546875,
              27.734362109375
            ],
            [
              85.456310546875,
              27.7343328125
            ],
            [
              85.456369140625,
              27.7343328125
            ],
            [
              85.456369140625,
              27.734303515624998
            ],
            [
              85.4563984375,
              27.734303515624998
            ],
            [
              85.4563984375,
              27.73427421875
            ],
            [
              85.456427734375,
              27.73427421875
            ],
            [
              85.456427734375,
              27.734244921875
            ],
            [
              85.45654492187501,
              27.734244921875
            ],
            [
              85.45654492187501,
              27.734215624999997
            ],
            [
              85.45657421875,
              27.734215624999997
            ],
            [
              85.45657421875,
              27.734244921875
            ],
            [
              85.4566328125,
              27.734244921875
            ],
            [
              85.4566328125,
              27.734303515624998
            ],
            [
              85.456662109375,
              27.734303515624998
            ],
            [
              85.456662109375,
              27.734362109375
            ],
            [
              85.45669140625,
              27.734362109375
            ],
            [
              85.45669140625,
              27.734420703125
            ],
            [
              85.456720703125,
              27.734420703125
            ],
            [
              85.456720703125,
              27.73445
            ],
            [
              85.45675,
              27.73445
            ],
            [
              85.45675,
              27.734537890625
            ],
            [
              85.456779296875,
              27.734537890625
            ],
            [
              85.456779296875,
              27.734567187499998
            ],
            [
              85.45680859375,
              27.734567187499998
            ],
            [
              85.45680859375,
              27.734596484375
            ],
            [
              85.456837890625,
              27.734596484375
            ],
            [
              85.456837890625,
              27.734713671875
            ],
            [
              85.45686718750001,
              27.734713671875
            ],
            [
              85.45686718750001,
              27.73491875
            ],
            [
              85.456837890625,
              27.73491875
            ],
            [
              85.456837890625,
              27.73497734375
            ],
            [
              85.45680859375,
              27.73497734375
            ],
            [
              85.45680859375,
              27.735006640625
            ],
            [
              85.456720703125,
              27.735006640625
            ],
            [
              85.456720703125,
              27.735035937499998
            ],
            [
              85.456662109375,
              27.735035937499998
            ]
          ]
        ]
      },
      "properties": {
        "building_id": 34,
        "damage_tier": "destroyed",
        "confidence": 0.625
      }
    },
    {
      "type": "Feature",
      "geometry": {
        "type": "Polygon",
        "coordinates": [
          [
            [
              85.457775390625,
              27.734655078124998
            ],
            [
              85.457775390625,
              27.73462578125
            ],
            [
              85.45774609375,
              27.73462578125
            ],
            [
              85.45774609375,
              27.734596484375
            ],
            [
              85.457716796875,
              27.734596484375
            ],
            [
              85.457716796875,
              27.73445
            ],
            [
              85.45774609375,
              27.73445
            ],
            [
              85.45774609375,
              27.734391406249998
            ],
            [
              85.457775390625,
              27.734391406249998
            ],
            [
              85.457775390625,
              27.734362109375
            ],
            [
              85.4578046875,
              27.734362109375
            ],
            [
              85.4578046875,
              27.734303515624998
            ],
            [
              85.457833984375,
              27.734303515624998
            ],
            [
              85.457833984375,
              27.734244921875
            ],
            [
              85.45786328125,
              27.734244921875
            ],
            [
              85.45786328125,
              27.734215624999997
            ],
            [
              85.457892578125,
              27.734215624999997
            ],
            [
              85.457892578125,
              27.73415703125
            ],
            [
              85.457921875,
              27.73415703125
            ],
            [
              85.457921875,
              27.734127734374997
            ],
            [
              85.45795117187501,
              27.734127734374997
            ],
            [
              85.45795117187501,
              27.734069140625
            ],
            [
              85.4580390625,
              27.734069140625
            ],
            [
              85.4580390625,
              27.7340984375
            ],
            [
              85.458068359375,
              27.7340984375
            ],
            [
              85.458068359375,
              27.734127734374997
            ],
            [
              85.45809765625,
              27.734127734374997
            ],
            [
              85.45809765625,
              27.734186328125
            ],
            [
              85.458068359375,
              27.734186328125
            ],
            [
              85.458068359375,
              27.734215624999997
            ],
            [
              85.4580390625,
              27.734215624999997
            ],
            [
              85.4580390625,
              27.73427421875
            ],
            [
              85.45800976562501,
              27.73427421875
            ],
            [
              85.45800976562501,
              27.734303515624998
            ],
            [
              85.45798046875001,
              27.734303515624998
            ],
            [
              85.45798046875001,
              27.734362109375
            ],
            [
              85.45795117187501,
              27.734362109375
            ],
            [
              85.45795117187501,
              27.73445
            ],
            [
              85.457921875,
              27.73445
            ],
            [
              85.457921875,
              27.734567187499998
            ],
            [
              85.457892578125,
              27.734567187499998
            ],
            [
              85.457892578125,
              27.73462578125
            ],
            [
              85.45786328125,
              27.73462578125
            ],
            [
              85.45786328125,
              27.734655078124998
            ],
            [
              85.457775390625,
              27.734655078124998
            ]
          ]
        ]
      },
      "properties": {
        "building_id": 35,
        "damage_tier": "no-damage",
        "confidence": 0.52
      }
    },
    {
      "type": "Feature",
      "geometry": {
        "type": "Polygon",
        "coordinates": [
          [
            [
              85.449044921875,
              27.735621875
            ],
            [
              85.449044921875,
              27.735592578124997
            ],
            [
              85.44895703125,
              27.735592578124997
            ],
            [
              85.44895703125,
              27.735533984375
            ],
            [
              85.448927734375,
              27.735533984375
            ],
            [
              85.448927734375,
              27.735475390625
            ],
            [
              85.4488984375,
              27.735475390625
            ],
            [
              85.4488984375,
              27.73544609375
            ],
            [
              85.448869140625,
              27.73544609375
            ],
            [
              85.448869140625,
              27.735416796875
            ],
            [
              85.44881054687501,
              27.735416796875
            ],
            [
              85.44881054687501,
              27.735358203125
            ],
            [
              85.44878125,
              27.735358203125
            ],
            [
              85.44878125,
              27.73532890625
            ],
            [
              85.448751953125,
              27.73532890625
            ],
            [
              85.448751953125,
              27.735241015625
            ],
            [
              85.44878125,
              27.735241015625
            ],
            [
              85.44878125,
              27.735182421875
            ],
            [
              85.44881054687501,
              27.735182421875
            ],
            [
              85.44881054687501,
              27.735123828124998
            ],
            [
              85.448869140625,
              27.735123828124998
            ],
            [
              85.448869140625,
              27.73509453125
            ],
            [
              85.4488984375,
              27.73509453125
            ],
            [
              85.4488984375,
              27.735035937499998
            ],
            [
              85.448927734375,
              27.735035937499998
            ],
            [
              85.448927734375,
              27.734948046874997
            ],
            [
              85.44895703125,
              27.734948046874997
            ],
            [
              85.44895703125,
              27.734830859375
            ],
            [
              85.448986328125,
              27.734830859375
            ],
            [
              85.448986328125,
              27.73474296875
            ],
            [
              85.449015625,
              27.73474296875
            ],
            [
              85.449015625,
              27.734713671875
            ],
            [
              85.449044921875,
              27.734713671875
            ],
            [
              85.449044921875,
              27.734655078124998
            ],
            [
              85.44907421875,
              27.734655078124998
            ],
            [
              85.44907421875,
              27.73462578125
            ],
            [
              85.449103515625,
              27.73462578125
            ],
            [
              85.449103515625,
              27.734596484375
            ],
            [
              85.4491328125,
              27.734596484375
            ],
            [
              85.4491328125,
              27.734567187499998
            ],
            [
              85.44919140625001,
              27.734567187499998
            ],
            [
              85.44919140625001,
              27.734537890625
            ],
            [
              85.44925,
              27.734537890625
            ],
            [
              85.44925,
              27.73450859375
            ],
            [
              85.44930859375,
              27.73450859375
            ],
            [
              85.44930859375,
              27.734479296874998
            ],
            [
              85.449396484375,
              27.734479296874998
            ],
            [
              85.449396484375,
              27.73445
            ],
            [
              85.449455078125,
              27.73445
            ],
            [
              85.449455078125,
              27.734420703125
            ],
            [
              85.449484375,
              27.734420703125
            ],
            [
              85.449484375,
              27.734391406249998
            ],
            [
              85.449513671875,
              27.734391406249998
            ],
            [
              85.449513671875,
              27.734303515624998
            ],
            [
              85.44954296875001,
              27.734303515624998
            ],
            [
              85.44954296875001,
              27.734186328125
            ],
            [
              85.449513671875,
              27.734186328125
            ],
            [
              85.449513671875,
              27.73415703125
            ],
            [
              85.44954296875001,
              27.73415703125
            ],
            [
              85.44954296875001,
              27.734127734374997
            ],
            [
              85.44957226562501,
              27.734127734374997
            ],
            [
              85.44957226562501,
              27.7340984375
            ],
            [
              85.449630859375,
              27.7340984375
            ],
            [
              85.449630859375,
              27.734069140625
            ],
            [
              85.44977734375,
              27.734069140625
            ],
            [
              85.44977734375,
              27.734127734374997
            ],
            [
              85.449806640625,
              27.734127734374997
            ],
            [
              85.449806640625,
              27.734244921875
            ],
            [
              85.4498359375,
              27.734244921875
            ],
            [
              85.4498359375,
              27.7343328125
            ],
            [
              85.449865234375,
              27.7343328125
            ],
            [
              85.449865234375,
              27.734420703125
            ],
            [
              85.44989453125001,
              27.734420703125
            ],
            [
              85.44989453125001,
              27.734567187499998
            ],
            [
              85.44992382812501,
              27.734567187499998
            ],
            [
              85.44992382812501,
              27.735123828124998
            ],
            [
              85.44995312500001,
              27.735123828124998
            ],
            [
              85.44995312500001,
              27.735241015625
            ],
            [
              85.449982421875,
              27.735241015625
            ],
            [
              85.449982421875,
              27.735299609374998
            ],
            [
              85.45001171875,
              27.735299609374998
            ],
            [
              85.45001171875,
              27.73532890625
            ],
            [
              85.450041015625,
              27.73532890625
            ],
            [
              85.450041015625,
              27.735387499999998
            ],
            [
              85.4500703125,
              27.735387499999998
            ],
            [
              85.4500703125,
              27.735475390625
            ],
            [
              85.450041015625,
              27.735475390625
            ],
            [
              85.450041015625,
              27.735533984375
            ],
            [
              85.449806640625,
              27.735533984375
            ],
            [
              85.449806640625,
              27.7355046875
            ],
            [
              85.449748046875,
              27.7355046875
            ],
            [
              85.449748046875,
              27.735533984375
            ],
            [
              85.4496015625,
              27.735533984375
            ],
            [
              85.4496015625,
              27.73556328125
            ],
            [
              85.449484375,
              27.73556328125
            ],
            [
              85.449484375,
              27.735592578124997
            ],
            [
              85.44922070312501,
              27.735592578124997
            ],
            [
              85.44922070312501,
              27.735621875
            ],
            [
              85.449044921875,
              27.735621875
            ]
          ]
        ]
      },
      "properties": {
        "building_id": 36,
        "damage_tier": "no-damage",
        "confidence": 0.907
      }
    },
    {
      "type": "Feature",
      "geometry": {
        "type": "Polygon",
        "coordinates": [
          [
            [
              85.46091015625001,
              27.734420703125
            ],
            [
              85.46091015625001,
              27.734391406249998
            ],
            [
              85.46088085937501,
              27.734391406249998
            ],
            [
              85.46088085937501,
              27.734303515624998
            ],
            [
              85.4608515625,
              27.734303515624998
            ],
            [
              85.4608515625,
              27.734186328125
            ],
            [
              85.46088085937501,
              27.734186328125
            ],
            [
              85.46088085937501,
              27.734069140625
            ],
            [
              85.46091015625001,
              27.734069140625
            ],
            [
              85.46091015625001,
              27.734010546875
            ],
            [
              85.461056640625,
              27.734010546875
            ],
            [
              85.461056640625,
              27.73403984375
            ],
            [
              85.461115234375,
              27.73403984375
            ],
            [
              85.461115234375,
              27.734069140625
            ],
            [
              85.4610859375,
              27.734069140625
            ],
            [
              85.4610859375,
              27.734127734374997
            ],
            [
              85.461056640625,
              27.734127734374997
            ],
            [
              85.461056640625,
              27.734215624999997
            ],
            [
              85.46102734375,
              27.734215624999997
            ],
            [
              85.46102734375,
              27.734303515624998
            ],
            [
              85.460998046875,
              27.734303515624998
            ],
            [
              85.460998046875,
              27.734362109375
            ],
            [
              85.46096875,
              27.734362109375
            ],
            [
              85.46096875,
              27.734420703125
            ],
            [
              85.46091015625001,
              27.734420703125
            ]
          ]
        ]
      },
      "properties": {
        "building_id": 37,
        "damage_tier": "destroyed",
        "confidence": 0.732
      }
    },
    {
      "type": "Feature",
      "geometry": {
        "type": "Polygon",
        "coordinates": [
          [
            [
              85.46460156250001,
              27.733922656249998
            ],
            [
              85.46460156250001,
              27.733893359375
            ],
            [
              85.46457226562501,
              27.733893359375
            ],
            [
              85.46457226562501,
              27.7338640625
            ],
            [
              85.46454296875001,
              27.7338640625
            ],
            [
              85.46454296875001,
              27.733834765624998
            ],
            [
              85.464513671875,
              27.733834765624998
            ],
            [
              85.464513671875,
              27.733776171875
            ],
            [
              85.464484375,
              27.733776171875
            ],
            [
              85.464484375,
              27.733658984374998
            ],
            [
              85.464513671875,
              27.733658984374998
            ],
            [
              85.464513671875,
              27.7336296875
            ],
            [
              85.46454296875001,
              27.7336296875
            ],
            [
              85.46454296875001,
              27.733600390625
            ],
            [
              85.464806640625,
              27.733600390625
            ],
            [
              85.464806640625,
              27.733658984374998
            ],
            [
              85.4648359375,
              27.733658984374998
            ],
            [
              85.4648359375,
              27.733717578125
            ],
            [
              85.464865234375,
              27.733717578125
            ],
            [
              85.464865234375,
              27.733746874999998
            ],
            [
              85.46489453125001,
              27.733746874999998
            ],
            [
              85.46489453125001,
              27.733776171875
            ],
            [
              85.46492382812501,
              27.733776171875
            ],
            [
              85.46492382812501,
              27.733834765624998
            ],
            [
              85.46489453125001,
              27.733834765624998
            ],
            [
              85.46489453125001,
              27.7338640625
            ],
            [
              85.464865234375,
              27.7338640625
            ],
            [
              85.464865234375,
              27.733893359375
            ],
            [
              85.4648359375,
              27.733893359375
            ],
            [
              85.4648359375,
              27.733922656249998
            ],
            [
              85.46460156250001,
              27.733922656249998
            ]
          ]
        ]
      },
      "properties": {
        "building_id": 38,
        "damage_tier": "major-damage",
        "confidence": 0.378
      }
    },
    {
      "type": "Feature",
      "geometry": {
        "type": "Polygon",
        "coordinates": [
          [
            [
              85.45396679687501,
              27.734391406249998
            ],
            [
              85.45396679687501,
              27.734362109375
            ],
            [
              85.453849609375,
              27.734362109375
            ],
            [
              85.453849609375,
              27.7343328125
            ],
            [
              85.4538203125,
              27.7343328125
            ],
            [
              85.4538203125,
              27.734303515624998
            ],
            [
              85.45376171875,
              27.734303515624998
            ],
            [
              85.45376171875,
              27.73427421875
            ],
            [
              85.453673828125,
              27.73427421875
            ],
            [
              85.453673828125,
              27.734244921875
            ],
            [
              85.45361523437501,
              27.734244921875
            ],
            [
              85.45361523437501,
              27.734215624999997
            ],
            [
              85.45358593750001,
              27.734215624999997
            ],
            [
              85.45358593750001,
              27.734186328125
            ],
            [
              85.45352734375,
              27.734186328125
            ],
            [
              85.45352734375,
              27.734127734374997
            ],
            [
              85.45364453125,
              27.734127734374997
            ],
            [
              85.45364453125,
              27.7340984375
            ],
            [
              85.453732421875,
              27.7340984375
            ],
            [
              85.453732421875,
              27.734069140625
            ],
            [
              85.45376171875,
              27.734069140625
            ],
            [
              85.45376171875,
              27.73403984375
            ],
            [
              85.453791015625,
              27.73403984375
            ],
            [
              85.453791015625,
              27.733951953125
            ],
            [
              85.4538203125,
              27.733951953125
            ],
            [
              85.4538203125,
              27.733893359375
            ],
            [
              85.453791015625,
              27.733893359375
            ],
            [
              85.453791015625,
              27.7338640625
            ],
            [
              85.453732421875,
              27.7338640625
            ],
            [
              85.453732421875,
              27.733717578125
            ],
            [
              85.4538203125,
              27.733717578125
            ],
            [
              85.4538203125,
              27.73368828125
            ],
            [
              85.454025390625,
              27.73368828125
            ],
            [
              85.454025390625,
              27.733658984374998
            ],
            [
              85.4540546875,
              27.733658984374998
            ],
            [
              85.4540546875,
              27.7336296875
            ],
            [
              85.454083984375,
              27.7336296875
            ],
            [
              85.454083984375,
              27.733600390625
            ],
            [
              85.454171875,
              27.733600390625
            ],
            [
              85.454171875,
              27.733571093749998
            ],
            [
              85.45428906250001,
              27.733571093749998
            ],
            [
              85.45428906250001,
              27.733600390625
            ],
            [
              85.45431835937501,
              27.733600390625
            ],
            [
              85.45431835937501,
              27.7336296875
            ],
            [
              85.45434765625001,
              27.7336296875
            ],
            [
              85.45434765625001,
              27.733658984374998
            ],
            [
              85.454376953125,
              27.733658984374998
            ],
            [
              85.454376953125,
              27.73368828125
            ],
            [
              85.454435546875,
              27.73368828125
            ],
            [
              85.454435546875,
              27.733717578125
            ],
            [
              85.454494140625,
              27.733717578125
            ],
            [
              85.454494140625,
              27.733746874999998
            ],
            [
              85.454552734375,
              27.733746874999998
            ],
            [
              85.454552734375,
              27.733776171875
            ],
            [
              85.454611328125,
              27.733776171875
            ],
            [
              85.454611328125,
              27.73380546875
            ],
            [
              85.45466992187501,
              27.73380546875
            ],
            [
              85.45466992187501,
              27.733834765624998
            ],
            [
              85.45469921875001,
              27.733834765624998
            ],
            [
              85.45469921875001,
              27.733893359375
            ],
            [
              85.454728515625,
              27.733893359375
            ],
            [
              85.454728515625,
              27.734069140625
            ],
            [
              85.45469921875001,
              27.734069140625
            ],
            [
              85.45469921875001,
              27.7340984375
            ],
            [
              85.45466992187501,
              27.7340984375
            ],
            [
              85.45466992187501,
              27.734127734374997
            ],
            [
              85.454640625,
              27.734127734374997
            ],
            [
              85.454640625,
              27.73415703125
            ],
            [
              85.454611328125,
              27.73415703125
            ],
            [
              85.454611328125,
              27.734186328125
            ],
            [
              85.4545234375,
              27.734186328125
            ],
            [
              85.4545234375,
              27.734215624999997
            ],
            [
              85.454435546875,
              27.734215624999997
            ],
            [
              85.454435546875,
              27.734244921875
            ],
            [
              85.454376953125,
              27.734244921875
            ],
            [
              85.454376953125,
              27.73427421875
            ],
            [
              85.45428906250001,
              27.73427421875
            ],
            [
              85.45428906250001,
              27.734303515624998
            ],
            [
              85.454171875,
              27.734303515624998
            ],
            [
              85.454171875,
              27.7343328125
            ],
            [
              85.45411328125,
              27.7343328125
            ],
            [
              85.45411328125,
              27.734362109375
            ],
            [
              85.45399609375,
              27.734362109375
            ],
            [
              85.45399609375,
              27.734391406249998
            ],
            [
              85.45396679687501,
              27.734391406249998
            ]
          ]
        ]
      },
      "properties": {
        "building_id": 39,
        "damage_tier": "no-damage",
        "confidence": 0.896
      }
    },
    {
      "type": "Feature",
      "geometry": {
        "type": "Polygon",
        "coordinates": [
          [
            [
              85.461349609375,
              27.73380546875
            ],
            [
              85.461349609375,
              27.733776171875
            ],
            [
              85.46126171875001,
              27.733776171875
            ],
            [
              85.46126171875001,
              27.733746874999998
            ],
            [
              85.46123242187501,
              27.733746874999998
            ],
            [
              85.46123242187501,
              27.73368828125
            ],
            [
              85.461203125,
              27.73368828125
            ],
            [
              85.461203125,
              27.7336296875
            ],
            [
              85.461173828125,
              27.7336296875
            ],
            [
              85.461173828125,
              27.733571093749998
            ],
            [
              85.46123242187501,
              27.733571093749998
            ],
            [
              85.46123242187501,
              27.733541796875
            ],
            [
              85.46149609375,
              27.733541796875
            ],
            [
              85.46149609375,
              27.733571093749998
            ],
            [
              85.461525390625,
              27.733571093749998
            ],
            [
              85.461525390625,
              27.7336296875
            ],
            [
              85.46149609375,
              27.7336296875
            ],
            [
              85.46149609375,
              27.733717578125
            ],
            [
              85.4614375,
              27.733717578125
            ],
            [
              85.4614375,
              27.733746874999998
            ],
            [
              85.461408203125,
              27.733746874999998
            ],
            [
              85.461408203125,
              27.733776171875
            ],
            [
              85.46137890625,
              27.733776171875
            ],
            [
              85.46137890625,
              27.73380546875
            ],
            [
              85.461349609375,
              27.73380546875
            ]
          ]
        ]
      },
      "properties": {
        "building_id": 40,
        "damage_tier": "destroyed",
        "confidence": 0.88
      }
    },
    {
      "type": "Feature",
      "geometry": {
        "type": "Polygon",
        "coordinates": [
          [
            [
              85.454787109375,
              27.7336296875
            ],
            [
              85.454787109375,
              27.7335125
            ],
            [
              85.454845703125,
              27.7335125
            ],
            [
              85.454845703125,
              27.733541796875
            ],
            [
              85.454875,
              27.733541796875
            ],
            [
              85.454875,
              27.7336296875
            ],
            [
              85.454787109375,
              27.7336296875
            ]
          ]
        ]
      },
      "properties": {
        "building_id": 41,
        "damage_tier": "no-damage",
        "confidence": 0.927
      }
    },
    {
      "type": "Feature",
      "geometry": {
        "type": "Polygon",
        "coordinates": [
          [
            [
              85.45352734375,
              27.7335125
            ],
            [
              85.45352734375,
              27.733483203124997
            ],
            [
              85.453498046875,
              27.733483203124997
            ],
            [
              85.453498046875,
              27.73345390625
            ],
            [
              85.45352734375,
              27.73345390625
            ],
            [
              85.45352734375,
              27.733424609375
            ],
            [
              85.45358593750001,
              27.733424609375
            ],
            [
              85.45358593750001,
              27.733483203124997
            ],
            [
              85.45355664062501,
              27.733483203124997
            ],
            [
              85.45355664062501,
              27.7335125
            ],
            [
              85.45352734375,
              27.7335125
            ]
          ]
        ]
      },
      "properties": {
        "building_id": 42,
        "damage_tier": "no-damage",
        "confidence": 0.882
      }
    },
    {
      "type": "Feature",
      "geometry": {
        "type": "Polygon",
        "coordinates": [
          [
            [
              85.453703125,
              27.733483203124997
            ],
            [
              85.453703125,
              27.73333671875
            ],
            [
              85.453732421875,
              27.73333671875
            ],
            [
              85.453732421875,
              27.733307421875
            ],
            [
              85.453908203125,
              27.733307421875
            ],
            [
              85.453908203125,
              27.733395312499997
            ],
            [
              85.45387890625,
              27.733395312499997
            ],
            [
              85.45387890625,
              27.733424609375
            ],
            [
              85.4538203125,
              27.733424609375
            ],
            [
              85.4538203125,
              27.73345390625
            ],
            [
              85.453791015625,
              27.73345390625
            ],
            [
              85.453791015625,
              27.733483203124997
            ],
            [
              85.453703125,
              27.733483203124997
            ]
          ]
        ]
      },
      "properties": {
        "building_id": 43,
        "damage_tier": "no-damage",
        "confidence": 0.924
      }
    },
    {
      "type": "Feature",
      "geometry": {
        "type": "Polygon",
        "coordinates": [
          [
            [
              85.4388203125,
              27.733483203124997
            ],
            [
              85.4388203125,
              27.73345390625
            ],
            [
              85.438791015625,
              27.73345390625
            ],
            [
              85.438791015625,
              27.733424609375
            ],
            [
              85.43876171875,
              27.733424609375
            ],
            [
              85.43876171875,
              27.733395312499997
            ],
            [
              85.438732421875,
              27.733395312499997
            ],
            [
              85.438732421875,
              27.733366015625
            ],
            [
              85.438703125,
              27.733366015625
            ],
            [
              85.438703125,
              27.73333671875
            ],
            [
              85.438673828125,
              27.73333671875
            ],
            [
              85.438673828125,
              27.733307421875
            ],
            [
              85.43864453125,
              27.733307421875
            ],
            [
              85.43864453125,
              27.733278125
            ],
            [
              85.438615234375,
              27.733278125
            ],
            [
              85.438615234375,
              27.733248828125
            ],
            [
              85.43858593750001,
              27.733248828125
            ],
            [
              85.43858593750001,
              27.73321953125
            ],
            [
              85.43855664062501,
              27.73321953125
            ],
            [
              85.43855664062501,
              27.7331609375
            ],
            [
              85.43852734375,
              27.7331609375
            ],
            [
              85.43852734375,
              27.733131640625
            ],
            [
              85.438498046875,
              27.733131640625
            ],
            [
              85.438498046875,
              27.733073046875
            ],
            [
              85.43846875,
              27.733073046875
            ],
            [
              85.43846875,
              27.732955859375
            ],
            [
              85.43855664062501,
              27.732955859375
            ],
            [
              85.43855664062501,
              27.732926562499998
            ],
            [
              85.438615234375,
              27.732926562499998
            ],
            [
              85.438615234375,
              27.732897265625
            ],
            [
              85.43864453125,
              27.732897265625
            ],
            [
              85.43864453125,
              27.73286796875
            ],
            [
              85.438703125,
              27.73286796875
            ],
            [
              85.438703125,
              27.732838671874998
            ],
            [
              85.43887890625,
              27.732838671874998
            ],
            [
              85.43887890625,
              27.73286796875
            ],
            [
              85.438908203125,
              27.73286796875
            ],
            [
              85.438908203125,
              27.732926562499998
            ],
            [
              85.43893750000001,
              27.732926562499998
            ],
            [
              85.43893750000001,
              27.73298515625
            ],
            [
              85.43896679687501,
              27.73298515625
            ],
            [
              85.43896679687501,
              27.733014453124998
            ],
            [
              85.43899609375,
              27.733014453124998
            ],
            [
              85.43899609375,
              27.73304375
            ],
            [
              85.439083984375,
              27.73304375
            ],
            [
              85.439083984375,
              27.733073046875
            ],
            [
              85.439142578125,
              27.733073046875
            ],
            [
              85.439142578125,
              27.733102343749998
            ],
            [
              85.439171875,
              27.733102343749998
            ],
            [
              85.439171875,
              27.7331609375
            ],
            [
              85.439142578125,
              27.7331609375
            ],
            [
              85.439142578125,
              27.733248828125
            ],
            [
              85.43911328125,
              27.733248828125
            ],
            [
              85.43911328125,
              27.733307421875
            ],
            [
              85.439083984375,
              27.733307421875
            ],
            [
              85.439083984375,
              27.73333671875
            ],
            [
              85.4390546875,
              27.73333671875
            ],
            [
              85.4390546875,
              27.73345390625
            ],
            [
              85.439025390625,
              27.73345390625
            ],
            [
              85.439025390625,
              27.733483203124997
            ],
            [
              85.4388203125,
              27.733483203124997
            ]
          ]
        ]
      },
      "properties": {
        "building_id": 44,
        "damage_tier": "minor-damage",
        "confidence": 0.377
      }
    },
    {
      "type": "Feature",
      "geometry": {
        "type": "Polygon",
        "coordinates": [
          [
            [
              85.438146484375,
              27.732897265625
            ],
            [
              85.438146484375,
              27.732838671874998
            ],
            [
              85.43817578125,
              27.732838671874998
            ],
            [
              85.43817578125,
              27.732897265625
            ],
            [
              85.438146484375,
              27.732897265625
            ]
          ]
        ]
      },
      "properties": {
        "building_id": 45,
        "damage_tier": "no-damage",
        "confidence": 0.421
      }
    },
    {
      "type": "Feature",
      "geometry": {
        "type": "Polygon",
        "coordinates": [
          [
            [
              85.452912109375,
              27.733190234374998
            ],
            [
              85.452912109375,
              27.7331609375
            ],
            [
              85.45285351562501,
              27.7331609375
            ],
            [
              85.45285351562501,
              27.733131640625
            ],
            [
              85.452736328125,
              27.733131640625
            ],
            [
              85.452736328125,
              27.733102343749998
            ],
            [
              85.452677734375,
              27.733102343749998
            ],
            [
              85.452677734375,
              27.73304375
            ],
            [
              85.4526484375,
              27.73304375
            ],
            [
              85.4526484375,
              27.73298515625
            ],
            [
              85.452619140625,
              27.73298515625
            ],
            [
              85.452619140625,
              27.732926562499998
            ],
            [
              85.45258984375,
              27.732926562499998
            ],
            [
              85.45258984375,
              27.732809375
            ],
            [
              85.452560546875,
              27.732809375
            ],
            [
              85.452560546875,
              27.732574999999997
            ],
            [
              85.45258984375,
              27.732574999999997
            ],
            [
              85.45258984375,
              27.73251640625
            ],
            [
              85.452619140625,
              27.73251640625
            ],
            [
              85.452619140625,
              27.732545703125
            ],
            [
              85.452736328125,
              27.732545703125
            ],
            [
              85.452736328125,
              27.732574999999997
            ],
            [
              85.452794921875,
              27.732574999999997
            ],
            [
              85.452794921875,
              27.732604296875
            ],
            [
              85.45285351562501,
              27.732604296875
            ],
            [
              85.45285351562501,
              27.73263359375
            ],
            [
              85.45288281250001,
              27.73263359375
            ],
            [
              85.45288281250001,
              27.732662890624997
            ],
            [
              85.452912109375,
              27.732662890624997
            ],
            [
              85.452912109375,
              27.732780078125
            ],
            [
              85.45294140625,
              27.732780078125
            ],
            [
              85.45294140625,
              27.73286796875
            ],
            [
              85.453,
              27.73286796875
            ],
            [
              85.453,
              27.732897265625
            ],
            [
              85.4531171875,
              27.732897265625
            ],
            [
              85.4531171875,
              27.73286796875
            ],
            [
              85.45320507812501,
              27.73286796875
            ],
            [
              85.45320507812501,
              27.732926562499998
            ],
            [
              85.45323437500001,
              27.732926562499998
            ],
            [
              85.45323437500001,
              27.733014453124998
            ],
            [
              85.45320507812501,
              27.733014453124998
            ],
            [
              85.45320507812501,
              27.733073046875
            ],
            [
              85.45317578125,
              27.733073046875
            ],
            [
              85.45317578125,
              27.733102343749998
            ],
            [
              85.453146484375,
              27.733102343749998
            ],
            [
              85.453146484375,
              27.733131640625
            ],
            [
              85.453087890625,
              27.733131640625
            ],
            [
              85.453087890625,
              27.7331609375
            ],
            [
              85.453029296875,
              27.7331609375
            ],
            [
              85.453029296875,
              27.733190234374998
            ],
            [
              85.452912109375,
              27.733190234374998
            ]
          ]
        ]
      },
      "properties": {
        "building_id": 46,
        "damage_tier": "no-damage",
        "confidence": 0.868
      }
    },
    {
      "type": "Feature",
      "geometry": {
        "type": "Polygon",
        "coordinates": [
          [
            [
              85.456076171875,
              27.732574999999997
            ],
            [
              85.456076171875,
              27.732545703125
            ],
            [
              85.456017578125,
              27.732545703125
            ],
            [
              85.456017578125,
              27.73251640625
            ],
            [
              85.45598828125,
              27.73251640625
            ],
            [
              85.45598828125,
              27.732487109375
            ],
            [
              85.456193359375,
              27.732487109375
            ],
            [
              85.456193359375,
              27.73251640625
            ],
            [
              85.45622265625,
              27.73251640625
            ],
            [
              85.45622265625,
              27.732545703125
            ],
            [
              85.45616406250001,
              27.732545703125
            ],
            [
              85.45616406250001,
              27.732574999999997
            ],
            [
              85.456076171875,
              27.732574999999997
            ]
          ]
        ]
      },
      "properties": {
        "building_id": 47,
        "damage_tier": "no-damage",
        "confidence": 0.933
      }
    },
    {
      "type": "Feature",
      "geometry": {
        "type": "Polygon",
        "coordinates": [
          [
            [
              85.45176953125001,
              27.732838671874998
            ],
            [
              85.45176953125001,
              27.732809375
            ],
            [
              85.4517109375,
              27.732809375
            ],
            [
              85.4517109375,
              27.732780078125
            ],
            [
              85.451623046875,
              27.732780078125
            ],
            [
              85.451623046875,
              27.732662890624997
            ],
            [
              85.45165234375,
              27.732662890624997
            ],
            [
              85.45165234375,
              27.732604296875
            ],
            [
              85.451681640625,
              27.732604296875
            ],
            [
              85.451681640625,
              27.732574999999997
            ],
            [
              85.45174023437501,
              27.732574999999997
            ],
            [
              85.45174023437501,
              27.73251640625
            ],
            [
              85.45176953125001,
              27.73251640625
            ],
            [
              85.45176953125001,
              27.732487109375
            ],
            [
              85.451798828125,
              27.732487109375
            ],
            [
              85.451798828125,
              27.732457812499998
            ],
            [
              85.451828125,
              27.732457812499998
            ],
            [
              85.451828125,
              27.73239921875
            ],
            [
              85.451974609375,
              27.73239921875
            ],
            [
              85.451974609375,
              27.732457812499998
            ],
            [
              85.45200390625,
              27.732457812499998
            ],
            [
              85.45200390625,
              27.732487109375
            ],
            [
              85.452033203125,
              27.732487109375
            ],
            [
              85.452033203125,
              27.732545703125
            ],
            [
              85.45209179687501,
              27.732545703125
            ],
            [
              85.45209179687501,
              27.732574999999997
            ],
            [
              85.45212109375001,
              27.732574999999997
            ],
            [
              85.45212109375001,
              27.73263359375
            ],
            [
              85.45215039062501,
              27.73263359375
            ],
            [
              85.45215039062501,
              27.732780078125
            ],
            [
              85.45209179687501,
              27.732780078125
            ],
            [
              85.45209179687501,
              27.732809375
            ],
            [
              85.45188671875,
              27.732809375
            ],
            [
              85.45188671875,
              27.732838671874998
            ],
            [
              85.45176953125001,
              27.732838671874998
            ]
          ]
        ]
      },
      "properties": {
        "building_id": 48,
        "damage_tier": "no-damage",
        "confidence": 0.891
      }
    },
    {
      "type": "Feature",
      "geometry": {
        "type": "Polygon",
        "coordinates": [
          [
            [
              85.44259960937501,
              27.73239921875
            ],
            [
              85.44259960937501,
              27.732340625
            ],
            [
              85.442658203125,
              27.732340625
            ],
            [
              85.442658203125,
              27.73239921875
            ],
            [
              85.44259960937501,
              27.73239921875
            ]
          ]
        ]
      },
      "properties": {
        "building_id": 49,
        "damage_tier": "no-damage",
        "confidence": 0.599
      }
    },
    {
      "type": "Feature",
      "geometry": {
        "type": "Polygon",
        "coordinates": [
          [
            [
              85.455607421875,
              27.733102343749998
            ],
            [
              85.455607421875,
              27.733073046875
            ],
            [
              85.455578125,
              27.733073046875
            ],
            [
              85.455578125,
              27.73304375
            ],
            [
              85.455490234375,
              27.73304375
            ],
            [
              85.455490234375,
              27.733014453124998
            ],
            [
              85.455373046875,
              27.733014453124998
            ],
            [
              85.455373046875,
              27.73298515625
            ],
            [
              85.45534375,
              27.73298515625
            ],
            [
              85.45534375,
              27.732955859375
            ],
            [
              85.455314453125,
              27.732955859375
            ],
            [
              85.455314453125,
              27.732926562499998
            ],
            [
              85.45528515625,
              27.732926562499998
            ],
            [
              85.45528515625,
              27.732897265625
            ],
            [
              85.455255859375,
              27.732897265625
            ],
            [
              85.455255859375,
              27.73286796875
            ],
            [
              85.4552265625,
              27.73286796875
            ],
            [
              85.4552265625,
              27.732809375
            ],
            [
              85.455197265625,
              27.732809375
            ],
            [
              85.455197265625,
              27.732780078125
            ],
            [
              85.45516796875,
              27.732780078125
            ],
            [
              85.45516796875,
              27.732750781249997
            ],
            [
              85.455138671875,
              27.732750781249997
            ],
            [
              85.455138671875,
              27.732721484375
            ],
            [
              85.45516796875,
              27.732721484375
            ],
            [
              85.45516796875,
              27.7326921875
            ],
            [
              85.455197265625,
              27.7326921875
            ],
            [
              85.455197265625,
              27.73263359375
            ],
            [
              85.4552265625,
              27.73263359375
            ],
            [
              85.4552265625,
              27.732604296875
            ],
            [
              85.455255859375,
              27.732604296875
            ],
            [
              85.455255859375,
              27.732545703125
            ],
            [
              85.45528515625,
              27.732545703125
            ],
            [
              85.45528515625,
              27.73251640625
            ],
            [
              85.455314453125,
              27.73251640625
            ],
            [
              85.455314453125,
              27.732457812499998
            ],
            [
              85.45534375,
              27.732457812499998
            ],
            [
              85.45534375,
              27.732369921874998
            ],
            [
              85.455373046875,
              27.732369921874998
            ],
            [
              85.455373046875,
              27.732311328125
            ],
            [
              85.45540234375001,
              27.732311328125
            ],
            [
              85.45540234375001,
              27.732282031249998
            ],
            [
              85.455548828125,
              27.732282031249998
            ],
            [
              85.455548828125,
              27.732252734375
            ],
            [
              85.455724609375,
              27.732252734375
            ],
            [
              85.455724609375,
              27.732282031249998
            ],
            [
              85.455841796875,
              27.732282031249998
            ],
            [
              85.455841796875,
              27.732311328125
            ],
            [
              85.45587109375,
              27.732311328125
            ],
            [
              85.45587109375,
              27.732340625
            ],
            [
              85.455900390625,
              27.732340625
            ],
            [
              85.455900390625,
              27.732369921874998
            ],
            [
              85.4559296875,
              27.732369921874998
            ],
            [
              85.4559296875,
              27.73239921875
            ],
            [
              85.455958984375,
              27.73239921875
            ],
            [
              85.455958984375,
              27.732487109375
            ],
            [
              85.455841796875,
              27.732487109375
            ],
            [
              85.455841796875,
              27.73251640625
            ],
            [
              85.45581250000001,
              27.73251640625
            ],
            [
              85.45581250000001,
              27.732545703125
            ],
            [
              85.45578320312501,
              27.732545703125
            ],
            [
              85.45578320312501,
              27.73263359375
            ],
            [
              85.45575390625001,
              27.73263359375
            ],
            [
              85.45575390625001,
              27.7326921875
            ],
            [
              85.455724609375,
              27.7326921875
            ],
            [
              85.455724609375,
              27.732809375
            ],
            [
              85.4556953125,
              27.732809375
            ],
            [
              85.4556953125,
              27.733014453124998
            ],
            [
              85.455666015625,
              27.733014453124998
            ],
            [
              85.455666015625,
              27.733073046875
            ],
            [
              85.45563671875,
              27.733073046875
            ],
            [
              85.45563671875,
              27.733102343749998
            ],
            [
              85.455607421875,
              27.733102343749998
            ]
          ]
        ]
      },
      "properties": {
        "building_id": 50,
        "damage_tier": "no-damage",
        "confidence": 0.927
      }
    },
    {
      "type": "Feature",
      "geometry": {
        "type": "Polygon",
        "coordinates": [
          [
            [
              85.4426875,
              27.732311328125
            ],
            [
              85.4426875,
              27.732252734375
            ],
            [
              85.442716796875,
              27.732252734375
            ],
            [
              85.442716796875,
              27.73216484375
            ],
            [
              85.44274609375,
              27.73216484375
            ],
            [
              85.44274609375,
              27.7322234375
            ],
            [
              85.442775390625,
              27.7322234375
            ],
            [
              85.442775390625,
              27.732311328125
            ],
            [
              85.4426875,
              27.732311328125
            ]
          ]
        ]
      },
      "properties": {
        "building_id": 51,
        "damage_tier": "no-damage",
        "confidence": 0.563
      }
    },
    {
      "type": "Feature",
      "geometry": {
        "type": "Polygon",
        "coordinates": [
          [
            [
              85.44204296875,
              27.731637499999998
            ],
            [
              85.44204296875,
              27.731608203125
            ],
            [
              85.44169140625,
              27.731608203125
            ],
            [
              85.44169140625,
              27.731403125
            ],
            [
              85.44175,
              27.731403125
            ],
            [
              85.44175,
              27.731373828124998
            ],
            [
              85.441779296875,
              27.731373828124998
            ],
            [
              85.441779296875,
              27.73134453125
            ],
            [
              85.441837890625,
              27.73134453125
            ],
            [
              85.441837890625,
              27.731373828124998
            ],
            [
              85.44189648437501,
              27.731373828124998
            ],
            [
              85.44189648437501,
              27.731491015625
            ],
            [
              85.44192578125,
              27.731491015625
            ],
            [
              85.44192578125,
              27.7315203125
            ],
            [
              85.44204296875,
              27.7315203125
            ],
            [
              85.44204296875,
              27.731549609374998
            ],
            [
              85.4421015625,
              27.731549609374998
            ],
            [
              85.4421015625,
              27.73157890625
            ],
            [
              85.442130859375,
              27.73157890625
            ],
            [
              85.442130859375,
              27.731608203125
            ],
            [
              85.442072265625,
              27.731608203125
            ],
            [
              85.442072265625,
              27.731637499999998
            ],
            [
              85.44204296875,
              27.731637499999998
            ]
          ]
        ]
      },
      "properties": {
        "building_id": 52,
        "damage_tier": "no-damage",
        "confidence": 0.646
      }
    },
    {
      "type": "Feature",
      "geometry": {
        "type": "Polygon",
        "coordinates": [
          [
            [
              85.446203125,
              27.731608203125
            ],
            [
              85.446203125,
              27.73157890625
            ],
            [
              85.44614453125,
              27.73157890625
            ],
            [
              85.44614453125,
              27.731549609374998
            ],
            [
              85.446115234375,
              27.731549609374998
            ],
            [
              85.446115234375,
              27.731491015625
            ],
            [
              85.4460859375,
              27.731491015625
            ],
            [
              85.4460859375,
              27.731461718749998
            ],
            [
              85.446056640625,
              27.731461718749998
            ],
            [
              85.446056640625,
              27.73134453125
            ],
            [
              85.4460859375,
              27.73134453125
            ],
            [
              85.4460859375,
              27.731285937499997
            ],
            [
              85.446115234375,
              27.731285937499997
            ],
            [
              85.446115234375,
              27.731256640625
            ],
            [
              85.44614453125,
              27.731256640625
            ],
            [
              85.44614453125,
              27.73122734375
            ],
            [
              85.446203125,
              27.73122734375
            ],
            [
              85.446203125,
              27.731198046874997
            ],
            [
              85.44637890625,
              27.731198046874997
            ],
            [
              85.44637890625,
              27.73122734375
            ],
            [
              85.446408203125,
              27.73122734375
            ],
            [
              85.446408203125,
              27.731285937499997
            ],
            [
              85.4464375,
              27.731285937499997
            ],
            [
              85.4464375,
              27.731461718749998
            ],
            [
              85.446408203125,
              27.731461718749998
            ],
            [
              85.446408203125,
              27.7315203125
            ],
            [
              85.44637890625,
              27.7315203125
            ],
            [
              85.44637890625,
              27.731549609374998
            ],
            [
              85.446349609375,
              27.731549609374998
            ],
            [
              85.446349609375,
              27.73157890625
            ],
            [
              85.44629101562501,
              27.73157890625
            ],
            [
              85.44629101562501,
              27.731608203125
            ],
            [
              85.446203125,
              27.731608203125
            ]
          ]
        ]
      },
      "properties": {
        "building_id": 53,
        "damage_tier": "no-damage",
        "confidence": 0.916
      }
    },
    {
      "type": "Feature",
      "geometry": {
        "type": "Polygon",
        "coordinates": [
          [
            [
              85.441984375,
              27.731403125
            ],
            [
              85.441984375,
              27.731373828124998
            ],
            [
              85.441955078125,
              27.731373828124998
            ],
            [
              85.441955078125,
              27.731285937499997
            ],
            [
              85.441984375,
              27.731285937499997
            ],
            [
              85.441984375,
              27.731198046874997
            ],
            [
              85.442013671875,
              27.731198046874997
            ],
            [
              85.442013671875,
              27.73116875
            ],
            [
              85.442072265625,
              27.73116875
            ],
            [
              85.442072265625,
              27.731139453125
            ],
            [
              85.44221875000001,
              27.731139453125
            ],
            [
              85.44221875000001,
              27.73116875
            ],
            [
              85.442306640625,
              27.73116875
            ],
            [
              85.442306640625,
              27.731198046874997
            ],
            [
              85.44239453125,
              27.731198046874997
            ],
            [
              85.44239453125,
              27.73134453125
            ],
            [
              85.4423359375,
              27.73134453125
            ],
            [
              85.4423359375,
              27.731373828124998
            ],
            [
              85.442189453125,
              27.731373828124998
            ],
            [
              85.442189453125,
              27.731403125
            ],
            [
              85.441984375,
              27.731403125
            ]
          ]
        ]
      },
      "properties": {
        "building_id": 54,
        "damage_tier": "no-damage",
        "confidence": 0.611
      }
    },
    {
      "type": "Feature",
      "geometry": {
        "type": "Polygon",
        "coordinates": [
          [
            [
              85.45399609375,
              27.73116875
            ],
            [
              85.45399609375,
              27.731139453125
            ],
            [
              85.45396679687501,
              27.731139453125
            ],
            [
              85.45396679687501,
              27.731080859375
            ],
            [
              85.454025390625,
              27.731080859375
            ],
            [
              85.454025390625,
              27.731110156249997
            ],
            [
              85.4540546875,
              27.731110156249997
            ],
            [
              85.4540546875,
              27.731139453125
            ],
            [
              85.454025390625,
              27.731139453125
            ],
            [
              85.454025390625,
              27.73116875
            ],
            [
              85.45399609375,
              27.73116875
            ]
          ]
        ]
      },
      "properties": {
        "building_id": 55,
        "damage_tier": "no-damage",
        "confidence": 0.983
      }
    },
    {
      "type": "Feature",
      "geometry": {
        "type": "Polygon",
        "coordinates": [
          [
            [
              85.454201171875,
              27.731139453125
            ],
            [
              85.454201171875,
              27.731080859375
            ],
            [
              85.454259765625,
              27.731080859375
            ],
            [
              85.454259765625,
              27.731110156249997
            ],
            [
              85.45423046875,
              27.731110156249997
            ],
            [
              85.45423046875,
              27.731139453125
            ],
            [
              85.454201171875,
              27.731139453125
            ]
          ]
        ]
      },
      "properties": {
        "building_id": 56,
        "damage_tier": "no-damage",
        "confidence": 0.982
      }
    },
    {
      "type": "Feature",
      "geometry": {
        "type": "Polygon",
        "coordinates": [
          [
            [
              85.450451171875,
              27.73556328125
            ],
            [
              85.450451171875,
              27.735533984375
            ],
            [
              85.450421875,
              27.735533984375
            ],
            [
              85.450421875,
              27.7355046875
            ],
            [
              85.45036328125,
              27.7355046875
            ],
            [
              85.45036328125,
              27.735475390625
            ],
            [
              85.45027539062501,
              27.735475390625
            ],
            [
              85.45027539062501,
              27.73544609375
            ],
            [
              85.450216796875,
              27.73544609375
            ],
            [
              85.450216796875,
              27.735387499999998
            ],
            [
              85.4501875,
              27.735387499999998
            ],
            [
              85.4501875,
              27.735299609374998
            ],
            [
              85.450216796875,
              27.735299609374998
            ],
            [
              85.450216796875,
              27.735241015625
            ],
            [
              85.45024609375,
              27.735241015625
            ],
            [
              85.45024609375,
              27.735065234375
            ],
            [
              85.450216796875,
              27.735065234375
            ],
            [
              85.450216796875,
              27.734889453125
            ],
            [
              85.45024609375,
              27.734889453125
            ],
            [
              85.45024609375,
              27.734860156249997
            ],
            [
              85.45027539062501,
              27.734860156249997
            ],
            [
              85.45027539062501,
              27.734889453125
            ],
            [
              85.45030468750001,
              27.734889453125
            ],
            [
              85.45030468750001,
              27.73491875
            ],
            [
              85.450421875,
              27.73491875
            ],
            [
              85.450421875,
              27.734948046874997
            ],
            [
              85.450509765625,
              27.734948046874997
            ],
            [
              85.450509765625,
              27.73491875
            ],
            [
              85.4505390625,
              27.73491875
            ],
            [
              85.4505390625,
              27.734889453125
            ],
            [
              85.450568359375,
              27.734889453125
            ],
            [
              85.450568359375,
              27.7348015625
            ],
            [
              85.45059765625,
              27.7348015625
            ],
            [
              85.45059765625,
              27.734772265625
            ],
            [
              85.45062695312501,
              27.734772265625
            ],
            [
              85.45062695312501,
              27.73474296875
            ],
            [
              85.45068554687501,
              27.73474296875
            ],
            [
              85.45068554687501,
              27.734713671875
            ],
            [
              85.45083203125,
              27.734713671875
            ],
            [
              85.45083203125,
              27.734684375
            ],
            [
              85.450861328125,
              27.734684375
            ],
            [
              85.450861328125,
              27.73445
            ],
            [
              85.450802734375,
              27.73445
            ],
            [
              85.450802734375,
              27.734479296874998
            ],
            [
              85.4507734375,
              27.734479296874998
            ],
            [
              85.4507734375,
              27.73450859375
            ],
            [
              85.45071484375,
              27.73450859375
            ],
            [
              85.45071484375,
              27.734537890625
            ],
            [
              85.45065625000001,
              27.734537890625
            ],
            [
              85.45065625000001,
              27.734567187499998
            ],
            [
              85.45059765625,
              27.734567187499998
            ],
            [
              85.45059765625,
              27.734596484375
            ],
            [
              85.4505390625,
              27.734596484375
            ],
            [
              85.4505390625,
              27.73462578125
            ],
            [
              85.450509765625,
              27.73462578125
            ],
            [
              85.450509765625,
              27.734655078124998
            ],
            [
              85.45024609375,
              27.734655078124998
            ],
            [
              85.45024609375,
              27.73462578125
            ],
            [
              85.450216796875,
              27.73462578125
            ],
            [
              85.450216796875,
              27.734596484375
            ],
            [
              85.4501875,
              27.734596484375
            ],
            [
              85.4501875,
              27.734537890625
            ],
            [
              85.450158203125,
              27.734537890625
            ],
            [
              85.450158203125,
              27.734479296874998
            ],
            [
              85.45012890625,
              27.734479296874998
            ],
            [
              85.45012890625,
              27.734391406249998
            ],
            [
              85.450099609375,
              27.734391406249998
            ],
            [
              85.450099609375,
              27.734215624999997
            ],
            [
              85.4500703125,
              27.734215624999997
            ],
            [
              85.4500703125,
              27.7340984375
            ],
            [
              85.450041015625,
              27.7340984375
            ],
            [
              85.450041015625,
              27.73403984375
            ],
            [
              85.45001171875,
              27.73403984375
            ],
            [
              85.45001171875,
              27.733922656249998
            ],
            [
              85.449982421875,
              27.733922656249998
            ],
            [
              85.449982421875,
              27.733893359375
            ],
            [
              85.44995312500001,
              27.733893359375
            ],
            [
              85.44995312500001,
              27.7338640625
            ],
            [
              85.44992382812501,
              27.7338640625
            ],
            [
              85.44992382812501,
              27.733834765624998
            ],
            [
              85.4498359375,
              27.733834765624998
            ],
            [
              85.4498359375,
              27.73380546875
            ],
            [
              85.4496015625,
              27.73380546875
            ],
            [
              85.4496015625,
              27.733776171875
            ],
            [
              85.449513671875,
              27.733776171875
            ],
            [
              85.449513671875,
              27.733746874999998
            ],
            [
              85.44942578125,
              27.733746874999998
            ],
            [
              85.44942578125,
              27.733717578125
            ],
            [
              85.449396484375,
              27.733717578125
            ],
            [
              85.449396484375,
              27.733366015625
            ],
            [
              85.44942578125,
              27.733366015625
            ],
            [
              85.44942578125,
              27.733307421875
            ],
            [
              85.449455078125,
              27.733307421875
            ],
            [
              85.449455078125,
              27.733248828125
            ],
            [
              85.449484375,
              27.733248828125
            ],
            [
              85.449484375,
              27.73321953125
            ],
            [
              85.449513671875,
              27.73321953125
            ],
            [
              85.449513671875,
              27.7331609375
            ],
            [
              85.44954296875001,
              27.7331609375
            ],
            [
              85.44954296875001,
              27.733131640625
            ],
            [
              85.449630859375,
              27.733131640625
            ],
            [
              85.449630859375,
              27.733102343749998
            ],
            [
              85.44966015625,
              27.733102343749998
            ],
            [
              85.44966015625,
              27.732955859375
            ],
            [
              85.44971875,
              27.732955859375
            ],
            [
              85.44971875,
              27.732926562499998
            ],
            [
              85.44977734375,
              27.732926562499998
            ],
            [
              85.44977734375,
              27.732897265625
            ],
            [
              85.449865234375,
              27.732897265625
            ],
            [
              85.449865234375,
              27.73286796875
            ],
            [
              85.44989453125001,
              27.73286796875
            ],
            [
              85.44989453125001,
              27.732750781249997
            ],
            [
              85.449865234375,
              27.732750781249997
            ],
            [
              85.449865234375,
              27.732721484375
            ],
            [
              85.449806640625,
              27.732721484375
            ],
            [
              85.449806640625,
              27.7326921875
            ],
            [
              85.449513671875,
              27.7326921875
            ],
            [
              85.449513671875,
              27.732662890624997
            ],
            [
              85.449484375,
              27.732662890624997
            ],
            [
              85.449484375,
              27.73263359375
            ],
            [
              85.449455078125,
              27.73263359375
            ],
            [
              85.449455078125,
              27.732604296875
            ],
            [
              85.449484375,
              27.732604296875
            ],
            [
              85.449484375,
              27.732369921874998
            ],
            [
              85.449455078125,
              27.732369921874998
            ],
            [
              85.449455078125,
              27.732282031249998
            ],
            [
              85.44942578125,
              27.732282031249998
            ],
            [
              85.44942578125,
              27.732135546875
            ],
            [
              85.4493671875,
              27.732135546875
            ],
            [
              85.4493671875,
              27.732106249999998
            ],
            [
              85.449279296875,
              27.732106249999998
            ],
            [
              85.449279296875,
              27.732076953125
            ],
            [
              85.44919140625001,
              27.732076953125
            ],
            [
              85.44919140625001,
              27.73204765625
            ],
            [
              85.44916210937501,
              27.73204765625
            ],
            [
              85.44916210937501,
              27.732018359374997
            ],
            [
              85.4491328125,
              27.732018359374997
            ],
            [
              85.4491328125,
              27.7319890625
            ],
            [
              85.449103515625,
              27.7319890625
            ],
            [
              85.449103515625,
              27.731930468749997
            ],
            [
              85.44907421875,
              27.731930468749997
            ],
            [
              85.44907421875,
              27.731871875
            ],
            [
              85.449044921875,
              27.731871875
            ],
            [
              85.449044921875,
              27.7317546875
            ],
            [
              85.449015625,
              27.7317546875
            ],
            [
              85.449015625,
              27.73169609375
            ],
            [
              85.449044921875,
              27.73169609375
            ],
            [
              85.449044921875,
              27.731666796875
            ],
            [
              85.4491328125,
              27.731666796875
            ],
            [
              85.4491328125,
              27.731637499999998
            ],
            [
              85.449337890625,
              27.731637499999998
            ],
            [
              85.449337890625,
              27.73157890625
            ],
            [
              85.4493671875,
              27.73157890625
            ],
            [
              85.4493671875,
              27.731549609374998
            ],
            [
              85.449396484375,
              27.731549609374998
            ],
            [
              85.449396484375,
              27.7315203125
            ],
            [
              85.449484375,
              27.7315203125
            ],
            [
              85.449484375,
              27.731549609374998
            ],
            [
              85.4496015625,
              27.731549609374998
            ],
            [
              85.4496015625,
              27.73157890625
            ],
            [
              85.449689453125,
              27.73157890625
            ],
            [
              85.449689453125,
              27.731549609374998
            ],
            [
              85.44992382812501,
              27.731549609374998
            ],
            [
              85.44992382812501,
              27.7315203125
            ],
            [
              85.450041015625,
              27.7315203125
            ],
            [
              85.450041015625,
              27.731549609374998
            ],
            [
              85.4500703125,
              27.731549609374998
            ],
            [
              85.4500703125,
              27.73157890625
            ],
            [
              85.45012890625,
              27.73157890625
            ],
            [
              85.45012890625,
              27.731608203125
            ],
            [
              85.450158203125,
              27.731608203125
            ],
            [
              85.450158203125,
              27.731637499999998
            ],
            [
              85.4501875,
              27.731637499999998
            ],
            [
              85.4501875,
              27.731666796875
            ],
            [
              85.450216796875,
              27.731666796875
            ],
            [
              85.450216796875,
              27.73169609375
            ],
            [
              85.45024609375,
              27.73169609375
            ],
            [
              85.45024609375,
              27.731666796875
            ],
            [
              85.45027539062501,
              27.731666796875
            ],
            [
              85.45027539062501,
              27.731608203125
            ],
            [
              85.45030468750001,
              27.731608203125
            ],
            [
              85.45030468750001,
              27.731403125
            ],
            [
              85.450333984375,
              27.731403125
            ],
            [
              85.450333984375,
              27.731315234375
            ],
            [
              85.45036328125,
              27.731315234375
            ],
            [
              85.45036328125,
              27.731285937499997
            ],
            [
              85.450392578125,
              27.731285937499997
            ],
            [
              85.450392578125,
              27.73122734375
            ],
            [
              85.450421875,
              27.73122734375
            ],
            [
              85.450421875,
              27.73116875
            ],
            [
              85.450392578125,
              27.73116875
            ],
            [
              85.450392578125,
              27.7310515625
            ],
            [
              85.450421875,
              27.7310515625
            ],
            [
              85.450421875,
              27.731022265625
            ],
            [
              85.4505390625,
              27.731022265625
            ],
            [
              85.4505390625,
              27.730992968749998
            ],
            [
              85.45083203125,
              27.730992968749998
            ],
            [
              85.45083203125,
              27.731022265625
            ],
            [
              85.45094921875,
              27.731022265625
            ],
            [
              85.45094921875,
              27.7310515625
            ],
            [
              85.45100781250001,
              27.7310515625
            ],
            [
              85.45100781250001,
              27.731080859375
            ],
            [
              85.45103710937501,
              27.731080859375
            ],
            [
              85.45103710937501,
              27.731110156249997
            ],
            [
              85.45106640625,
              27.731110156249997
            ],
            [
              85.45106640625,
              27.731198046874997
            ],
            [
              85.45103710937501,
              27.731198046874997
            ],
            [
              85.45103710937501,
              27.73122734375
            ],
            [
              85.45106640625,
              27.73122734375
            ],
            [
              85.45106640625,
              27.731256640625
            ],
            [
              85.451125,
              27.731256640625
            ],
            [
              85.451125,
              27.731285937499997
            ],
            [
              85.451154296875,
              27.731285937499997
            ],
            [
              85.451154296875,
              27.731373828124998
            ],
            [
              85.4512421875,
              27.731373828124998
            ],
            [
              85.4512421875,
              27.731315234375
            ],
            [
              85.451271484375,
              27.731315234375
            ],
            [
              85.451271484375,
              27.731198046874997
            ],
            [
              85.45141796875001,
              27.731198046874997
            ],
            [
              85.45141796875001,
              27.73122734375
            ],
            [
              85.451447265625,
              27.73122734375
            ],
            [
              85.451447265625,
              27.731285937499997
            ],
            [
              85.4514765625,
              27.731285937499997
            ],
            [
              85.4514765625,
              27.731315234375
            ],
            [
              85.451505859375,
              27.731315234375
            ],
            [
              85.451505859375,
              27.73134453125
            ],
            [
              85.45153515625,
              27.73134453125
            ],
            [
              85.45153515625,
              27.731373828124998
            ],
            [
              85.451564453125,
              27.731373828124998
            ],
            [
              85.451564453125,
              27.731403125
            ],
            [
              85.451623046875,
              27.731403125
            ],
            [
              85.451623046875,
              27.731432421875
            ],
            [
              85.45176953125001,
              27.731432421875
            ],
            [
              85.45176953125001,
              27.731461718749998
            ],
            [
              85.451798828125,
              27.731461718749998
            ],
            [
              85.451798828125,
              27.731491015625
            ],
            [
              85.45176953125001,
              27.731491015625
            ],
            [
              85.45176953125001,
              27.7315203125
            ],
            [
              85.45174023437501,
              27.7315203125
            ],
            [
              85.45174023437501,
              27.731549609374998
            ],
            [
              85.4517109375,
              27.731549609374998
            ],
            [
              85.4517109375,
              27.731637499999998
            ],
            [
              85.45174023437501,
              27.731637499999998
            ],
            [
              85.45174023437501,
              27.73169609375
            ],
            [
              85.45176953125001,
              27.73169609375
            ],
            [
              85.45176953125001,
              27.731725390624998
            ],
            [
              85.451828125,
              27.731725390624998
            ],
            [
              85.451828125,
              27.7317546875
            ],
            [
              85.45188671875,
              27.7317546875
            ],
            [
              85.45188671875,
              27.731783984375
            ],
            [
              85.451916015625,
              27.731783984375
            ],
            [
              85.451916015625,
              27.731842578124997
            ],
            [
              85.45188671875,
              27.731842578124997
            ],
            [
              85.45188671875,
              27.731871875
            ],
            [
              85.451828125,
              27.731871875
            ],
            [
              85.451828125,
              27.731901171875
            ],
            [
              85.45176953125001,
              27.731901171875
            ],
            [
              85.45176953125001,
              27.731930468749997
            ],
            [
              85.451681640625,
              27.731930468749997
            ],
            [
              85.451681640625,
              27.731959765625
            ],
            [
              85.45159375,
              27.731959765625
            ],
            [
              85.45159375,
              27.7319890625
            ],
            [
              85.451564453125,
              27.7319890625
            ],
            [
              85.451564453125,
              27.732018359374997
            ],
            [
              85.451505859375,
              27.732018359374997
            ],
            [
              85.451505859375,
              27.732076953125
            ],
            [
              85.4514765625,
              27.732076953125
            ],
            [
              85.4514765625,
              27.732194140624998
            ],
            [
              85.451505859375,
              27.732194140624998
            ],
            [
              85.451505859375,
              27.732252734375
            ],
            [
              85.45153515625,
              27.732252734375
            ],
            [
              85.45153515625,
              27.732282031249998
            ],
            [
              85.451505859375,
              27.732282031249998
            ],
            [
              85.451505859375,
              27.732340625
            ],
            [
              85.4514765625,
              27.732340625
            ],
            [
              85.4514765625,
              27.732369921874998
            ],
            [
              85.451447265625,
              27.732369921874998
            ],
            [
              85.451447265625,
              27.732428515625
            ],
            [
              85.45141796875001,
              27.732428515625
            ],
            [
              85.45141796875001,
              27.732457812499998
            ],
            [
              85.45138867187501,
              27.732457812499998
            ],
            [
              85.45138867187501,
              27.73251640625
            ],
            [
              85.45135937500001,
              27.73251640625
            ],
            [
              85.45135937500001,
              27.732574999999997
            ],
            [
              85.451330078125,
              27.732574999999997
            ],
            [
              85.451330078125,
              27.732604296875
            ],
            [
              85.451271484375,
              27.732604296875
            ],
            [
              85.451271484375,
              27.73263359375
            ],
            [
              85.45106640625,
              27.73263359375
            ],
            [
              85.45106640625,
              27.732604296875
            ],
            [
              85.450919921875,
              27.732604296875
            ],
            [
              85.450919921875,
              27.732574999999997
            ],
            [
              85.450421875,
              27.732574999999997
            ],
            [
              85.450421875,
              27.732604296875
            ],
            [
              85.450392578125,
              27.732604296875
            ],
            [
              85.450392578125,
              27.73263359375
            ],
            [
              85.450333984375,
              27.73263359375
            ],
            [
              85.450333984375,
              27.732662890624997
            ],
            [
              85.45024609375,
              27.732662890624997
            ],
            [
              85.45024609375,
              27.7326921875
            ],
            [
              85.450216796875,
              27.7326921875
            ],
            [
              85.450216796875,
              27.732721484375
            ],
            [
              85.4501875,
              27.732721484375
            ],
            [
              85.4501875,
              27.732750781249997
            ],
            [
              85.450158203125,
              27.732750781249997
            ],
            [
              85.450158203125,
              27.732809375
            ],
            [
              85.45012890625,
              27.732809375
            ],
            [
              85.45012890625,
              27.732838671874998
            ],
            [
              85.450099609375,
              27.732838671874998
            ],
            [
              85.450099609375,
              27.732897265625
            ],
            [
              85.450158203125,
              27.732897265625
            ],
            [
              85.450158203125,
              27.732926562499998
            ],
            [
              85.45036328125,
              27.732926562499998
            ],
            [
              85.45036328125,
              27.732897265625
            ],
            [
              85.450392578125,
              27.732897265625
            ],
            [
              85.450392578125,
              27.732926562499998
            ],
            [
              85.4505390625,
              27.732926562499998
            ],
            [
              85.4505390625,
              27.732897265625
            ],
            [
              85.45065625000001,
              27.732897265625
            ],
            [
              85.45065625000001,
              27.73286796875
            ],
            [
              85.45071484375,
              27.73286796875
            ],
            [
              85.45071484375,
              27.732838671874998
            ],
            [
              85.450744140625,
              27.732838671874998
            ],
            [
              85.450744140625,
              27.73286796875
            ],
            [
              85.450890625,
              27.73286796875
            ],
            [
              85.450890625,
              27.732897265625
            ],
            [
              85.45094921875,
              27.732897265625
            ],
            [
              85.45094921875,
              27.732926562499998
            ],
            [
              85.45103710937501,
              27.732926562499998
            ],
            [
              85.45103710937501,
              27.73298515625
            ],
            [
              85.45106640625,
              27.73298515625
            ],
            [
              85.45106640625,
              27.7331609375
            ],
            [
              85.45103710937501,
              27.7331609375
            ],
            [
              85.45103710937501,
              27.733190234374998
            ],
            [
              85.45100781250001,
              27.733190234374998
            ],
            [
              85.45100781250001,
              27.73321953125
            ],
            [
              85.450919921875,
              27.73321953125
            ],
            [
              85.450919921875,
              27.733248828125
            ],
            [
              85.45062695312501,
              27.733248828125
            ],
            [
              85.45062695312501,
              27.733278125
            ],
            [
              85.450568359375,
              27.733278125
            ],
            [
              85.450568359375,
              27.733248828125
            ],
            [
              85.45027539062501,
              27.733248828125
            ],
            [
              85.45027539062501,
              27.733278125
            ],
            [
              85.450216796875,
              27.733278125
            ],
            [
              85.450216796875,
              27.733307421875
            ],
            [
              85.4501875,
              27.733307421875
            ],
            [
              85.4501875,
              27.73333671875
            ],
            [
              85.450158203125,
              27.73333671875
            ],
            [
              85.450158203125,
              27.733424609375
            ],
            [
              85.45012890625,
              27.733424609375
            ],
            [
              85.45012890625,
              27.7335125
            ],
            [
              85.450099609375,
              27.7335125
            ],
            [
              85.450099609375,
              27.733600390625
            ],
            [
              85.45012890625,
              27.733600390625
            ],
            [
              85.45012890625,
              27.7336296875
            ],
            [
              85.450158203125,
              27.7336296875
            ],
            [
              85.450158203125,
              27.73368828125
            ],
            [
              85.4501875,
              27.73368828125
            ],
            [
              85.4501875,
              27.73380546875
            ],
            [
              85.450158203125,
              27.73380546875
            ],
            [
              85.450158203125,
              27.7338640625
            ],
            [
              85.45012890625,
              27.7338640625
            ],
            [
              85.45012890625,
              27.733951953125
            ],
            [
              85.450158203125,
              27.733951953125
            ],
            [
              85.450158203125,
              27.734010546875
            ],
            [
              85.4501875,
              27.734010546875
            ],
            [
              85.4501875,
              27.73403984375
            ],
            [
              85.45024609375,
              27.73403984375
            ],
            [
              85.45024609375,
              27.734069140625
            ],
            [
              85.45027539062501,
              27.734069140625
            ],
            [
              85.45027539062501,
              27.7340984375
            ],
            [
              85.450333984375,
              27.7340984375
            ],
            [
              85.450333984375,
              27.734127734374997
            ],
            [
              85.450392578125,
              27.734127734374997
            ],
            [
              85.450392578125,
              27.7340984375
            ],
            [
              85.450451171875,
              27.7340984375
            ],
            [
              85.450451171875,
              27.734069140625
            ],
            [
              85.45048046875,
              27.734069140625
            ],
            [
              85.45048046875,
              27.73403984375
            ],
            [
              85.450509765625,
              27.73403984375
            ],
            [
              85.450509765625,
              27.734010546875
            ],
            [
              85.4505390625,
              27.734010546875
            ],
            [
              85.4505390625,
              27.733951953125
            ],
            [
              85.450568359375,
              27.733951953125
            ],
            [
              85.450568359375,
              27.7338640625
            ],
            [
              85.450744140625,
              27.7338640625
            ],
            [
              85.450744140625,
              27.733893359375
            ],
            [
              85.450802734375,
              27.733893359375
            ],
            [
              85.450802734375,
              27.733922656249998
            ],
            [
              85.45103710937501,
              27.733922656249998
            ],
            [
              85.45103710937501,
              27.733893359375
            ],
            [
              85.45106640625,
              27.733893359375
            ],
            [
              85.45106640625,
              27.733922656249998
            ],
            [
              85.451095703125,
              27.733922656249998
            ],
            [
              85.451095703125,
              27.733951953125
            ],
            [
              85.451125,
              27.733951953125
            ],
            [
              85.451125,
              27.73398125
            ],
            [
              85.451212890625,
              27.73398125
            ],
            [
              85.451212890625,
              27.734010546875
            ],
            [
              85.45141796875001,
              27.734010546875
            ],
            [
              85.45141796875001,
              27.73403984375
            ],
            [
              85.451447265625,
              27.73403984375
            ],
            [
              85.451447265625,
              27.734069140625
            ],
            [
              85.4514765625,
              27.734069140625
            ],
            [
              85.4514765625,
              27.7340984375
            ],
            [
              85.451505859375,
              27.7340984375
            ],
            [
              85.451505859375,
              27.734127734374997
            ],
            [
              85.451564453125,
              27.734127734374997
            ],
            [
              85.451564453125,
              27.734215624999997
            ],
            [
              85.45159375,
              27.734215624999997
            ],
            [
              85.45159375,
              27.734244921875
            ],
            [
              85.451623046875,
              27.734244921875
            ],
            [
              85.451623046875,
              27.73427421875
            ],
            [
              85.45165234375,
              27.73427421875
            ],
            [
              85.45165234375,
              27.734362109375
            ],
            [
              85.451681640625,
              27.734362109375
            ],
            [
              85.451681640625,
              27.734420703125
            ],
            [
              85.45165234375,
              27.734420703125
            ],
            [
              85.45165234375,
              27.734567187499998
            ],
            [
              85.451623046875,
              27.734567187499998
            ],
            [
              85.451623046875,
              27.734684375
            ],
            [
              85.45165234375,
              27.734684375
            ],
            [
              85.45165234375,
              27.734772265625
            ],
            [
              85.451681640625,
              27.734772265625
            ],
            [
              85.451681640625,
              27.734830859375
            ],
            [
              85.4517109375,
              27.734830859375
            ],
            [
              85.4517109375,
              27.734860156249997
            ],
            [
              85.451681640625,
              27.734860156249997
            ],
            [
              85.451681640625,
              27.734889453125
            ],
            [
              85.451623046875,
              27.734889453125
            ],
            [
              85.451623046875,
              27.73491875
            ],
            [
              85.45159375,
              27.73491875
            ],
            [
              85.45159375,
              27.734948046874997
            ],
            [
              85.451564453125,
              27.734948046874997
            ],
            [
              85.451564453125,
              27.73497734375
            ],
            [
              85.45153515625,
              27.73497734375
            ],
            [
              85.45153515625,
              27.735006640625
            ],
            [
              85.4514765625,
              27.735006640625
            ],
            [
              85.4514765625,
              27.735035937499998
            ],
            [
              85.45130078125,
              27.735035937499998
            ],
            [
              85.45130078125,
              27.735065234375
            ],
            [
              85.4512421875,
              27.735065234375
            ],
            [
              85.4512421875,
              27.73509453125
            ],
            [
              85.451212890625,
              27.73509453125
            ],
            [
              85.451212890625,
              27.735123828124998
            ],
            [
              85.45118359375,
              27.735123828124998
            ],
            [
              85.45118359375,
              27.735182421875
            ],
            [
              85.451154296875,
              27.735182421875
            ],
            [
              85.451154296875,
              27.7352703125
            ],
            [
              85.45118359375,
              27.7352703125
            ],
            [
              85.45118359375,
              27.73532890625
            ],
            [
              85.451212890625,
              27.73532890625
            ],
            [
              85.451212890625,
              27.735358203125
            ],
            [
              85.45118359375,
              27.735358203125
            ],
            [
              85.45118359375,
              27.73544609375
            ],
            [
              85.451125,
              27.73544609375
            ],
            [
              85.451125,
              27.735475390625
            ],
            [
              85.45100781250001,
              27.735475390625
            ],
            [
              85.45100781250001,
              27.73544609375
            ],
            [
              85.45071484375,
              27.73544609375
            ],
            [
              85.45071484375,
              27.735475390625
            ],
            [
              85.45065625000001,
              27.735475390625
            ],
            [
              85.45065625000001,
              27.7355046875
            ],
            [
              85.45062695312501,
              27.7355046875
            ],
            [
              85.45062695312501,
              27.735533984375
            ],
            [
              85.45059765625,
              27.735533984375
            ],
            [
              85.45059765625,
              27.73556328125
            ],
            [
              85.450451171875,
              27.73556328125
            ]
          ],
          [
            [
              85.45094921875,
              27.735416796875
            ],
            [
              85.450978515625,
              27.735416796875
            ],
            [
              85.450978515625,
              27.735387499999998
            ],
            [
              85.45106640625,
              27.735387499999998
            ],
            [
              85.45106640625,
              27.735358203125
            ],
            [
              85.451095703125,
              27.735358203125
            ],
            [
              85.451095703125,
              27.735299609374998
            ],
            [
              85.45103710937501,
              27.735299609374998
            ],
            [
              85.45103710937501,
              27.73532890625
            ],
            [
              85.45094921875,
              27.73532890625
            ],
            [
              85.45094921875,
              27.735416796875
            ]
          ],
          [
            [
              85.45103710937501,
              27.73491875
            ],
            [
              85.45106640625,
              27.73491875
            ],
            [
              85.45106640625,
              27.734830859375
            ],
            [
              85.45103710937501,
              27.734830859375
            ],
            [
              85.45103710937501,
              27.73491875
            ]
          ],
          [
            [
              85.450216796875,
              27.732282031249998
            ],
            [
              85.45027539062501,
              27.732282031249998
            ],
            [
              85.45027539062501,
              27.732252734375
            ],
            [
              85.45036328125,
              27.732252734375
            ],
            [
              85.45036328125,
              27.7322234375
            ],
            [
              85.450392578125,
              27.7322234375
            ],
            [
              85.450392578125,
              27.732194140624998
            ],
            [
              85.450421875,
              27.732194140624998
            ],
            [
              85.450421875,
              27.73204765625
            ],
            [
              85.450392578125,
              27.73204765625
            ],
            [
              85.450392578125,
              27.732018359374997
            ],
            [
              85.45036328125,
              27.732018359374997
            ],
            [
              85.45036328125,
              27.7319890625
            ],
            [
              85.45030468750001,
              27.7319890625
            ],
            [
              85.45030468750001,
              27.731959765625
            ],
            [
              85.4501875,
              27.731959765625
            ],
            [
              85.4501875,
              27.7319890625
            ],
            [
              85.450158203125,
              27.7319890625
            ],
            [
              85.450158203125,
              27.73216484375
            ],
            [
              85.4501875,
              27.73216484375
            ],
            [
              85.4501875,
              27.732252734375
            ],
            [
              85.450216796875,
              27.732252734375
            ],
            [
              85.450216796875,
              27.732282031249998
            ]
          ],
          [
            [
              85.45130078125,
              27.731637499999998
            ],
            [
              85.451330078125,
              27.731637499999998
            ],
            [
              85.451330078125,
              27.73157890625
            ],
            [
              85.45135937500001,
              27.73157890625
            ],
            [
              85.45135937500001,
              27.7315203125
            ],
            [
              85.451330078125,
              27.7315203125
            ],
            [
              85.451330078125,
              27.731403125
            ],
            [
              85.451271484375,
              27.731403125
            ],
            [
              85.451271484375,
              27.731608203125
            ],
            [
              85.45130078125,
              27.731608203125
            ],
            [
              85.45130078125,
              27.731637499999998
            ]
          ]
        ]
      },
      "properties": {
        "building_id": 57,
        "damage_tier": "no-damage",
        "confidence": 0.888
      }
    },
    {
      "type": "Feature",
      "geometry": {
        "type": "Polygon",
        "coordinates": [
          [
            [
              85.442130859375,
              27.731022265625
            ],
            [
              85.442130859375,
              27.730992968749998
            ],
            [
              85.44221875000001,
              27.730992968749998
            ],
            [
              85.44221875000001,
              27.731022265625
            ],
            [
              85.442130859375,
              27.731022265625
            ]
          ]
        ]
      },
      "properties": {
        "building_id": 58,
        "damage_tier": "no-damage",
        "confidence": 0.708
      }
    },
    {
      "type": "Feature",
      "geometry": {
        "type": "Polygon",
        "coordinates": [
          [
            [
              85.441076171875,
              27.731666796875
            ],
            [
              85.441076171875,
              27.731637499999998
            ],
            [
              85.440958984375,
              27.731637499999998
            ],
            [
              85.440958984375,
              27.731608203125
            ],
            [
              85.440900390625,
              27.731608203125
            ],
            [
              85.440900390625,
              27.73157890625
            ],
            [
              85.44087109375,
              27.73157890625
            ],
            [
              85.44087109375,
              27.731549609374998
            ],
            [
              85.440841796875,
              27.731549609374998
            ],
            [
              85.440841796875,
              27.7315203125
            ],
            [
              85.4408125,
              27.7315203125
            ],
            [
              85.4408125,
              27.731491015625
            ],
            [
              85.44075390625001,
              27.731491015625
            ],
            [
              85.44075390625001,
              27.731461718749998
            ],
            [
              85.440724609375,
              27.731461718749998
            ],
            [
              85.440724609375,
              27.731432421875
            ],
            [
              85.440666015625,
              27.731432421875
            ],
            [
              85.440666015625,
              27.731403125
            ],
            [
              85.44063671875,
              27.731403125
            ],
            [
              85.44063671875,
              27.731373828124998
            ],
            [
              85.440607421875,
              27.731373828124998
            ],
            [
              85.440607421875,
              27.73134453125
            ],
            [
              85.440578125,
              27.73134453125
            ],
            [
              85.440578125,
              27.731256640625
            ],
            [
              85.44051953125,
              27.731256640625
            ],
            [
              85.44051953125,
              27.73122734375
            ],
            [
              85.440578125,
              27.73122734375
            ],
            [
              85.440578125,
              27.731198046874997
            ],
            [
              85.440666015625,
              27.731198046874997
            ],
            [
              85.440666015625,
              27.73116875
            ],
            [
              85.4406953125,
              27.73116875
            ],
            [
              85.4406953125,
              27.730992968749998
            ],
            [
              85.440724609375,
              27.730992968749998
            ],
            [
              85.440724609375,
              27.730905078124998
            ],
            [
              85.44075390625001,
              27.730905078124998
            ],
            [
              85.44075390625001,
              27.73087578125
            ],
            [
              85.4409296875,
              27.73087578125
            ],
            [
              85.4409296875,
              27.730905078124998
            ],
            [
              85.44098828125,
              27.730905078124998
            ],
            [
              85.44098828125,
              27.730934375
            ],
            [
              85.441046875,
              27.730934375
            ],
            [
              85.441046875,
              27.730963671875
            ],
            [
              85.44110546875,
              27.730963671875
            ],
            [
              85.44110546875,
              27.730992968749998
            ],
            [
              85.44113476562501,
              27.730992968749998
            ],
            [
              85.44113476562501,
              27.73116875
            ],
            [
              85.44110546875,
              27.73116875
            ],
            [
              85.44110546875,
              27.731285937499997
            ],
            [
              85.44113476562501,
              27.731285937499997
            ],
            [
              85.44113476562501,
              27.731315234375
            ],
            [
              85.44116406250001,
              27.731315234375
            ],
            [
              85.44116406250001,
              27.73134453125
            ],
            [
              85.44122265625,
              27.73134453125
            ],
            [
              85.44122265625,
              27.731373828124998
            ],
            [
              85.441251953125,
              27.731373828124998
            ],
            [
              85.441251953125,
              27.731432421875
            ],
            [
              85.44128125,
              27.731432421875
            ],
            [
              85.44128125,
              27.73157890625
            ],
            [
              85.441251953125,
              27.73157890625
            ],
            [
              85.441251953125,
              27.731637499999998
            ],
            [
              85.44113476562501,
              27.731637499999998
            ],
            [
              85.44113476562501,
              27.731666796875
            ],
            [
              85.441076171875,
              27.731666796875
            ]
          ]
        ]
      },
      "properties": {
        "building_id": 59,
        "damage_tier": "no-damage",
        "confidence": 0.9
      }
    },
    {
      "type": "Feature",
      "geometry": {
        "type": "Polygon",
        "coordinates": [
          [
            [
              85.44837109375,
              27.731373828124998
            ],
            [
              85.44837109375,
              27.73134453125
            ],
            [
              85.4483125,
              27.73134453125
            ],
            [
              85.4483125,
              27.731315234375
            ],
            [
              85.44825390625,
              27.731315234375
            ],
            [
              85.44825390625,
              27.731285937499997
            ],
            [
              85.448224609375,
              27.731285937499997
            ],
            [
              85.448224609375,
              27.731256640625
            ],
            [
              85.4481953125,
              27.731256640625
            ],
            [
              85.4481953125,
              27.73122734375
            ],
            [
              85.448166015625,
              27.73122734375
            ],
            [
              85.448166015625,
              27.731198046874997
            ],
            [
              85.44813671875,
              27.731198046874997
            ],
            [
              85.44813671875,
              27.73116875
            ],
            [
              85.44810742187501,
              27.73116875
            ],
            [
              85.44810742187501,
              27.731139453125
            ],
            [
              85.44807812500001,
              27.731139453125
            ],
            [
              85.44807812500001,
              27.731080859375
            ],
            [
              85.44810742187501,
              27.731080859375
            ],
            [
              85.44810742187501,
              27.731022265625
            ],
            [
              85.44813671875,
              27.731022265625
            ],
            [
              85.44813671875,
              27.730992968749998
            ],
            [
              85.448166015625,
              27.730992968749998
            ],
            [
              85.448166015625,
              27.730934375
            ],
            [
              85.4481953125,
              27.730934375
            ],
            [
              85.4481953125,
              27.730817187499998
            ],
            [
              85.448166015625,
              27.730817187499998
            ],
            [
              85.448166015625,
              27.730787890625
            ],
            [
              85.44813671875,
              27.730787890625
            ],
            [
              85.44813671875,
              27.73075859375
            ],
            [
              85.44810742187501,
              27.73075859375
            ],
            [
              85.44810742187501,
              27.730729296874998
            ],
            [
              85.44813671875,
              27.730729296874998
            ],
            [
              85.44813671875,
              27.730670703125
            ],
            [
              85.448166015625,
              27.730670703125
            ],
            [
              85.448166015625,
              27.730641406249998
            ],
            [
              85.448400390625,
              27.730641406249998
            ],
            [
              85.448400390625,
              27.7305828125
            ],
            [
              85.44842968750001,
              27.7305828125
            ],
            [
              85.44842968750001,
              27.730553515624997
            ],
            [
              85.44845898437501,
              27.730553515624997
            ],
            [
              85.44845898437501,
              27.73052421875
            ],
            [
              85.448517578125,
              27.73052421875
            ],
            [
              85.448517578125,
              27.730494921875
            ],
            [
              85.448634765625,
              27.730494921875
            ],
            [
              85.448634765625,
              27.73052421875
            ],
            [
              85.4486640625,
              27.73052421875
            ],
            [
              85.4486640625,
              27.730553515624997
            ],
            [
              85.448693359375,
              27.730553515624997
            ],
            [
              85.448693359375,
              27.7305828125
            ],
            [
              85.448751953125,
              27.7305828125
            ],
            [
              85.448751953125,
              27.730612109375
            ],
            [
              85.44878125,
              27.730612109375
            ],
            [
              85.44878125,
              27.730641406249998
            ],
            [
              85.44881054687501,
              27.730641406249998
            ],
            [
              85.44881054687501,
              27.730670703125
            ],
            [
              85.44883984375001,
              27.730670703125
            ],
            [
              85.44883984375001,
              27.7307
            ],
            [
              85.4488984375,
              27.7307
            ],
            [
              85.4488984375,
              27.730729296874998
            ],
            [
              85.448927734375,
              27.730729296874998
            ],
            [
              85.448927734375,
              27.73075859375
            ],
            [
              85.44895703125,
              27.73075859375
            ],
            [
              85.44895703125,
              27.730846484375
            ],
            [
              85.448927734375,
              27.730846484375
            ],
            [
              85.448927734375,
              27.73087578125
            ],
            [
              85.44895703125,
              27.73087578125
            ],
            [
              85.44895703125,
              27.730963671875
            ],
            [
              85.448986328125,
              27.730963671875
            ],
            [
              85.448986328125,
              27.730992968749998
            ],
            [
              85.44895703125,
              27.730992968749998
            ],
            [
              85.44895703125,
              27.7310515625
            ],
            [
              85.448927734375,
              27.7310515625
            ],
            [
              85.448927734375,
              27.731110156249997
            ],
            [
              85.448869140625,
              27.731110156249997
            ],
            [
              85.448869140625,
              27.731139453125
            ],
            [
              85.44878125,
              27.731139453125
            ],
            [
              85.44878125,
              27.73116875
            ],
            [
              85.448751953125,
              27.73116875
            ],
            [
              85.448751953125,
              27.731198046874997
            ],
            [
              85.44872265625,
              27.731198046874997
            ],
            [
              85.44872265625,
              27.73122734375
            ],
            [
              85.448693359375,
              27.73122734375
            ],
            [
              85.448693359375,
              27.731256640625
            ],
            [
              85.4486640625,
              27.731256640625
            ],
            [
              85.4486640625,
              27.731285937499997
            ],
            [
              85.448634765625,
              27.731285937499997
            ],
            [
              85.448634765625,
              27.731315234375
            ],
            [
              85.44860546875,
              27.731315234375
            ],
            [
              85.44860546875,
              27.73134453125
            ],
            [
              85.448517578125,
              27.73134453125
            ],
            [
              85.448517578125,
              27.731373828124998
            ],
            [
              85.44837109375,
              27.731373828124998
            ]
          ]
        ]
      },
      "properties": {
        "building_id": 60,
        "damage_tier": "no-damage",
        "confidence": 0.838
      }
    },
    {
      "type": "Feature",
      "geometry": {
        "type": "Polygon",
        "coordinates": [
          [
            [
              85.438849609375,
              27.730553515624997
            ],
            [
              85.438849609375,
              27.73052421875
            ],
            [
              85.4388203125,
              27.73052421875
            ],
            [
              85.4388203125,
              27.730494921875
            ],
            [
              85.438732421875,
              27.730494921875
            ],
            [
              85.438732421875,
              27.730465624999997
            ],
            [
              85.438703125,
              27.730465624999997
            ],
            [
              85.438703125,
              27.730436328125
            ],
            [
              85.438673828125,
              27.730436328125
            ],
            [
              85.438673828125,
              27.73040703125
            ],
            [
              85.438703125,
              27.73040703125
            ],
            [
              85.438703125,
              27.730377734374997
            ],
            [
              85.438908203125,
              27.730377734374997
            ],
            [
              85.438908203125,
              27.73040703125
            ],
            [
              85.43893750000001,
              27.73040703125
            ],
            [
              85.43893750000001,
              27.730436328125
            ],
            [
              85.438908203125,
              27.730436328125
            ],
            [
              85.438908203125,
              27.730494921875
            ],
            [
              85.43887890625,
              27.730494921875
            ],
            [
              85.43887890625,
              27.730553515624997
            ],
            [
              85.438849609375,
              27.730553515624997
            ]
          ]
        ]
      },
      "properties": {
        "building_id": 61,
        "damage_tier": "no-damage",
        "confidence": 0.958
      }
    },
    {
      "type": "Feature",
      "geometry": {
        "type": "Polygon",
        "coordinates": [
          [
            [
              85.442013671875,
              27.73023125
            ],
            [
              85.442013671875,
              27.730143359375
            ],
            [
              85.44216015625,
              27.730143359375
            ],
            [
              85.44216015625,
              27.730172656249998
            ],
            [
              85.442189453125,
              27.730172656249998
            ],
            [
              85.442189453125,
              27.730201953125
            ],
            [
              85.44216015625,
              27.730201953125
            ],
            [
              85.44216015625,
              27.73023125
            ],
            [
              85.442013671875,
              27.73023125
            ]
          ]
        ]
      },
      "properties": {
        "building_id": 62,
        "damage_tier": "no-damage",
        "confidence": 0.714
      }
    },
    {
      "type": "Feature",
      "geometry": {
        "type": "Polygon",
        "coordinates": [
          [
            [
              85.457013671875,
              27.734362109375
            ],
            [
              85.457013671875,
              27.7343328125
            ],
            [
              85.45692578125,
              27.7343328125
            ],
            [
              85.45692578125,
              27.734303515624998
            ],
            [
              85.45686718750001,
              27.734303515624998
            ],
            [
              85.45686718750001,
              27.73427421875
            ],
            [
              85.456837890625,
              27.73427421875
            ],
            [
              85.456837890625,
              27.734215624999997
            ],
            [
              85.45680859375,
              27.734215624999997
            ],
            [
              85.45680859375,
              27.734186328125
            ],
            [
              85.456779296875,
              27.734186328125
            ],
            [
              85.456779296875,
              27.73415703125
            ],
            [
              85.45675,
              27.73415703125
            ],
            [
              85.45675,
              27.734127734374997
            ],
            [
              85.456720703125,
              27.734127734374997
            ],
            [
              85.456720703125,
              27.7340984375
            ],
            [
              85.456662109375,
              27.7340984375
            ],
            [
              85.456662109375,
              27.734069140625
            ],
            [
              85.456603515625,
              27.734069140625
            ],
            [
              85.456603515625,
              27.73403984375
            ],
            [
              85.45657421875,
              27.73403984375
            ],
            [
              85.45657421875,
              27.734010546875
            ],
            [
              85.456427734375,
              27.734010546875
            ],
            [
              85.456427734375,
              27.73398125
            ],
            [
              85.45622265625,
              27.73398125
            ],
            [
              85.45622265625,
              27.733951953125
            ],
            [
              85.45613476562501,
              27.733951953125
            ],
            [
              85.45613476562501,
              27.733893359375
            ],
            [
              85.45628125,
              27.733893359375
            ],
            [
              85.45628125,
              27.7338640625
            ],
            [
              85.456369140625,
              27.7338640625
            ],
            [
              85.456369140625,
              27.733893359375
            ],
            [
              85.45669140625,
              27.733893359375
            ],
            [
              85.45669140625,
              27.7338640625
            ],
            [
              85.456779296875,
              27.7338640625
            ],
            [
              85.456779296875,
              27.733834765624998
            ],
            [
              85.456837890625,
              27.733834765624998
            ],
            [
              85.456837890625,
              27.733717578125
            ],
            [
              85.45680859375,
              27.733717578125
            ],
            [
              85.45680859375,
              27.733658984374998
            ],
            [
              85.456779296875,
              27.733658984374998
            ],
            [
              85.456779296875,
              27.7336296875
            ],
            [
              85.456720703125,
              27.7336296875
            ],
            [
              85.456720703125,
              27.733600390625
            ],
            [
              85.4566328125,
              27.733600390625
            ],
            [
              85.4566328125,
              27.733571093749998
            ],
            [
              85.45657421875,
              27.733571093749998
            ],
            [
              85.45657421875,
              27.733541796875
            ],
            [
              85.45654492187501,
              27.733541796875
            ],
            [
              85.45654492187501,
              27.7335125
            ],
            [
              85.45651562500001,
              27.7335125
            ],
            [
              85.45651562500001,
              27.733424609375
            ],
            [
              85.45654492187501,
              27.733424609375
            ],
            [
              85.45654492187501,
              27.733395312499997
            ],
            [
              85.45657421875,
              27.733395312499997
            ],
            [
              85.45657421875,
              27.733366015625
            ],
            [
              85.4566328125,
              27.733366015625
            ],
            [
              85.4566328125,
              27.733278125
            ],
            [
              85.456603515625,
              27.733278125
            ],
            [
              85.456603515625,
              27.733248828125
            ],
            [
              85.45657421875,
              27.733248828125
            ],
            [
              85.45657421875,
              27.73321953125
            ],
            [
              85.456603515625,
              27.73321953125
            ],
            [
              85.456603515625,
              27.733190234374998
            ],
            [
              85.4566328125,
              27.733190234374998
            ],
            [
              85.4566328125,
              27.7331609375
            ],
            [
              85.456662109375,
              27.7331609375
            ],
            [
              85.456662109375,
              27.733131640625
            ],
            [
              85.45669140625,
              27.733131640625
            ],
            [
              85.45669140625,
              27.733014453124998
            ],
            [
              85.456662109375,
              27.733014453124998
            ],
            [
              85.456662109375,
              27.732955859375
            ],
            [
              85.4566328125,
              27.732955859375
            ],
            [
              85.4566328125,
              27.732926562499998
            ],
            [
              85.45657421875,
              27.732926562499998
            ],
            [
              85.45657421875,
              27.732897265625
            ],
            [
              85.45645703125,
              27.732897265625
            ],
            [
              85.45645703125,
              27.73286796875
            ],
            [
              85.456427734375,
              27.73286796875
            ],
            [
              85.456427734375,
              27.7326921875
            ],
            [
              85.45645703125,
              27.7326921875
            ],
            [
              85.45645703125,
              27.732662890624997
            ],
            [
              85.45651562500001,
              27.732662890624997
            ],
            [
              85.45651562500001,
              27.7326921875
            ],
            [
              85.45657421875,
              27.7326921875
            ],
            [
              85.45657421875,
              27.732662890624997
            ],
            [
              85.45669140625,
              27.732662890624997
            ],
            [
              85.45669140625,
              27.732604296875
            ],
            [
              85.456603515625,
              27.732604296875
            ],
            [
              85.456603515625,
              27.732574999999997
            ],
            [
              85.45654492187501,
              27.732574999999997
            ],
            [
              85.45654492187501,
              27.732545703125
            ],
            [
              85.45651562500001,
              27.732545703125
            ],
            [
              85.45651562500001,
              27.73251640625
            ],
            [
              85.45648632812501,
              27.73251640625
            ],
            [
              85.45648632812501,
              27.732282031249998
            ],
            [
              85.45645703125,
              27.732282031249998
            ],
            [
              85.45645703125,
              27.732252734375
            ],
            [
              85.456427734375,
              27.732252734375
            ],
            [
              85.456427734375,
              27.7322234375
            ],
            [
              85.4563984375,
              27.7322234375
            ],
            [
              85.4563984375,
              27.73216484375
            ],
            [
              85.456369140625,
              27.73216484375
            ],
            [
              85.456369140625,
              27.732135546875
            ],
            [
              85.45633984375,
              27.732135546875
            ],
            [
              85.45633984375,
              27.732106249999998
            ],
            [
              85.456310546875,
              27.732106249999998
            ],
            [
              85.456310546875,
              27.732076953125
            ],
            [
              85.45628125,
              27.732076953125
            ],
            [
              85.45628125,
              27.73204765625
            ],
            [
              85.456251953125,
              27.73204765625
            ],
            [
              85.456251953125,
              27.732018359374997
            ],
            [
              85.45622265625,
              27.732018359374997
            ],
            [
              85.45622265625,
              27.731959765625
            ],
            [
              85.456193359375,
              27.731959765625
            ],
            [
              85.456193359375,
              27.731930468749997
            ],
            [
              85.45616406250001,
              27.731930468749997
            ],
            [
              85.45616406250001,
              27.731871875
            ],
            [
              85.45613476562501,
              27.731871875
            ],
            [
              85.45613476562501,
              27.731842578124997
            ],
            [
              85.456076171875,
              27.731842578124997
            ],
            [
              85.456076171875,
              27.73181328125
            ],
            [
              85.45581250000001,
              27.73181328125
            ],
            [
              85.45581250000001,
              27.731842578124997
            ],
            [
              85.455548828125,
              27.731842578124997
            ],
            [
              85.455548828125,
              27.73181328125
            ],
            [
              85.45551953125,
              27.73181328125
            ],
            [
              85.45551953125,
              27.731783984375
            ],
            [
              85.455490234375,
              27.731783984375
            ],
            [
              85.455490234375,
              27.731725390624998
            ],
            [
              85.4554609375,
              27.731725390624998
            ],
            [
              85.4554609375,
              27.731491015625
            ],
            [
              85.455490234375,
              27.731491015625
            ],
            [
              85.455490234375,
              27.731432421875
            ],
            [
              85.4554609375,
              27.731432421875
            ],
            [
              85.4554609375,
              27.731285937499997
            ],
            [
              85.455490234375,
              27.731285937499997
            ],
            [
              85.455490234375,
              27.73122734375
            ],
            [
              85.45551953125,
              27.73122734375
            ],
            [
              85.45551953125,
              27.731198046874997
            ],
            [
              85.455548828125,
              27.731198046874997
            ],
            [
              85.455548828125,
              27.73116875
            ],
            [
              85.455578125,
              27.73116875
            ],
            [
              85.455578125,
              27.731139453125
            ],
            [
              85.455607421875,
              27.731139453125
            ],
            [
              85.455607421875,
              27.730963671875
            ],
            [
              85.455578125,
              27.730963671875
            ],
            [
              85.455578125,
              27.730934375
            ],
            [
              85.455548828125,
              27.730934375
            ],
            [
              85.455548828125,
              27.730905078124998
            ],
            [
              85.4554609375,
              27.730905078124998
            ],
            [
              85.4554609375,
              27.730846484375
            ],
            [
              85.45551953125,
              27.730846484375
            ],
            [
              85.45551953125,
              27.730817187499998
            ],
            [
              85.455548828125,
              27.730817187499998
            ],
            [
              85.455548828125,
              27.730787890625
            ],
            [
              85.455578125,
              27.730787890625
            ],
            [
              85.455578125,
              27.730729296874998
            ],
            [
              85.455548828125,
              27.730729296874998
            ],
            [
              85.455548828125,
              27.7307
            ],
            [
              85.45551953125,
              27.7307
            ],
            [
              85.45551953125,
              27.730670703125
            ],
            [
              85.455490234375,
              27.730670703125
            ],
            [
              85.455490234375,
              27.730494921875
            ],
            [
              85.45551953125,
              27.730494921875
            ],
            [
              85.45551953125,
              27.730436328125
            ],
            [
              85.455548828125,
              27.730436328125
            ],
            [
              85.455548828125,
              27.73040703125
            ],
            [
              85.455578125,
              27.73040703125
            ],
            [
              85.455578125,
              27.730377734374997
            ],
            [
              85.455607421875,
              27.730377734374997
            ],
            [
              85.455607421875,
              27.7303484375
            ],
            [
              85.455666015625,
              27.7303484375
            ],
            [
              85.455666015625,
              27.730319140625
            ],
            [
              85.4556953125,
              27.730319140625
            ],
            [
              85.4556953125,
              27.73028984375
            ],
            [
              85.455724609375,
              27.73028984375
            ],
            [
              85.455724609375,
              27.730260546874998
            ],
            [
              85.45578320312501,
              27.730260546874998
            ],
            [
              85.45578320312501,
              27.73023125
            ],
            [
              85.455841796875,
              27.73023125
            ],
            [
              85.455841796875,
              27.730201953125
            ],
            [
              85.45587109375,
              27.730201953125
            ],
            [
              85.45587109375,
              27.730172656249998
            ],
            [
              85.455958984375,
              27.730172656249998
            ],
            [
              85.455958984375,
              27.730143359375
            ],
            [
              85.456046875,
              27.730143359375
            ],
            [
              85.456046875,
              27.7301140625
            ],
            [
              85.45610546875,
              27.7301140625
            ],
            [
              85.45610546875,
              27.730143359375
            ],
            [
              85.45613476562501,
              27.730143359375
            ],
            [
              85.45613476562501,
              27.730172656249998
            ],
            [
              85.45616406250001,
              27.730172656249998
            ],
            [
              85.45616406250001,
              27.730201953125
            ],
            [
              85.456193359375,
              27.730201953125
            ],
            [
              85.456193359375,
              27.73023125
            ],
            [
              85.45622265625,
              27.73023125
            ],
            [
              85.45622265625,
              27.73028984375
            ],
            [
              85.456251953125,
              27.73028984375
            ],
            [
              85.456251953125,
              27.730436328125
            ],
            [
              85.45628125,
              27.730436328125
            ],
            [
              85.45628125,
              27.730465624999997
            ],
            [
              85.45633984375,
              27.730465624999997
            ],
            [
              85.45633984375,
              27.730494921875
            ],
            [
              85.45645703125,
              27.730494921875
            ],
            [
              85.45645703125,
              27.73052421875
            ],
            [
              85.45648632812501,
              27.73052421875
            ],
            [
              85.45648632812501,
              27.730553515624997
            ],
            [
              85.45651562500001,
              27.730553515624997
            ],
            [
              85.45651562500001,
              27.7305828125
            ],
            [
              85.45654492187501,
              27.7305828125
            ],
            [
              85.45654492187501,
              27.730612109375
            ],
            [
              85.45657421875,
              27.730612109375
            ],
            [
              85.45657421875,
              27.730641406249998
            ],
            [
              85.456603515625,
              27.730641406249998
            ],
            [
              85.456603515625,
              27.7307
            ],
            [
              85.4566328125,
              27.7307
            ],
            [
              85.4566328125,
              27.730729296874998
            ],
            [
              85.45669140625,
              27.730729296874998
            ],
            [
              85.45669140625,
              27.73075859375
            ],
            [
              85.456720703125,
              27.73075859375
            ],
            [
              85.456720703125,
              27.730729296874998
            ],
            [
              85.45680859375,
              27.730729296874998
            ],
            [
              85.45680859375,
              27.73075859375
            ],
            [
              85.45686718750001,
              27.73075859375
            ],
            [
              85.45686718750001,
              27.730787890625
            ],
            [
              85.45692578125,
              27.730787890625
            ],
            [
              85.45692578125,
              27.730817187499998
            ],
            [
              85.456984375,
              27.730817187499998
            ],
            [
              85.456984375,
              27.730846484375
            ],
            [
              85.457013671875,
              27.730846484375
            ],
            [
              85.457013671875,
              27.730905078124998
            ],
            [
              85.45704296875,
              27.730905078124998
            ],
            [
              85.45704296875,
              27.730934375
            ],
            [
              85.457072265625,
              27.730934375
            ],
            [
              85.457072265625,
              27.730992968749998
            ],
            [
              85.4571015625,
              27.730992968749998
            ],
            [
              85.4571015625,
              27.731022265625
            ],
            [
              85.457130859375,
              27.731022265625
            ],
            [
              85.457130859375,
              27.7310515625
            ],
            [
              85.45716015625,
              27.7310515625
            ],
            [
              85.45716015625,
              27.731080859375
            ],
            [
              85.45721875000001,
              27.731080859375
            ],
            [
              85.45721875000001,
              27.731110156249997
            ],
            [
              85.45724804687501,
              27.731110156249997
            ],
            [
              85.45724804687501,
              27.731139453125
            ],
            [
              85.4573359375,
              27.731139453125
            ],
            [
              85.4573359375,
              27.73116875
            ],
            [
              85.45759960937501,
              27.73116875
            ],
            [
              85.45759960937501,
              27.731198046874997
            ],
            [
              85.457716796875,
              27.731198046874997
            ],
            [
              85.457716796875,
              27.73122734375
            ],
            [
              85.457775390625,
              27.73122734375
            ],
            [
              85.457775390625,
              27.731256640625
            ],
            [
              85.457833984375,
              27.731256640625
            ],
            [
              85.457833984375,
              27.731285937499997
            ],
            [
              85.457892578125,
              27.731285937499997
            ],
            [
              85.457892578125,
              27.731315234375
            ],
            [
              85.45795117187501,
              27.731315234375
            ],
            [
              85.45795117187501,
              27.73134453125
            ],
            [
              85.45800976562501,
              27.73134453125
            ],
            [
              85.45800976562501,
              27.731373828124998
            ],
            [
              85.4580390625,
              27.731373828124998
            ],
            [
              85.4580390625,
              27.731403125
            ],
            [
              85.458068359375,
              27.731403125
            ],
            [
              85.458068359375,
              27.731432421875
            ],
            [
              85.45809765625,
              27.731432421875
            ],
            [
              85.45809765625,
              27.731491015625
            ],
            [
              85.458126953125,
              27.731491015625
            ],
            [
              85.458126953125,
              27.731637499999998
            ],
            [
              85.45815625,
              27.731637499999998
            ],
            [
              85.45815625,
              27.7317546875
            ],
            [
              85.458185546875,
              27.7317546875
            ],
            [
              85.458185546875,
              27.73181328125
            ],
            [
              85.45821484375,
              27.73181328125
            ],
            [
              85.45821484375,
              27.731842578124997
            ],
            [
              85.458244140625,
              27.731842578124997
            ],
            [
              85.458244140625,
              27.731901171875
            ],
            [
              85.4582734375,
              27.731901171875
            ],
            [
              85.4582734375,
              27.731930468749997
            ],
            [
              85.458302734375,
              27.731930468749997
            ],
            [
              85.458302734375,
              27.731959765625
            ],
            [
              85.45833203125001,
              27.731959765625
            ],
            [
              85.45833203125001,
              27.7319890625
            ],
            [
              85.45836132812501,
              27.7319890625
            ],
            [
              85.45836132812501,
              27.732018359374997
            ],
            [
              85.458390625,
              27.732018359374997
            ],
            [
              85.458390625,
              27.73204765625
            ],
            [
              85.45844921875,
              27.73204765625
            ],
            [
              85.45844921875,
              27.732076953125
            ],
            [
              85.458478515625,
              27.732076953125
            ],
            [
              85.458478515625,
              27.732106249999998
            ],
            [
              85.4585078125,
              27.732106249999998
            ],
            [
              85.4585078125,
              27.732135546875
            ],
            [
              85.458595703125,
              27.732135546875
            ],
            [
              85.458595703125,
              27.73216484375
            ],
            [
              85.458625,
              27.73216484375
            ],
            [
              85.458625,
              27.7322234375
            ],
            [
              85.458595703125,
              27.7322234375
            ],
            [
              85.458595703125,
              27.732311328125
            ],
            [
              85.458654296875,
              27.732311328125
            ],
            [
              85.458654296875,
              27.732340625
            ],
            [
              85.45868359375001,
              27.732340625
            ],
            [
              85.45868359375001,
              27.732369921874998
            ],
            [
              85.45871289062501,
              27.732369921874998
            ],
            [
              85.45871289062501,
              27.73239921875
            ],
            [
              85.45874218750001,
              27.73239921875
            ],
            [
              85.45874218750001,
              27.732487109375
            ],
            [
              85.458771484375,
              27.732487109375
            ],
            [
              85.458771484375,
              27.732574999999997
            ],
            [
              85.45880078125,
              27.732574999999997
            ],
            [
              85.45880078125,
              27.732604296875
            ],
            [
              85.45909375000001,
              27.732604296875
            ],
            [
              85.45909375000001,
              27.732574999999997
            ],
            [
              85.459181640625,
              27.732574999999997
            ],
            [
              85.459181640625,
              27.732604296875
            ],
            [
              85.45926953125,
              27.732604296875
            ],
            [
              85.45926953125,
              27.73263359375
            ],
            [
              85.459298828125,
              27.73263359375
            ],
            [
              85.459298828125,
              27.732662890624997
            ],
            [
              85.45938671875,
              27.732662890624997
            ],
            [
              85.45938671875,
              27.7326921875
            ],
            [
              85.45944531250001,
              27.7326921875
            ],
            [
              85.45944531250001,
              27.732721484375
            ],
            [
              85.459591796875,
              27.732721484375
            ],
            [
              85.459591796875,
              27.732750781249997
            ],
            [
              85.459650390625,
              27.732750781249997
            ],
            [
              85.459650390625,
              27.732780078125
            ],
            [
              85.4596796875,
              27.732780078125
            ],
            [
              85.4596796875,
              27.73286796875
            ],
            [
              85.45962109375,
              27.73286796875
            ],
            [
              85.45962109375,
              27.732897265625
            ],
            [
              85.459533203125,
              27.732897265625
            ],
            [
              85.459533203125,
              27.732926562499998
            ],
            [
              85.45944531250001,
              27.732926562499998
            ],
            [
              85.45944531250001,
              27.732955859375
            ],
            [
              85.459357421875,
              27.732955859375
            ],
            [
              85.459357421875,
              27.732926562499998
            ],
            [
              85.45926953125,
              27.732926562499998
            ],
            [
              85.45926953125,
              27.732897265625
            ],
            [
              85.45915234375,
              27.732897265625
            ],
            [
              85.45915234375,
              27.73286796875
            ],
            [
              85.4589765625,
              27.73286796875
            ],
            [
              85.4589765625,
              27.732838671874998
            ],
            [
              85.45871289062501,
              27.732838671874998
            ],
            [
              85.45871289062501,
              27.732809375
            ],
            [
              85.45868359375001,
              27.732809375
            ],
            [
              85.45868359375001,
              27.732750781249997
            ],
            [
              85.458654296875,
              27.732750781249997
            ],
            [
              85.458654296875,
              27.732721484375
            ],
            [
              85.458625,
              27.732721484375
            ],
            [
              85.458625,
              27.7326921875
            ],
            [
              85.458595703125,
              27.7326921875
            ],
            [
              85.458595703125,
              27.732662890624997
            ],
            [
              85.458537109375,
              27.732662890624997
            ],
            [
              85.458537109375,
              27.73263359375
            ],
            [
              85.45844921875,
              27.73263359375
            ],
            [
              85.45844921875,
              27.732604296875
            ],
            [
              85.458390625,
              27.732604296875
            ],
            [
              85.458390625,
              27.732574999999997
            ],
            [
              85.45833203125001,
              27.732574999999997
            ],
            [
              85.45833203125001,
              27.732545703125
            ],
            [
              85.4582734375,
              27.732545703125
            ],
            [
              85.4582734375,
              27.73251640625
            ],
            [
              85.458244140625,
              27.73251640625
            ],
            [
              85.458244140625,
              27.732457812499998
            ],
            [
              85.45821484375,
              27.732457812499998
            ],
            [
              85.45821484375,
              27.73239921875
            ],
            [
              85.458185546875,
              27.73239921875
            ],
            [
              85.458185546875,
              27.73251640625
            ],
            [
              85.45815625,
              27.73251640625
            ],
            [
              85.45815625,
              27.732662890624997
            ],
            [
              85.458185546875,
              27.732662890624997
            ],
            [
              85.458185546875,
              27.7326921875
            ],
            [
              85.45821484375,
              27.7326921875
            ],
            [
              85.45821484375,
              27.732721484375
            ],
            [
              85.458244140625,
              27.732721484375
            ],
            [
              85.458244140625,
              27.732750781249997
            ],
            [
              85.4582734375,
              27.732750781249997
            ],
            [
              85.4582734375,
              27.732780078125
            ],
            [
              85.458302734375,
              27.732780078125
            ],
            [
              85.458302734375,
              27.732809375
            ],
            [
              85.45833203125001,
              27.732809375
            ],
            [
              85.45833203125001,
              27.732838671874998
            ],
            [
              85.458390625,
              27.732838671874998
            ],
            [
              85.458390625,
              27.73286796875
            ],
            [
              85.458419921875,
              27.73286796875
            ],
            [
              85.458419921875,
              27.732897265625
            ],
            [
              85.45844921875,
              27.732897265625
            ],
            [
              85.45844921875,
              27.732926562499998
            ],
            [
              85.4585078125,
              27.732926562499998
            ],
            [
              85.4585078125,
              27.732955859375
            ],
            [
              85.45856640625,
              27.732955859375
            ],
            [
              85.45856640625,
              27.73298515625
            ],
            [
              85.458595703125,
              27.73298515625
            ],
            [
              85.458595703125,
              27.733014453124998
            ],
            [
              85.458625,
              27.733014453124998
            ],
            [
              85.458625,
              27.73304375
            ],
            [
              85.458654296875,
              27.73304375
            ],
            [
              85.458654296875,
              27.733073046875
            ],
            [
              85.45868359375001,
              27.733073046875
            ],
            [
              85.45868359375001,
              27.733248828125
            ],
            [
              85.458654296875,
              27.733248828125
            ],
            [
              85.458654296875,
              27.733307421875
            ],
            [
              85.458625,
              27.733307421875
            ],
            [
              85.458625,
              27.73345390625
            ],
            [
              85.458654296875,
              27.73345390625
            ],
            [
              85.458654296875,
              27.733541796875
            ],
            [
              85.45868359375001,
              27.733541796875
            ],
            [
              85.45868359375001,
              27.733600390625
            ],
            [
              85.458654296875,
              27.733600390625
            ],
            [
              85.458654296875,
              27.733717578125
            ],
            [
              85.458625,
              27.733717578125
            ],
            [
              85.458625,
              27.733746874999998
            ],
            [
              85.458595703125,
              27.733746874999998
            ],
            [
              85.458595703125,
              27.733776171875
            ],
            [
              85.4585078125,
              27.733776171875
            ],
            [
              85.4585078125,
              27.733746874999998
            ],
            [
              85.458478515625,
              27.733746874999998
            ],
            [
              85.458478515625,
              27.733717578125
            ],
            [
              85.45844921875,
              27.733717578125
            ],
            [
              85.45844921875,
              27.73368828125
            ],
            [
              85.458419921875,
              27.73368828125
            ],
            [
              85.458419921875,
              27.7336296875
            ],
            [
              85.458390625,
              27.7336296875
            ],
            [
              85.458390625,
              27.733600390625
            ],
            [
              85.45836132812501,
              27.733600390625
            ],
            [
              85.45836132812501,
              27.733395312499997
            ],
            [
              85.45833203125001,
              27.733395312499997
            ],
            [
              85.45833203125001,
              27.733366015625
            ],
            [
              85.458302734375,
              27.733366015625
            ],
            [
              85.458302734375,
              27.73345390625
            ],
            [
              85.4582734375,
              27.73345390625
            ],
            [
              85.4582734375,
              27.733483203124997
            ],
            [
              85.458302734375,
              27.733483203124997
            ],
            [
              85.458302734375,
              27.733600390625
            ],
            [
              85.4582734375,
              27.733600390625
            ],
            [
              85.4582734375,
              27.733658984374998
            ],
            [
              85.458244140625,
              27.733658984374998
            ],
            [
              85.458244140625,
              27.733717578125
            ],
            [
              85.458185546875,
              27.733717578125
            ],
            [
              85.458185546875,
              27.733746874999998
            ],
            [
              85.45798046875001,
              27.733746874999998
            ],
            [
              85.45798046875001,
              27.733776171875
            ],
            [
              85.45795117187501,
              27.733776171875
            ],
            [
              85.45795117187501,
              27.73380546875
            ],
            [
              85.457921875,
              27.73380546875
            ],
            [
              85.457921875,
              27.733834765624998
            ],
            [
              85.457892578125,
              27.733834765624998
            ],
            [
              85.457892578125,
              27.7338640625
            ],
            [
              85.4578046875,
              27.7338640625
            ],
            [
              85.4578046875,
              27.733893359375
            ],
            [
              85.45774609375,
              27.733893359375
            ],
            [
              85.45774609375,
              27.733922656249998
            ],
            [
              85.457716796875,
              27.733922656249998
            ],
            [
              85.457716796875,
              27.733951953125
            ],
            [
              85.4576875,
              27.733951953125
            ],
            [
              85.4576875,
              27.73398125
            ],
            [
              85.457658203125,
              27.73398125
            ],
            [
              85.457658203125,
              27.734010546875
            ],
            [
              85.45762890625001,
              27.734010546875
            ],
            [
              85.45762890625001,
              27.734069140625
            ],
            [
              85.45759960937501,
              27.734069140625
            ],
            [
              85.45759960937501,
              27.7340984375
            ],
            [
              85.4575703125,
              27.7340984375
            ],
            [
              85.4575703125,
              27.734127734374997
            ],
            [
              85.457541015625,
              27.734127734374997
            ],
            [
              85.457541015625,
              27.734186328125
            ],
            [
              85.457453125,
              27.734186328125
            ],
            [
              85.457453125,
              27.734215624999997
            ],
            [
              85.45727734375001,
              27.734215624999997
            ],
            [
              85.45727734375001,
              27.734244921875
            ],
            [
              85.45724804687501,
              27.734244921875
            ],
            [
              85.45724804687501,
              27.73427421875
            ],
            [
              85.45721875000001,
              27.73427421875
            ],
            [
              85.45721875000001,
              27.734303515624998
            ],
            [
              85.457189453125,
              27.734303515624998
            ],
            [
              85.457189453125,
              27.7343328125
            ],
            [
              85.45716015625,
              27.7343328125
            ],
            [
              85.45716015625,
              27.734362109375
            ],
            [
              85.457013671875,
              27.734362109375
            ]
          ],
          [
            [
              85.45680859375,
              27.733307421875
            ],
            [
              85.456955078125,
              27.733307421875
            ],
            [
              85.456955078125,
              27.733278125
            ],
            [
              85.456984375,
              27.733278125
            ],
            [
              85.456984375,
              27.733190234374998
            ],
            [
              85.456955078125,
              27.733190234374998
            ],
            [
              85.456955078125,
              27.7331609375
            ],
            [
              85.45680859375,
              27.7331609375
            ],
            [
              85.45680859375,
              27.733190234374998
            ],
            [
              85.456779296875,
              27.733190234374998
            ],
            [
              85.456779296875,
              27.733278125
            ],
            [
              85.45680859375,
              27.733278125
            ],
            [
              85.45680859375,
              27.733307421875
            ]
          ],
          [
            [
              85.45774609375,
              27.7331609375
            ],
            [
              85.457775390625,
              27.7331609375
            ],
            [
              85.457775390625,
              27.733131640625
            ],
            [
              85.457833984375,
              27.733131640625
            ],
            [
              85.457833984375,
              27.733102343749998
            ],
            [
              85.45786328125,
              27.733102343749998
            ],
            [
              85.45786328125,
              27.733073046875
            ],
            [
              85.457892578125,
              27.733073046875
            ],
            [
              85.457892578125,
              27.73304375
            ],
            [
              85.45795117187501,
              27.73304375
            ],
            [
              85.45795117187501,
              27.733014453124998
            ],
            [
              85.45800976562501,
              27.733014453124998
            ],
            [
              85.45800976562501,
              27.73298515625
            ],
            [
              85.45798046875001,
              27.73298515625
            ],
            [
              85.45798046875001,
              27.732955859375
            ],
            [
              85.457833984375,
              27.732955859375
            ],
            [
              85.457833984375,
              27.732926562499998
            ],
            [
              85.457658203125,
              27.732926562499998
            ],
            [
              85.457658203125,
              27.732955859375
            ],
            [
              85.45759960937501,
              27.732955859375
            ],
            [
              85.45759960937501,
              27.733014453124998
            ],
            [
              85.45762890625001,
              27.733014453124998
            ],
            [
              85.45762890625001,
              27.73304375
            ],
            [
              85.457658203125,
              27.73304375
            ],
            [
              85.457658203125,
              27.733102343749998
            ],
            [
              85.4576875,
              27.733102343749998
            ],
            [
              85.4576875,
              27.733131640625
            ],
            [
              85.45774609375,
              27.733131640625
            ],
            [
              85.45774609375,
              27.7331609375
            ]
          ],
          [
            [
              85.4573359375,
              27.732926562499998
            ],
            [
              85.457423828125,
              27.732926562499998
            ],
            [
              85.457423828125,
              27.732897265625
            ],
            [
              85.457453125,
              27.732897265625
            ],
            [
              85.457453125,
              27.73286796875
            ],
            [
              85.457423828125,
              27.73286796875
            ],
            [
              85.457423828125,
              27.732838671874998
            ],
            [
              85.45721875000001,
              27.732838671874998
            ],
            [
              85.45721875000001,
              27.73286796875
            ],
            [
              85.45724804687501,
              27.73286796875
            ],
            [
              85.45724804687501,
              27.732897265625
            ],
            [
              85.4573359375,
              27.732897265625
            ],
            [
              85.4573359375,
              27.732926562499998
            ]
          ],
          [
            [
              85.45727734375001,
              27.731608203125
            ],
            [
              85.457482421875,
              27.731608203125
            ],
            [
              85.457482421875,
              27.7315203125
            ],
            [
              85.457453125,
              27.7315203125
            ],
            [
              85.457453125,
              27.731461718749998
            ],
            [
              85.457423828125,
              27.731461718749998
            ],
            [
              85.457423828125,
              27.731432421875
            ],
            [
              85.4573359375,
              27.731432421875
            ],
            [
              85.4573359375,
              27.731461718749998
            ],
            [
              85.45727734375001,
              27.731461718749998
            ],
            [
              85.45727734375001,
              27.731491015625
            ],
            [
              85.45724804687501,
              27.731491015625
            ],
            [
              85.45724804687501,
              27.73157890625
            ],
            [
              85.45727734375001,
              27.73157890625
            ],
            [
              85.45727734375001,
              27.731608203125
            ]
          ],
          [
            [
              85.4556953125,
              27.730817187499998
            ],
            [
              85.45581250000001,
              27.730817187499998
            ],
            [
              85.45581250000001,
              27.730787890625
            ],
            [
              85.45587109375,
              27.730787890625
            ],
            [
              85.45587109375,
              27.730670703125
            ],
            [
              85.455841796875,
              27.730670703125
            ],
            [
              85.455841796875,
              27.7307
            ],
            [
              85.45575390625001,
              27.7307
            ],
            [
              85.45575390625001,
              27.730729296874998
            ],
            [
              85.4556953125,
              27.730729296874998
            ],
            [
              85.4556953125,
              27.73075859375
            ],
            [
              85.455666015625,
              27.73075859375
            ],
            [
              85.455666015625,
              27.730787890625
            ],
            [
              85.4556953125,
              27.730787890625
            ],
            [
              85.4556953125,
              27.730817187499998
            ]
          ]
        ]
      },
      "properties": {
        "building_id": 63,
        "damage_tier": "no-damage",
        "confidence": 0.79
      }
    },
    {
      "type": "Feature",
      "geometry": {
        "type": "Polygon",
        "coordinates": [
          [
            [
              85.44122265625,
              27.730319140625
            ],
            [
              85.44122265625,
              27.730260546874998
            ],
            [
              85.441251953125,
              27.730260546874998
            ],
            [
              85.441251953125,
              27.73023125
            ],
            [
              85.44128125,
              27.73023125
            ],
            [
              85.44128125,
              27.730172656249998
            ],
            [
              85.441310546875,
              27.730172656249998
            ],
            [
              85.441310546875,
              27.730143359375
            ],
            [
              85.44133984375,
              27.730143359375
            ],
            [
              85.44133984375,
              27.7301140625
            ],
            [
              85.441369140625,
              27.7301140625
            ],
            [
              85.441369140625,
              27.730084765624998
            ],
            [
              85.4413984375,
              27.730084765624998
            ],
            [
              85.4413984375,
              27.73005546875
            ],
            [
              85.441427734375,
              27.73005546875
            ],
            [
              85.441427734375,
              27.730026171875
            ],
            [
              85.44148632812501,
              27.730026171875
            ],
            [
              85.44148632812501,
              27.729996874999998
            ],
            [
              85.44169140625,
              27.729996874999998
            ],
            [
              85.44169140625,
              27.730026171875
            ],
            [
              85.441720703125,
              27.730026171875
            ],
            [
              85.441720703125,
              27.73005546875
            ],
            [
              85.44175,
              27.73005546875
            ],
            [
              85.44175,
              27.730201953125
            ],
            [
              85.441720703125,
              27.730201953125
            ],
            [
              85.441720703125,
              27.730260546874998
            ],
            [
              85.44169140625,
              27.730260546874998
            ],
            [
              85.44169140625,
              27.73028984375
            ],
            [
              85.441603515625,
              27.73028984375
            ],
            [
              85.441603515625,
              27.730319140625
            ],
            [
              85.44157421875,
              27.730319140625
            ],
            [
              85.44157421875,
              27.73028984375
            ],
            [
              85.44148632812501,
              27.73028984375
            ],
            [
              85.44148632812501,
              27.730260546874998
            ],
            [
              85.441427734375,
              27.730260546874998
            ],
            [
              85.441427734375,
              27.73028984375
            ],
            [
              85.441369140625,
              27.73028984375
            ],
            [
              85.441369140625,
              27.730319140625
            ],
            [
              85.44122265625,
              27.730319140625
            ]
          ]
        ]
      },
      "properties": {
        "building_id": 64,
        "damage_tier": "no-damage",
        "confidence": 0.796
      }
    },
    {
      "type": "Feature",
      "geometry": {
        "type": "Polygon",
        "coordinates": [
          [
            [
              85.44790234375,
              27.72993828125
            ],
            [
              85.44790234375,
              27.7298796875
            ],
            [
              85.447873046875,
              27.7298796875
            ],
            [
              85.447873046875,
              27.7297625
            ],
            [
              85.44801953125,
              27.7297625
            ],
            [
              85.44801953125,
              27.729791796875
            ],
            [
              85.448048828125,
              27.729791796875
            ],
            [
              85.448048828125,
              27.729821093749997
            ],
            [
              85.44807812500001,
              27.729821093749997
            ],
            [
              85.44807812500001,
              27.729850390625
            ],
            [
              85.44810742187501,
              27.729850390625
            ],
            [
              85.44810742187501,
              27.729908984374998
            ],
            [
              85.44813671875,
              27.729908984374998
            ],
            [
              85.44813671875,
              27.72993828125
            ],
            [
              85.44790234375,
              27.72993828125
            ]
          ]
        ]
      },
      "properties": {
        "building_id": 65,
        "damage_tier": "no-damage",
        "confidence": 0.628
      }
    },
    {
      "type": "Feature",
      "geometry": {
        "type": "Polygon",
        "coordinates": [
          [
            [
              85.452033203125,
              27.730319140625
            ],
            [
              85.452033203125,
              27.73028984375
            ],
            [
              85.451974609375,
              27.73028984375
            ],
            [
              85.451974609375,
              27.73023125
            ],
            [
              85.4519453125,
              27.73023125
            ],
            [
              85.4519453125,
              27.730172656249998
            ],
            [
              85.451916015625,
              27.730172656249998
            ],
            [
              85.451916015625,
              27.730026171875
            ],
            [
              85.4519453125,
              27.730026171875
            ],
            [
              85.4519453125,
              27.729996874999998
            ],
            [
              85.451974609375,
              27.729996874999998
            ],
            [
              85.451974609375,
              27.729967578125
            ],
            [
              85.452033203125,
              27.729967578125
            ],
            [
              85.452033203125,
              27.729791796875
            ],
            [
              85.4520625,
              27.729791796875
            ],
            [
              85.4520625,
              27.729733203124997
            ],
            [
              85.45209179687501,
              27.729733203124997
            ],
            [
              85.45209179687501,
              27.72970390625
            ],
            [
              85.4521796875,
              27.72970390625
            ],
            [
              85.4521796875,
              27.729733203124997
            ],
            [
              85.452296875,
              27.729733203124997
            ],
            [
              85.452296875,
              27.7297625
            ],
            [
              85.452384765625,
              27.7297625
            ],
            [
              85.452384765625,
              27.729791796875
            ],
            [
              85.45250195312501,
              27.729791796875
            ],
            [
              85.45250195312501,
              27.729821093749997
            ],
            [
              85.452560546875,
              27.729821093749997
            ],
            [
              85.452560546875,
              27.729850390625
            ],
            [
              85.45258984375,
              27.729850390625
            ],
            [
              85.45258984375,
              27.7298796875
            ],
            [
              85.452619140625,
              27.7298796875
            ],
            [
              85.452619140625,
              27.72993828125
            ],
            [
              85.4526484375,
              27.72993828125
            ],
            [
              85.4526484375,
              27.729967578125
            ],
            [
              85.452619140625,
              27.729967578125
            ],
            [
              85.452619140625,
              27.730026171875
            ],
            [
              85.45258984375,
              27.730026171875
            ],
            [
              85.45258984375,
              27.730084765624998
            ],
            [
              85.452560546875,
              27.730084765624998
            ],
            [
              85.452560546875,
              27.7301140625
            ],
            [
              85.45253125,
              27.7301140625
            ],
            [
              85.45253125,
              27.730143359375
            ],
            [
              85.45250195312501,
              27.730143359375
            ],
            [
              85.45250195312501,
              27.730172656249998
            ],
            [
              85.45247265625001,
              27.730172656249998
            ],
            [
              85.45247265625001,
              27.730201953125
            ],
            [
              85.452384765625,
              27.730201953125
            ],
            [
              85.452384765625,
              27.73023125
            ],
            [
              85.452326171875,
              27.73023125
            ],
            [
              85.452326171875,
              27.730260546874998
            ],
            [
              85.452267578125,
              27.730260546874998
            ],
            [
              85.452267578125,
              27.73028984375
            ],
            [
              85.45215039062501,
              27.73028984375
            ],
            [
              85.45215039062501,
              27.730319140625
            ],
            [
              85.452033203125,
              27.730319140625
            ]
          ]
        ]
      },
      "properties": {
        "building_id": 66,
        "damage_tier": "no-damage",
        "confidence": 0.993
      }
    },
    {
      "type": "Feature",
      "geometry": {
        "type": "Polygon",
        "coordinates": [
          [
            [
              85.446525390625,
              27.72970390625
            ],
            [
              85.446525390625,
              27.729674609375
            ],
            [
              85.446583984375,
              27.729674609375
            ],
            [
              85.446583984375,
              27.729645312499997
            ],
            [
              85.44664257812501,
              27.729645312499997
            ],
            [
              85.44664257812501,
              27.72970390625
            ],
            [
              85.446525390625,
              27.72970390625
            ]
          ]
        ]
      },
      "properties": {
        "building_id": 67,
        "damage_tier": "no-damage",
        "confidence": 0.539
      }
    },
    {
      "type": "Feature",
      "geometry": {
        "type": "Polygon",
        "coordinates": [
          [
            [
              85.454962890625,
              27.7297625
            ],
            [
              85.454962890625,
              27.729733203124997
            ],
            [
              85.454845703125,
              27.729733203124997
            ],
            [
              85.454845703125,
              27.72970390625
            ],
            [
              85.454787109375,
              27.72970390625
            ],
            [
              85.454787109375,
              27.729674609375
            ],
            [
              85.45481640625,
              27.729674609375
            ],
            [
              85.45481640625,
              27.729616015625
            ],
            [
              85.45508007812501,
              27.729616015625
            ],
            [
              85.45508007812501,
              27.729645312499997
            ],
            [
              85.455138671875,
              27.729645312499997
            ],
            [
              85.455138671875,
              27.729674609375
            ],
            [
              85.45516796875,
              27.729674609375
            ],
            [
              85.45516796875,
              27.72970390625
            ],
            [
              85.455197265625,
              27.72970390625
            ],
            [
              85.455197265625,
              27.729733203124997
            ],
            [
              85.45516796875,
              27.729733203124997
            ],
            [
              85.45516796875,
              27.7297625
            ],
            [
              85.454962890625,
              27.7297625
            ]
          ]
        ]
      },
      "properties": {
        "building_id": 68,
        "damage_tier": "no-damage",
        "confidence": 0.989
      }
    },
    {
      "type": "Feature",
      "geometry": {
        "type": "Polygon",
        "coordinates": [
          [
            [
              85.455490234375,
              27.730084765624998
            ],
            [
              85.455490234375,
              27.73005546875
            ],
            [
              85.45543164062501,
              27.73005546875
            ],
            [
              85.45543164062501,
              27.730026171875
            ],
            [
              85.45540234375001,
              27.730026171875
            ],
            [
              85.45540234375001,
              27.729967578125
            ],
            [
              85.455373046875,
              27.729967578125
            ],
            [
              85.455373046875,
              27.72993828125
            ],
            [
              85.45540234375001,
              27.72993828125
            ],
            [
              85.45540234375001,
              27.729908984374998
            ],
            [
              85.45543164062501,
              27.729908984374998
            ],
            [
              85.45543164062501,
              27.7298796875
            ],
            [
              85.4554609375,
              27.7298796875
            ],
            [
              85.4554609375,
              27.729850390625
            ],
            [
              85.455490234375,
              27.729850390625
            ],
            [
              85.455490234375,
              27.72970390625
            ],
            [
              85.4554609375,
              27.72970390625
            ],
            [
              85.4554609375,
              27.729674609375
            ],
            [
              85.455490234375,
              27.729674609375
            ],
            [
              85.455490234375,
              27.72958671875
            ],
            [
              85.455724609375,
              27.72958671875
            ],
            [
              85.455724609375,
              27.729557421875
            ],
            [
              85.45587109375,
              27.729557421875
            ],
            [
              85.45587109375,
              27.72958671875
            ],
            [
              85.455900390625,
              27.72958671875
            ],
            [
              85.455900390625,
              27.729674609375
            ],
            [
              85.4559296875,
              27.729674609375
            ],
            [
              85.4559296875,
              27.729733203124997
            ],
            [
              85.455958984375,
              27.729733203124997
            ],
            [
              85.455958984375,
              27.7297625
            ],
            [
              85.45598828125,
              27.7297625
            ],
            [
              85.45598828125,
              27.729791796875
            ],
            [
              85.456017578125,
              27.729791796875
            ],
            [
              85.456017578125,
              27.729821093749997
            ],
            [
              85.456046875,
              27.729821093749997
            ],
            [
              85.456046875,
              27.729967578125
            ],
            [
              85.456017578125,
              27.729967578125
            ],
            [
              85.456017578125,
              27.729996874999998
            ],
            [
              85.455900390625,
              27.729996874999998
            ],
            [
              85.455900390625,
              27.730026171875
            ],
            [
              85.455841796875,
              27.730026171875
            ],
            [
              85.455841796875,
              27.729996874999998
            ],
            [
              85.45575390625001,
              27.729996874999998
            ],
            [
              85.45575390625001,
              27.730026171875
            ],
            [
              85.4556953125,
              27.730026171875
            ],
            [
              85.4556953125,
              27.73005546875
            ],
            [
              85.455666015625,
              27.73005546875
            ],
            [
              85.455666015625,
              27.730084765624998
            ],
            [
              85.455490234375,
              27.730084765624998
            ]
          ]
        ]
      },
      "properties": {
        "building_id": 69,
        "damage_tier": "no-damage",
        "confidence": 0.993
      }
    },
    {
      "type": "Feature",
      "geometry": {
        "type": "Polygon",
        "coordinates": [
          [
            [
              85.448341796875,
              27.729645312499997
            ],
            [
              85.448341796875,
              27.729616015625
            ],
            [
              85.4483125,
              27.729616015625
            ],
            [
              85.4483125,
              27.72958671875
            ],
            [
              85.448283203125,
              27.72958671875
            ],
            [
              85.448283203125,
              27.729528124999998
            ],
            [
              85.4483125,
              27.729528124999998
            ],
            [
              85.4483125,
              27.729498828125
            ],
            [
              85.448341796875,
              27.729498828125
            ],
            [
              85.448341796875,
              27.72946953125
            ],
            [
              85.44837109375,
              27.72946953125
            ],
            [
              85.44837109375,
              27.729645312499997
            ],
            [
              85.448341796875,
              27.729645312499997
            ]
          ]
        ]
      },
      "properties": {
        "building_id": 70,
        "damage_tier": "no-damage",
        "confidence": 0.464
      }
    },
    {
      "type": "Feature",
      "geometry": {
        "type": "Polygon",
        "coordinates": [
          [
            [
              85.446056640625,
              27.730377734374997
            ],
            [
              85.446056640625,
              27.7303484375
            ],
            [
              85.445998046875,
              27.7303484375
            ],
            [
              85.445998046875,
              27.730319140625
            ],
            [
              85.44596875,
              27.730319140625
            ],
            [
              85.44596875,
              27.73028984375
            ],
            [
              85.445939453125,
              27.73028984375
            ],
            [
              85.445939453125,
              27.730201953125
            ],
            [
              85.44591015625001,
              27.730201953125
            ],
            [
              85.44591015625001,
              27.730143359375
            ],
            [
              85.44588085937501,
              27.730143359375
            ],
            [
              85.44588085937501,
              27.730084765624998
            ],
            [
              85.4458515625,
              27.730084765624998
            ],
            [
              85.4458515625,
              27.73005546875
            ],
            [
              85.445822265625,
              27.73005546875
            ],
            [
              85.445822265625,
              27.730026171875
            ],
            [
              85.44579296875,
              27.730026171875
            ],
            [
              85.44579296875,
              27.729996874999998
            ],
            [
              85.445763671875,
              27.729996874999998
            ],
            [
              85.445763671875,
              27.729850390625
            ],
            [
              85.44579296875,
              27.729850390625
            ],
            [
              85.44579296875,
              27.729498828125
            ],
            [
              85.445822265625,
              27.729498828125
            ],
            [
              85.445822265625,
              27.72946953125
            ],
            [
              85.4458515625,
              27.72946953125
            ],
            [
              85.4458515625,
              27.729440234374998
            ],
            [
              85.44596875,
              27.729440234374998
            ],
            [
              85.44596875,
              27.72946953125
            ],
            [
              85.44602734375,
              27.72946953125
            ],
            [
              85.44602734375,
              27.729498828125
            ],
            [
              85.446173828125,
              27.729498828125
            ],
            [
              85.446173828125,
              27.729528124999998
            ],
            [
              85.44623242187501,
              27.729528124999998
            ],
            [
              85.44623242187501,
              27.72958671875
            ],
            [
              85.44626171875001,
              27.72958671875
            ],
            [
              85.44626171875001,
              27.729645312499997
            ],
            [
              85.44629101562501,
              27.729645312499997
            ],
            [
              85.44629101562501,
              27.729674609375
            ],
            [
              85.446408203125,
              27.729674609375
            ],
            [
              85.446408203125,
              27.72970390625
            ],
            [
              85.446349609375,
              27.72970390625
            ],
            [
              85.446349609375,
              27.729733203124997
            ],
            [
              85.44623242187501,
              27.729733203124997
            ],
            [
              85.44623242187501,
              27.7297625
            ],
            [
              85.446203125,
              27.7297625
            ],
            [
              85.446203125,
              27.729791796875
            ],
            [
              85.446173828125,
              27.729791796875
            ],
            [
              85.446173828125,
              27.729850390625
            ],
            [
              85.44614453125,
              27.729850390625
            ],
            [
              85.44614453125,
              27.7298796875
            ],
            [
              85.446115234375,
              27.7298796875
            ],
            [
              85.446115234375,
              27.73005546875
            ],
            [
              85.44614453125,
              27.73005546875
            ],
            [
              85.44614453125,
              27.730084765624998
            ],
            [
              85.44623242187501,
              27.730084765624998
            ],
            [
              85.44623242187501,
              27.7301140625
            ],
            [
              85.44626171875001,
              27.7301140625
            ],
            [
              85.44626171875001,
              27.730143359375
            ],
            [
              85.44629101562501,
              27.730143359375
            ],
            [
              85.44629101562501,
              27.730172656249998
            ],
            [
              85.4463203125,
              27.730172656249998
            ],
            [
              85.4463203125,
              27.73023125
            ],
            [
              85.446349609375,
              27.73023125
            ],
            [
              85.446349609375,
              27.73028984375
            ],
            [
              85.4463203125,
              27.73028984375
            ],
            [
              85.4463203125,
              27.730319140625
            ],
            [
              85.44626171875001,
              27.730319140625
            ],
            [
              85.44626171875001,
              27.7303484375
            ],
            [
              85.446203125,
              27.7303484375
            ],
            [
              85.446203125,
              27.730377734374997
            ],
            [
              85.446056640625,
              27.730377734374997
            ]
          ]
        ]
      },
      "properties": {
        "building_id": 71,
        "damage_tier": "no-damage",
        "confidence": 0.732
      }
    },
    {
      "type": "Feature",
      "geometry": {
        "type": "Polygon",
        "coordinates": [
          [
            [
              85.44813671875,
              27.729528124999998
            ],
            [
              85.44813671875,
              27.729498828125
            ],
            [
              85.44810742187501,
              27.729498828125
            ],
            [
              85.44810742187501,
              27.72946953125
            ],
            [
              85.448048828125,
              27.72946953125
            ],
            [
              85.448048828125,
              27.729440234374998
            ],
            [
              85.44801953125,
              27.729440234374998
            ],
            [
              85.44801953125,
              27.7294109375
            ],
            [
              85.447990234375,
              27.7294109375
            ],
            [
              85.447990234375,
              27.729323046875
            ],
            [
              85.44801953125,
              27.729323046875
            ],
            [
              85.44801953125,
              27.72929375
            ],
            [
              85.448048828125,
              27.72929375
            ],
            [
              85.448048828125,
              27.729323046875
            ],
            [
              85.4481953125,
              27.729323046875
            ],
            [
              85.4481953125,
              27.729352343749998
            ],
            [
              85.44825390625,
              27.729352343749998
            ],
            [
              85.44825390625,
              27.729440234374998
            ],
            [
              85.448224609375,
              27.729440234374998
            ],
            [
              85.448224609375,
              27.729498828125
            ],
            [
              85.4481953125,
              27.729498828125
            ],
            [
              85.4481953125,
              27.729528124999998
            ],
            [
              85.44813671875,
              27.729528124999998
            ]
          ]
        ]
      },
      "properties": {
        "building_id": 72,
        "damage_tier": "no-damage",
        "confidence": 0.421
      }
    },
    {
      "type": "Feature",
      "geometry": {
        "type": "Polygon",
        "coordinates": [
          [
            [
              85.441310546875,
              27.729908984374998
            ],
            [
              85.441310546875,
              27.7298796875
            ],
            [
              85.441251953125,
              27.7298796875
            ],
            [
              85.441251953125,
              27.729850390625
            ],
            [
              85.44122265625,
              27.729850390625
            ],
            [
              85.44122265625,
              27.729821093749997
            ],
            [
              85.441193359375,
              27.729821093749997
            ],
            [
              85.441193359375,
              27.729791796875
            ],
            [
              85.44116406250001,
              27.729791796875
            ],
            [
              85.44116406250001,
              27.7297625
            ],
            [
              85.44110546875,
              27.7297625
            ],
            [
              85.44110546875,
              27.729733203124997
            ],
            [
              85.441076171875,
              27.729733203124997
            ],
            [
              85.441076171875,
              27.72970390625
            ],
            [
              85.441046875,
              27.72970390625
            ],
            [
              85.441046875,
              27.72958671875
            ],
            [
              85.441076171875,
              27.72958671875
            ],
            [
              85.441076171875,
              27.729528124999998
            ],
            [
              85.44110546875,
              27.729528124999998
            ],
            [
              85.44110546875,
              27.72946953125
            ],
            [
              85.44113476562501,
              27.72946953125
            ],
            [
              85.44113476562501,
              27.729352343749998
            ],
            [
              85.441193359375,
              27.729352343749998
            ],
            [
              85.441193359375,
              27.729323046875
            ],
            [
              85.441251953125,
              27.729323046875
            ],
            [
              85.441251953125,
              27.72929375
            ],
            [
              85.441310546875,
              27.72929375
            ],
            [
              85.441310546875,
              27.729264453124998
            ],
            [
              85.441369140625,
              27.729264453124998
            ],
            [
              85.441369140625,
              27.72929375
            ],
            [
              85.4413984375,
              27.72929375
            ],
            [
              85.4413984375,
              27.729528124999998
            ],
            [
              85.441427734375,
              27.729528124999998
            ],
            [
              85.441427734375,
              27.729557421875
            ],
            [
              85.44145703125,
              27.729557421875
            ],
            [
              85.44145703125,
              27.72958671875
            ],
            [
              85.44148632812501,
              27.72958671875
            ],
            [
              85.44148632812501,
              27.729616015625
            ],
            [
              85.441544921875,
              27.729616015625
            ],
            [
              85.441544921875,
              27.729645312499997
            ],
            [
              85.4416328125,
              27.729645312499997
            ],
            [
              85.4416328125,
              27.729616015625
            ],
            [
              85.441720703125,
              27.729616015625
            ],
            [
              85.441720703125,
              27.72958671875
            ],
            [
              85.44180859375,
              27.72958671875
            ],
            [
              85.44180859375,
              27.729557421875
            ],
            [
              85.442013671875,
              27.729557421875
            ],
            [
              85.442013671875,
              27.72958671875
            ],
            [
              85.442072265625,
              27.72958671875
            ],
            [
              85.442072265625,
              27.729616015625
            ],
            [
              85.44216015625,
              27.729616015625
            ],
            [
              85.44216015625,
              27.729645312499997
            ],
            [
              85.44221875000001,
              27.729645312499997
            ],
            [
              85.44221875000001,
              27.729674609375
            ],
            [
              85.442306640625,
              27.729674609375
            ],
            [
              85.442306640625,
              27.72970390625
            ],
            [
              85.442365234375,
              27.72970390625
            ],
            [
              85.442365234375,
              27.7297625
            ],
            [
              85.4423359375,
              27.7297625
            ],
            [
              85.4423359375,
              27.729791796875
            ],
            [
              85.442130859375,
              27.729791796875
            ],
            [
              85.442130859375,
              27.729821093749997
            ],
            [
              85.442072265625,
              27.729821093749997
            ],
            [
              85.442072265625,
              27.729850390625
            ],
            [
              85.441984375,
              27.729850390625
            ],
            [
              85.441984375,
              27.7298796875
            ],
            [
              85.44192578125,
              27.7298796875
            ],
            [
              85.44192578125,
              27.729908984374998
            ],
            [
              85.441779296875,
              27.729908984374998
            ],
            [
              85.441779296875,
              27.7298796875
            ],
            [
              85.44175,
              27.7298796875
            ],
            [
              85.44175,
              27.729850390625
            ],
            [
              85.441720703125,
              27.729850390625
            ],
            [
              85.441720703125,
              27.729821093749997
            ],
            [
              85.44169140625,
              27.729821093749997
            ],
            [
              85.44169140625,
              27.729791796875
            ],
            [
              85.441662109375,
              27.729791796875
            ],
            [
              85.441662109375,
              27.7297625
            ],
            [
              85.44148632812501,
              27.7297625
            ],
            [
              85.44148632812501,
              27.729791796875
            ],
            [
              85.44145703125,
              27.729791796875
            ],
            [
              85.44145703125,
              27.729821093749997
            ],
            [
              85.441427734375,
              27.729821093749997
            ],
            [
              85.441427734375,
              27.729850390625
            ],
            [
              85.4413984375,
              27.729850390625
            ],
            [
              85.4413984375,
              27.7298796875
            ],
            [
              85.441369140625,
              27.7298796875
            ],
            [
              85.441369140625,
              27.729908984374998
            ],
            [
              85.441310546875,
              27.729908984374998
            ]
          ]
        ]
      },
      "properties": {
        "building_id": 73,
        "damage_tier": "no-damage",
        "confidence": 0.671
      }
    },
    {
      "type": "Feature",
      "geometry": {
        "type": "Polygon",
        "coordinates": [
          [
            [
              85.447052734375,
              27.72946953125
            ],
            [
              85.447052734375,
              27.729440234374998
            ],
            [
              85.44702343750001,
              27.729440234374998
            ],
            [
              85.44702343750001,
              27.7294109375
            ],
            [
              85.44699414062501,
              27.7294109375
            ],
            [
              85.44699414062501,
              27.729381640625
            ],
            [
              85.44696484375001,
              27.729381640625
            ],
            [
              85.44696484375001,
              27.729352343749998
            ],
            [
              85.446935546875,
              27.729352343749998
            ],
            [
              85.446935546875,
              27.729323046875
            ],
            [
              85.44696484375001,
              27.729323046875
            ],
            [
              85.44696484375001,
              27.729264453124998
            ],
            [
              85.44699414062501,
              27.729264453124998
            ],
            [
              85.44699414062501,
              27.72923515625
            ],
            [
              85.44708203125,
              27.72923515625
            ],
            [
              85.44708203125,
              27.729264453124998
            ],
            [
              85.447111328125,
              27.729264453124998
            ],
            [
              85.447111328125,
              27.72946953125
            ],
            [
              85.447052734375,
              27.72946953125
            ]
          ]
        ]
      },
      "properties": {
        "building_id": 74,
        "damage_tier": "no-damage",
        "confidence": 0.431
      }
    },
    {
      "type": "Feature",
      "geometry": {
        "type": "Polygon",
        "coordinates": [
          [
            [
              85.454787109375,
              27.72946953125
            ],
            [
              85.454787109375,
              27.729440234374998
            ],
            [
              85.4547578125,
              27.729440234374998
            ],
            [
              85.4547578125,
              27.7294109375
            ],
            [
              85.454728515625,
              27.7294109375
            ],
            [
              85.454728515625,
              27.729381640625
            ],
            [
              85.45469921875001,
              27.729381640625
            ],
            [
              85.45469921875001,
              27.729352343749998
            ],
            [
              85.45466992187501,
              27.729352343749998
            ],
            [
              85.45466992187501,
              27.72923515625
            ],
            [
              85.45481640625,
              27.72923515625
            ],
            [
              85.45481640625,
              27.72929375
            ],
            [
              85.454845703125,
              27.72929375
            ],
            [
              85.454845703125,
              27.729440234374998
            ],
            [
              85.45481640625,
              27.729440234374998
            ],
            [
              85.45481640625,
              27.72946953125
            ],
            [
              85.454787109375,
              27.72946953125
            ]
          ]
        ]
      },
      "properties": {
        "building_id": 75,
        "damage_tier": "no-damage",
        "confidence": 0.984
      }
    },
    {
      "type": "Feature",
      "geometry": {
        "type": "Polygon",
        "coordinates": [
          [
            [
              85.44169140625,
              27.729352343749998
            ],
            [
              85.44169140625,
              27.729323046875
            ],
            [
              85.441662109375,
              27.729323046875
            ],
            [
              85.441662109375,
              27.72929375
            ],
            [
              85.4416328125,
              27.72929375
            ],
            [
              85.4416328125,
              27.729264453124998
            ],
            [
              85.44157421875,
              27.729264453124998
            ],
            [
              85.44157421875,
              27.72923515625
            ],
            [
              85.441662109375,
              27.72923515625
            ],
            [
              85.441662109375,
              27.729205859375
            ],
            [
              85.44169140625,
              27.729205859375
            ],
            [
              85.44169140625,
              27.72923515625
            ],
            [
              85.44175,
              27.72923515625
            ],
            [
              85.44175,
              27.729323046875
            ],
            [
              85.441720703125,
              27.729323046875
            ],
            [
              85.441720703125,
              27.729352343749998
            ],
            [
              85.44169140625,
              27.729352343749998
            ]
          ]
        ]
      },
      "properties": {
        "building_id": 76,
        "damage_tier": "no-damage",
        "confidence": 0.611
      }
    },
    {
      "type": "Feature",
      "geometry": {
        "type": "Polygon",
        "coordinates": [
          [
            [
              85.45250195312501,
              27.729528124999998
            ],
            [
              85.45250195312501,
              27.729498828125
            ],
            [
              85.4524140625,
              27.729498828125
            ],
            [
              85.4524140625,
              27.729147265625
            ],
            [
              85.452384765625,
              27.729147265625
            ],
            [
              85.452384765625,
              27.729088671874997
            ],
            [
              85.4524140625,
              27.729088671874997
            ],
            [
              85.4524140625,
              27.729059375
            ],
            [
              85.45247265625001,
              27.729059375
            ],
            [
              85.45247265625001,
              27.729030078125
            ],
            [
              85.45253125,
              27.729030078125
            ],
            [
              85.45253125,
              27.729000781249997
            ],
            [
              85.452560546875,
              27.729000781249997
            ],
            [
              85.452560546875,
              27.728971484375
            ],
            [
              85.452619140625,
              27.728971484375
            ],
            [
              85.452619140625,
              27.729000781249997
            ],
            [
              85.452736328125,
              27.729000781249997
            ],
            [
              85.452736328125,
              27.729030078125
            ],
            [
              85.453029296875,
              27.729030078125
            ],
            [
              85.453029296875,
              27.729000781249997
            ],
            [
              85.453087890625,
              27.729000781249997
            ],
            [
              85.453087890625,
              27.729030078125
            ],
            [
              85.45317578125,
              27.729030078125
            ],
            [
              85.45317578125,
              27.729059375
            ],
            [
              85.45320507812501,
              27.729059375
            ],
            [
              85.45320507812501,
              27.729088671874997
            ],
            [
              85.45323437500001,
              27.729088671874997
            ],
            [
              85.45323437500001,
              27.72923515625
            ],
            [
              85.45320507812501,
              27.72923515625
            ],
            [
              85.45320507812501,
              27.729352343749998
            ],
            [
              85.45317578125,
              27.729352343749998
            ],
            [
              85.45317578125,
              27.729381640625
            ],
            [
              85.453087890625,
              27.729381640625
            ],
            [
              85.453087890625,
              27.7294109375
            ],
            [
              85.45285351562501,
              27.7294109375
            ],
            [
              85.45285351562501,
              27.729440234374998
            ],
            [
              85.452794921875,
              27.729440234374998
            ],
            [
              85.452794921875,
              27.72946953125
            ],
            [
              85.45270703125,
              27.72946953125
            ],
            [
              85.45270703125,
              27.729498828125
            ],
            [
              85.45258984375,
              27.729498828125
            ],
            [
              85.45258984375,
              27.729528124999998
            ],
            [
              85.45250195312501,
              27.729528124999998
            ]
          ]
        ]
      },
      "properties": {
        "building_id": 77,
        "damage_tier": "no-damage",
        "confidence": 0.986
      }
    },
    {
      "type": "Feature",
      "geometry": {
        "type": "Polygon",
        "coordinates": [
          [
            [
              85.45587109375,
              27.729440234374998
            ],
            [
              85.45587109375,
              27.7294109375
            ],
            [
              85.455841796875,
              27.7294109375
            ],
            [
              85.455841796875,
              27.729059375
            ],
            [
              85.45587109375,
              27.729059375
            ],
            [
              85.45587109375,
              27.728707812499998
            ],
            [
              85.4559296875,
              27.728707812499998
            ],
            [
              85.4559296875,
              27.728678515625
            ],
            [
              85.455958984375,
              27.728678515625
            ],
            [
              85.455958984375,
              27.72864921875
            ],
            [
              85.45598828125,
              27.72864921875
            ],
            [
              85.45598828125,
              27.728678515625
            ],
            [
              85.456017578125,
              27.728678515625
            ],
            [
              85.456017578125,
              27.728737109375
            ],
            [
              85.456046875,
              27.728737109375
            ],
            [
              85.456046875,
              27.728795703124998
            ],
            [
              85.456076171875,
              27.728795703124998
            ],
            [
              85.456076171875,
              27.728825
            ],
            [
              85.45610546875,
              27.728825
            ],
            [
              85.45610546875,
              27.728854296875
            ],
            [
              85.45613476562501,
              27.728854296875
            ],
            [
              85.45613476562501,
              27.72888359375
            ],
            [
              85.45616406250001,
              27.72888359375
            ],
            [
              85.45616406250001,
              27.7289421875
            ],
            [
              85.456193359375,
              27.7289421875
            ],
            [
              85.456193359375,
              27.728971484375
            ],
            [
              85.45622265625,
              27.728971484375
            ],
            [
              85.45622265625,
              27.729000781249997
            ],
            [
              85.456251953125,
              27.729000781249997
            ],
            [
              85.456251953125,
              27.729059375
            ],
            [
              85.45628125,
              27.729059375
            ],
            [
              85.45628125,
              27.729264453124998
            ],
            [
              85.456251953125,
              27.729264453124998
            ],
            [
              85.456251953125,
              27.729323046875
            ],
            [
              85.45622265625,
              27.729323046875
            ],
            [
              85.45622265625,
              27.729352343749998
            ],
            [
              85.456193359375,
              27.729352343749998
            ],
            [
              85.456193359375,
              27.729381640625
            ],
            [
              85.45610546875,
              27.729381640625
            ],
            [
              85.45610546875,
              27.7294109375
            ],
            [
              85.456017578125,
              27.7294109375
            ],
            [
              85.456017578125,
              27.729440234374998
            ],
            [
              85.45587109375,
              27.729440234374998
            ]
          ]
        ]
      },
      "properties": {
        "building_id": 78,
        "damage_tier": "no-damage",
        "confidence": 0.978
      }
    },
    {
      "type": "Feature",
      "geometry": {
        "type": "Polygon",
        "coordinates": [
          [
            [
              85.44157421875,
              27.729030078125
            ],
            [
              85.44157421875,
              27.729000781249997
            ],
            [
              85.44151562500001,
              27.729000781249997
            ],
            [
              85.44151562500001,
              27.728971484375
            ],
            [
              85.44148632812501,
              27.728971484375
            ],
            [
              85.44148632812501,
              27.728825
            ],
            [
              85.44151562500001,
              27.728825
            ],
            [
              85.44151562500001,
              27.728737109375
            ],
            [
              85.441544921875,
              27.728737109375
            ],
            [
              85.441544921875,
              27.728707812499998
            ],
            [
              85.44157421875,
              27.728707812499998
            ],
            [
              85.44157421875,
              27.728678515625
            ],
            [
              85.4416328125,
              27.728678515625
            ],
            [
              85.4416328125,
              27.72864921875
            ],
            [
              85.441720703125,
              27.72864921875
            ],
            [
              85.441720703125,
              27.728619921874998
            ],
            [
              85.441779296875,
              27.728619921874998
            ],
            [
              85.441779296875,
              27.728590625
            ],
            [
              85.44180859375,
              27.728590625
            ],
            [
              85.44180859375,
              27.728561328125
            ],
            [
              85.441837890625,
              27.728561328125
            ],
            [
              85.441837890625,
              27.728532031249998
            ],
            [
              85.44186718750001,
              27.728532031249998
            ],
            [
              85.44186718750001,
              27.728502734375
            ],
            [
              85.44189648437501,
              27.728502734375
            ],
            [
              85.44189648437501,
              27.7284734375
            ],
            [
              85.441955078125,
              27.7284734375
            ],
            [
              85.441955078125,
              27.728502734375
            ],
            [
              85.44204296875,
              27.728502734375
            ],
            [
              85.44204296875,
              27.728532031249998
            ],
            [
              85.442072265625,
              27.728532031249998
            ],
            [
              85.442072265625,
              27.728619921874998
            ],
            [
              85.4421015625,
              27.728619921874998
            ],
            [
              85.4421015625,
              27.728912890624997
            ],
            [
              85.442072265625,
              27.728912890624997
            ],
            [
              85.442072265625,
              27.729000781249997
            ],
            [
              85.44204296875,
              27.729000781249997
            ],
            [
              85.44204296875,
              27.729030078125
            ],
            [
              85.441984375,
              27.729030078125
            ],
            [
              85.441984375,
              27.729000781249997
            ],
            [
              85.44192578125,
              27.729000781249997
            ],
            [
              85.44192578125,
              27.728971484375
            ],
            [
              85.44189648437501,
              27.728971484375
            ],
            [
              85.44189648437501,
              27.729000781249997
            ],
            [
              85.44175,
              27.729000781249997
            ],
            [
              85.44175,
              27.729030078125
            ],
            [
              85.44157421875,
              27.729030078125
            ]
          ]
        ]
      },
      "properties": {
        "building_id": 79,
        "damage_tier": "destroyed",
        "confidence": 0.487
      }
    },
    {
      "type": "Feature",
      "geometry": {
        "type": "Polygon",
        "coordinates": [
          [
            [
              85.45587109375,
              27.728444140624998
            ],
            [
              85.45587109375,
              27.72841484375
            ],
            [
              85.455900390625,
              27.72841484375
            ],
            [
              85.455900390625,
              27.728444140624998
            ],
            [
              85.45587109375,
              27.728444140624998
            ]
          ]
        ]
      },
      "properties": {
        "building_id": 80,
        "damage_tier": "no-damage",
        "confidence": 0.935
      }
    },
    {
      "type": "Feature",
      "geometry": {
        "type": "Polygon",
        "coordinates": [
          [
            [
              85.45575390625001,
              27.72829765625
            ],
            [
              85.45575390625001,
              27.728268359374997
            ],
            [
              85.45578320312501,
              27.728268359374997
            ],
            [
              85.45578320312501,
              27.72829765625
            ],
            [
              85.45575390625001,
              27.72829765625
            ]
          ]
        ]
      },
      "properties": {
        "building_id": 81,
        "damage_tier": "no-damage",
        "confidence": 0.929
      }
    },
    {
      "type": "Feature",
      "geometry": {
        "type": "Polygon",
        "coordinates": [
          [
            [
              85.44189648437501,
              27.728268359374997
            ],
            [
              85.44189648437501,
              27.7282390625
            ],
            [
              85.44186718750001,
              27.7282390625
            ],
            [
              85.44186718750001,
              27.728033984375
            ],
            [
              85.44192578125,
              27.728033984375
            ],
            [
              85.44192578125,
              27.728063281249998
            ],
            [
              85.441955078125,
              27.728063281249998
            ],
            [
              85.441955078125,
              27.728121875
            ],
            [
              85.441984375,
              27.728121875
            ],
            [
              85.441984375,
              27.728151171875
            ],
            [
              85.44204296875,
              27.728151171875
            ],
            [
              85.44204296875,
              27.728209765625
            ],
            [
              85.442013671875,
              27.728209765625
            ],
            [
              85.442013671875,
              27.7282390625
            ],
            [
              85.441955078125,
              27.7282390625
            ],
            [
              85.441955078125,
              27.728268359374997
            ],
            [
              85.44189648437501,
              27.728268359374997
            ]
          ]
        ]
      },
      "properties": {
        "building_id": 82,
        "damage_tier": "destroyed",
        "confidence": 0.599
      }
    },
    {
      "type": "Feature",
      "geometry": {
        "type": "Polygon",
        "coordinates": [
          [
            [
              85.453029296875,
              27.728795703124998
            ],
            [
              85.453029296875,
              27.72876640625
            ],
            [
              85.452970703125,
              27.72876640625
            ],
            [
              85.452970703125,
              27.728737109375
            ],
            [
              85.45294140625,
              27.728737109375
            ],
            [
              85.45294140625,
              27.728707812499998
            ],
            [
              85.452794921875,
              27.728707812499998
            ],
            [
              85.452794921875,
              27.728678515625
            ],
            [
              85.452765625,
              27.728678515625
            ],
            [
              85.452765625,
              27.72864921875
            ],
            [
              85.452619140625,
              27.72864921875
            ],
            [
              85.452619140625,
              27.728678515625
            ],
            [
              85.452560546875,
              27.728678515625
            ],
            [
              85.452560546875,
              27.72864921875
            ],
            [
              85.45247265625001,
              27.72864921875
            ],
            [
              85.45247265625001,
              27.728619921874998
            ],
            [
              85.452443359375,
              27.728619921874998
            ],
            [
              85.452443359375,
              27.728590625
            ],
            [
              85.4524140625,
              27.728590625
            ],
            [
              85.4524140625,
              27.728561328125
            ],
            [
              85.452384765625,
              27.728561328125
            ],
            [
              85.452384765625,
              27.728502734375
            ],
            [
              85.4524140625,
              27.728502734375
            ],
            [
              85.4524140625,
              27.7284734375
            ],
            [
              85.452443359375,
              27.7284734375
            ],
            [
              85.452443359375,
              27.728444140624998
            ],
            [
              85.45247265625001,
              27.728444140624998
            ],
            [
              85.45247265625001,
              27.72841484375
            ],
            [
              85.45250195312501,
              27.72841484375
            ],
            [
              85.45250195312501,
              27.728326953125
            ],
            [
              85.45247265625001,
              27.728326953125
            ],
            [
              85.45247265625001,
              27.728268359374997
            ],
            [
              85.452443359375,
              27.728268359374997
            ],
            [
              85.452443359375,
              27.728151171875
            ],
            [
              85.45247265625001,
              27.728151171875
            ],
            [
              85.45247265625001,
              27.728063281249998
            ],
            [
              85.45250195312501,
              27.728063281249998
            ],
            [
              85.45250195312501,
              27.728033984375
            ],
            [
              85.45253125,
              27.728033984375
            ],
            [
              85.45253125,
              27.7280046875
            ],
            [
              85.452560546875,
              27.7280046875
            ],
            [
              85.452560546875,
              27.727975390624998
            ],
            [
              85.45258984375,
              27.727975390624998
            ],
            [
              85.45258984375,
              27.72794609375
            ],
            [
              85.452619140625,
              27.72794609375
            ],
            [
              85.452619140625,
              27.7280046875
            ],
            [
              85.452677734375,
              27.7280046875
            ],
            [
              85.452677734375,
              27.728033984375
            ],
            [
              85.45270703125,
              27.728033984375
            ],
            [
              85.45270703125,
              27.728063281249998
            ],
            [
              85.452736328125,
              27.728063281249998
            ],
            [
              85.452736328125,
              27.728092578124997
            ],
            [
              85.452765625,
              27.728092578124997
            ],
            [
              85.452765625,
              27.728121875
            ],
            [
              85.452794921875,
              27.728121875
            ],
            [
              85.452794921875,
              27.728151171875
            ],
            [
              85.45282421875001,
              27.728151171875
            ],
            [
              85.45282421875001,
              27.728180468749997
            ],
            [
              85.45285351562501,
              27.728180468749997
            ],
            [
              85.45285351562501,
              27.728209765625
            ],
            [
              85.45282421875001,
              27.728209765625
            ],
            [
              85.45282421875001,
              27.7282390625
            ],
            [
              85.452794921875,
              27.7282390625
            ],
            [
              85.452794921875,
              27.728268359374997
            ],
            [
              85.452765625,
              27.728268359374997
            ],
            [
              85.452765625,
              27.728385546875
            ],
            [
              85.452794921875,
              27.728385546875
            ],
            [
              85.452794921875,
              27.72841484375
            ],
            [
              85.45285351562501,
              27.72841484375
            ],
            [
              85.45285351562501,
              27.728444140624998
            ],
            [
              85.453029296875,
              27.728444140624998
            ],
            [
              85.453029296875,
              27.7284734375
            ],
            [
              85.453087890625,
              27.7284734375
            ],
            [
              85.453087890625,
              27.728502734375
            ],
            [
              85.4531171875,
              27.728502734375
            ],
            [
              85.4531171875,
              27.728532031249998
            ],
            [
              85.453146484375,
              27.728532031249998
            ],
            [
              85.453146484375,
              27.728561328125
            ],
            [
              85.45317578125,
              27.728561328125
            ],
            [
              85.45317578125,
              27.728619921874998
            ],
            [
              85.45320507812501,
              27.728619921874998
            ],
            [
              85.45320507812501,
              27.72876640625
            ],
            [
              85.45317578125,
              27.72876640625
            ],
            [
              85.45317578125,
              27.728795703124998
            ],
            [
              85.453029296875,
              27.728795703124998
            ]
          ]
        ]
      },
      "properties": {
        "building_id": 83,
        "damage_tier": "no-damage",
        "confidence": 0.958
      }
    },
    {
      "type": "Feature",
      "geometry": {
        "type": "Polygon",
        "coordinates": [
          [
            [
              85.45317578125,
              27.72794609375
            ],
            [
              85.45317578125,
              27.727916796875
            ],
            [
              85.453146484375,
              27.727916796875
            ],
            [
              85.453146484375,
              27.727887499999998
            ],
            [
              85.453087890625,
              27.727887499999998
            ],
            [
              85.453087890625,
              27.727858203125
            ],
            [
              85.45294140625,
              27.727858203125
            ],
            [
              85.45294140625,
              27.72782890625
            ],
            [
              85.45285351562501,
              27.72782890625
            ],
            [
              85.45285351562501,
              27.727711718749998
            ],
            [
              85.45288281250001,
              27.727711718749998
            ],
            [
              85.45288281250001,
              27.727682421875
            ],
            [
              85.45294140625,
              27.727682421875
            ],
            [
              85.45294140625,
              27.727653125
            ],
            [
              85.453,
              27.727653125
            ],
            [
              85.453,
              27.727623828124997
            ],
            [
              85.453029296875,
              27.727623828124997
            ],
            [
              85.453029296875,
              27.72759453125
            ],
            [
              85.45317578125,
              27.72759453125
            ],
            [
              85.45317578125,
              27.727682421875
            ],
            [
              85.453146484375,
              27.727682421875
            ],
            [
              85.453146484375,
              27.727711718749998
            ],
            [
              85.4533515625,
              27.727711718749998
            ],
            [
              85.4533515625,
              27.727741015625
            ],
            [
              85.45341015625,
              27.727741015625
            ],
            [
              85.45341015625,
              27.7277703125
            ],
            [
              85.453439453125,
              27.7277703125
            ],
            [
              85.453439453125,
              27.72782890625
            ],
            [
              85.45341015625,
              27.72782890625
            ],
            [
              85.45341015625,
              27.727858203125
            ],
            [
              85.4533515625,
              27.727858203125
            ],
            [
              85.4533515625,
              27.727887499999998
            ],
            [
              85.453322265625,
              27.727887499999998
            ],
            [
              85.453322265625,
              27.727916796875
            ],
            [
              85.453263671875,
              27.727916796875
            ],
            [
              85.453263671875,
              27.72794609375
            ],
            [
              85.45317578125,
              27.72794609375
            ]
          ]
        ]
      },
      "properties": {
        "building_id": 84,
        "damage_tier": "no-damage",
        "confidence": 0.921
      }
    },
    {
      "type": "Feature",
      "geometry": {
        "type": "Polygon",
        "coordinates": [
          [
            [
              85.457013671875,
              27.727623828124997
            ],
            [
              85.457013671875,
              27.727565234375
            ],
            [
              85.45704296875,
              27.727565234375
            ],
            [
              85.45704296875,
              27.727535937499997
            ],
            [
              85.457072265625,
              27.727535937499997
            ],
            [
              85.457072265625,
              27.727565234375
            ],
            [
              85.4571015625,
              27.727565234375
            ],
            [
              85.4571015625,
              27.72759453125
            ],
            [
              85.457072265625,
              27.72759453125
            ],
            [
              85.457072265625,
              27.727623828124997
            ],
            [
              85.457013671875,
              27.727623828124997
            ]
          ]
        ]
      },
      "properties": {
        "building_id": 85,
        "damage_tier": "no-damage",
        "confidence": 0.929
      }
    },
    {
      "type": "Feature",
      "geometry": {
        "type": "Polygon",
        "coordinates": [
          [
            [
              85.447521484375,
              27.727653125
            ],
            [
              85.447521484375,
              27.727623828124997
            ],
            [
              85.4474921875,
              27.727623828124997
            ],
            [
              85.4474921875,
              27.727565234375
            ],
            [
              85.447521484375,
              27.727565234375
            ],
            [
              85.447521484375,
              27.727506640625
            ],
            [
              85.447609375,
              27.727506640625
            ],
            [
              85.447609375,
              27.727535937499997
            ],
            [
              85.447638671875,
              27.727535937499997
            ],
            [
              85.447638671875,
              27.727565234375
            ],
            [
              85.44766796875,
              27.727565234375
            ],
            [
              85.44766796875,
              27.727623828124997
            ],
            [
              85.447609375,
              27.727623828124997
            ],
            [
              85.447609375,
              27.727653125
            ],
            [
              85.447521484375,
              27.727653125
            ]
          ]
        ]
      },
      "properties": {
        "building_id": 86,
        "damage_tier": "no-damage",
        "confidence": 0.459
      }
    },
    {
      "type": "Feature",
      "geometry": {
        "type": "Polygon",
        "coordinates": [
          [
            [
              85.45458203125,
              27.728121875
            ],
            [
              85.45458203125,
              27.728092578124997
            ],
            [
              85.4545234375,
              27.728092578124997
            ],
            [
              85.4545234375,
              27.728063281249998
            ],
            [
              85.45446484375,
              27.728063281249998
            ],
            [
              85.45446484375,
              27.728033984375
            ],
            [
              85.45440625,
              27.728033984375
            ],
            [
              85.45440625,
              27.7280046875
            ],
            [
              85.45434765625001,
              27.7280046875
            ],
            [
              85.45434765625001,
              27.727975390624998
            ],
            [
              85.45431835937501,
              27.727975390624998
            ],
            [
              85.45431835937501,
              27.72794609375
            ],
            [
              85.45428906250001,
              27.72794609375
            ],
            [
              85.45428906250001,
              27.727858203125
            ],
            [
              85.454259765625,
              27.727858203125
            ],
            [
              85.454259765625,
              27.72782890625
            ],
            [
              85.45428906250001,
              27.72782890625
            ],
            [
              85.45428906250001,
              27.727799609374998
            ],
            [
              85.45431835937501,
              27.727799609374998
            ],
            [
              85.45431835937501,
              27.7277703125
            ],
            [
              85.45434765625001,
              27.7277703125
            ],
            [
              85.45434765625001,
              27.727741015625
            ],
            [
              85.454376953125,
              27.727741015625
            ],
            [
              85.454376953125,
              27.727711718749998
            ],
            [
              85.45440625,
              27.727711718749998
            ],
            [
              85.45440625,
              27.727682421875
            ],
            [
              85.454435546875,
              27.727682421875
            ],
            [
              85.454435546875,
              27.727653125
            ],
            [
              85.45446484375,
              27.727653125
            ],
            [
              85.45446484375,
              27.727623828124997
            ],
            [
              85.4545234375,
              27.727623828124997
            ],
            [
              85.4545234375,
              27.727565234375
            ],
            [
              85.454552734375,
              27.727565234375
            ],
            [
              85.454552734375,
              27.727535937499997
            ],
            [
              85.454611328125,
              27.727535937499997
            ],
            [
              85.454611328125,
              27.727506640625
            ],
            [
              85.45469921875001,
              27.727506640625
            ],
            [
              85.45469921875001,
              27.72747734375
            ],
            [
              85.454728515625,
              27.72747734375
            ],
            [
              85.454728515625,
              27.727506640625
            ],
            [
              85.45481640625,
              27.727506640625
            ],
            [
              85.45481640625,
              27.727565234375
            ],
            [
              85.454845703125,
              27.727565234375
            ],
            [
              85.454845703125,
              27.727623828124997
            ],
            [
              85.454875,
              27.727623828124997
            ],
            [
              85.454875,
              27.727711718749998
            ],
            [
              85.454904296875,
              27.727711718749998
            ],
            [
              85.454904296875,
              27.727887499999998
            ],
            [
              85.45493359375,
              27.727887499999998
            ],
            [
              85.45493359375,
              27.728063281249998
            ],
            [
              85.454904296875,
              27.728063281249998
            ],
            [
              85.454904296875,
              27.728092578124997
            ],
            [
              85.454845703125,
              27.728092578124997
            ],
            [
              85.454845703125,
              27.728121875
            ],
            [
              85.45458203125,
              27.728121875
            ]
          ]
        ]
      },
      "properties": {
        "building_id": 87,
        "damage_tier": "no-damage",
        "confidence": 0.882
      }
    },
    {
      "type": "Feature",
      "geometry": {
        "type": "Polygon",
        "coordinates": [
          [
            [
              85.44520703125,
              27.728590625
            ],
            [
              85.44520703125,
              27.728561328125
            ],
            [
              85.44517773437501,
              27.728561328125
            ],
            [
              85.44517773437501,
              27.728532031249998
            ],
            [
              85.44514843750001,
              27.728532031249998
            ],
            [
              85.44514843750001,
              27.7284734375
            ],
            [
              85.445119140625,
              27.7284734375
            ],
            [
              85.445119140625,
              27.728444140624998
            ],
            [
              85.44508984375,
              27.728444140624998
            ],
            [
              85.44508984375,
              27.728385546875
            ],
            [
              85.445060546875,
              27.728385546875
            ],
            [
              85.445060546875,
              27.728356249999997
            ],
            [
              85.44503125,
              27.728356249999997
            ],
            [
              85.44503125,
              27.728326953125
            ],
            [
              85.445001953125,
              27.728326953125
            ],
            [
              85.445001953125,
              27.72829765625
            ],
            [
              85.4449140625,
              27.72829765625
            ],
            [
              85.4449140625,
              27.728209765625
            ],
            [
              85.444884765625,
              27.728209765625
            ],
            [
              85.444884765625,
              27.7280046875
            ],
            [
              85.44485546875,
              27.7280046875
            ],
            [
              85.44485546875,
              27.727858203125
            ],
            [
              85.44482617187501,
              27.727858203125
            ],
            [
              85.44482617187501,
              27.727653125
            ],
            [
              85.44479687500001,
              27.727653125
            ],
            [
              85.44479687500001,
              27.727535937499997
            ],
            [
              85.44482617187501,
              27.727535937499997
            ],
            [
              85.44482617187501,
              27.727448046874997
            ],
            [
              85.44485546875,
              27.727448046874997
            ],
            [
              85.44485546875,
              27.72741875
            ],
            [
              85.4449140625,
              27.72741875
            ],
            [
              85.4449140625,
              27.727448046874997
            ],
            [
              85.44497265625,
              27.727448046874997
            ],
            [
              85.44497265625,
              27.72747734375
            ],
            [
              85.445236328125,
              27.72747734375
            ],
            [
              85.445236328125,
              27.727506640625
            ],
            [
              85.44532421875,
              27.727506640625
            ],
            [
              85.44532421875,
              27.727535937499997
            ],
            [
              85.4453828125,
              27.727535937499997
            ],
            [
              85.4453828125,
              27.727565234375
            ],
            [
              85.44552929687501,
              27.727565234375
            ],
            [
              85.44552929687501,
              27.72759453125
            ],
            [
              85.445587890625,
              27.72759453125
            ],
            [
              85.445587890625,
              27.727565234375
            ],
            [
              85.445822265625,
              27.727565234375
            ],
            [
              85.445822265625,
              27.72759453125
            ],
            [
              85.44588085937501,
              27.72759453125
            ],
            [
              85.44588085937501,
              27.727623828124997
            ],
            [
              85.44591015625001,
              27.727623828124997
            ],
            [
              85.44591015625001,
              27.727653125
            ],
            [
              85.445939453125,
              27.727653125
            ],
            [
              85.445939453125,
              27.727682421875
            ],
            [
              85.44596875,
              27.727682421875
            ],
            [
              85.44596875,
              27.727711718749998
            ],
            [
              85.445998046875,
              27.727711718749998
            ],
            [
              85.445998046875,
              27.727741015625
            ],
            [
              85.44602734375,
              27.727741015625
            ],
            [
              85.44602734375,
              27.727799609374998
            ],
            [
              85.446056640625,
              27.727799609374998
            ],
            [
              85.446056640625,
              27.727887499999998
            ],
            [
              85.4460859375,
              27.727887499999998
            ],
            [
              85.4460859375,
              27.7280046875
            ],
            [
              85.446115234375,
              27.7280046875
            ],
            [
              85.446115234375,
              27.728063281249998
            ],
            [
              85.44614453125,
              27.728063281249998
            ],
            [
              85.44614453125,
              27.728092578124997
            ],
            [
              85.446173828125,
              27.728092578124997
            ],
            [
              85.446173828125,
              27.728151171875
            ],
            [
              85.446203125,
              27.728151171875
            ],
            [
              85.446203125,
              27.728180468749997
            ],
            [
              85.44623242187501,
              27.728180468749997
            ],
            [
              85.44623242187501,
              27.728209765625
            ],
            [
              85.446203125,
              27.728209765625
            ],
            [
              85.446203125,
              27.72829765625
            ],
            [
              85.446173828125,
              27.72829765625
            ],
            [
              85.446173828125,
              27.728326953125
            ],
            [
              85.446115234375,
              27.728326953125
            ],
            [
              85.446115234375,
              27.728356249999997
            ],
            [
              85.446056640625,
              27.728356249999997
            ],
            [
              85.446056640625,
              27.728385546875
            ],
            [
              85.445998046875,
              27.728385546875
            ],
            [
              85.445998046875,
              27.72841484375
            ],
            [
              85.445939453125,
              27.72841484375
            ],
            [
              85.445939453125,
              27.728444140624998
            ],
            [
              85.4458515625,
              27.728444140624998
            ],
            [
              85.4458515625,
              27.7284734375
            ],
            [
              85.4456171875,
              27.7284734375
            ],
            [
              85.4456171875,
              27.728444140624998
            ],
            [
              85.44555859375001,
              27.728444140624998
            ],
            [
              85.44555859375001,
              27.72841484375
            ],
            [
              85.44552929687501,
              27.72841484375
            ],
            [
              85.44552929687501,
              27.7284734375
            ],
            [
              85.44550000000001,
              27.7284734375
            ],
            [
              85.44550000000001,
              27.728532031249998
            ],
            [
              85.44544140625,
              27.728532031249998
            ],
            [
              85.44544140625,
              27.728561328125
            ],
            [
              85.445353515625,
              27.728561328125
            ],
            [
              85.445353515625,
              27.728590625
            ],
            [
              85.44520703125,
              27.728590625
            ]
          ],
          [
            [
              85.445412109375,
              27.728180468749997
            ],
            [
              85.44544140625,
              27.728180468749997
            ],
            [
              85.44544140625,
              27.728151171875
            ],
            [
              85.445470703125,
              27.728151171875
            ],
            [
              85.445470703125,
              27.727975390624998
            ],
            [
              85.44544140625,
              27.727975390624998
            ],
            [
              85.44544140625,
              27.72794609375
            ],
            [
              85.4453828125,
              27.72794609375
            ],
            [
              85.4453828125,
              27.727975390624998
            ],
            [
              85.445353515625,
              27.727975390624998
            ],
            [
              85.445353515625,
              27.7280046875
            ],
            [
              85.44532421875,
              27.7280046875
            ],
            [
              85.44532421875,
              27.728092578124997
            ],
            [
              85.445353515625,
              27.728092578124997
            ],
            [
              85.445353515625,
              27.728121875
            ],
            [
              85.4453828125,
              27.728121875
            ],
            [
              85.4453828125,
              27.728151171875
            ],
            [
              85.445412109375,
              27.728151171875
            ],
            [
              85.445412109375,
              27.728180468749997
            ]
          ],
          [
            [
              85.44550000000001,
              27.727741015625
            ],
            [
              85.445587890625,
              27.727741015625
            ],
            [
              85.445587890625,
              27.727653125
            ],
            [
              85.44550000000001,
              27.727653125
            ],
            [
              85.44550000000001,
              27.727682421875
            ],
            [
              85.445470703125,
              27.727682421875
            ],
            [
              85.445470703125,
              27.727711718749998
            ],
            [
              85.44550000000001,
              27.727711718749998
            ],
            [
              85.44550000000001,
              27.727741015625
            ]
          ]
        ]
      },
      "properties": {
        "building_id": 88,
        "damage_tier": "destroyed",
        "confidence": 0.429
      }
    },
    {
      "type": "Feature",
      "geometry": {
        "type": "Polygon",
        "coordinates": [
          [
            [
              85.45320507812501,
              27.727535937499997
            ],
            [
              85.45320507812501,
              27.72747734375
            ],
            [
              85.45323437500001,
              27.72747734375
            ],
            [
              85.45323437500001,
              27.727448046874997
            ],
            [
              85.453263671875,
              27.727448046874997
            ],
            [
              85.453263671875,
              27.72741875
            ],
            [
              85.45329296875,
              27.72741875
            ],
            [
              85.45329296875,
              27.727389453125
            ],
            [
              85.453322265625,
              27.727389453125
            ],
            [
              85.453322265625,
              27.727360156249997
            ],
            [
              85.453380859375,
              27.727360156249997
            ],
            [
              85.453380859375,
              27.727330859374998
            ],
            [
              85.45358593750001,
              27.727330859374998
            ],
            [
              85.45358593750001,
              27.727360156249997
            ],
            [
              85.45361523437501,
              27.727360156249997
            ],
            [
              85.45361523437501,
              27.727389453125
            ],
            [
              85.45352734375,
              27.727389453125
            ],
            [
              85.45352734375,
              27.72741875
            ],
            [
              85.45346875,
              27.72741875
            ],
            [
              85.45346875,
              27.727448046874997
            ],
            [
              85.453439453125,
              27.727448046874997
            ],
            [
              85.453439453125,
              27.72747734375
            ],
            [
              85.45341015625,
              27.72747734375
            ],
            [
              85.45341015625,
              27.727506640625
            ],
            [
              85.4533515625,
              27.727506640625
            ],
            [
              85.4533515625,
              27.727535937499997
            ],
            [
              85.45320507812501,
              27.727535937499997
            ]
          ]
        ]
      },
      "properties": {
        "building_id": 89,
        "damage_tier": "no-damage",
        "confidence": 0.902
      }
    },
    {
      "type": "Feature",
      "geometry": {
        "type": "Polygon",
        "coordinates": [
          [
            [
              85.44259960937501,
              27.727389453125
            ],
            [
              85.44259960937501,
              27.727360156249997
            ],
            [
              85.4425703125,
              27.727360156249997
            ],
            [
              85.4425703125,
              27.727330859374998
            ],
            [
              85.442775390625,
              27.727330859374998
            ],
            [
              85.442775390625,
              27.727389453125
            ],
            [
              85.44259960937501,
              27.727389453125
            ]
          ]
        ]
      },
      "properties": {
        "building_id": 90,
        "damage_tier": "destroyed",
        "confidence": 0.519
      }
    },
    {
      "type": "Feature",
      "geometry": {
        "type": "Polygon",
        "coordinates": [
          [
            [
              85.446583984375,
              27.72741875
            ],
            [
              85.446583984375,
              27.727389453125
            ],
            [
              85.4465546875,
              27.727389453125
            ],
            [
              85.4465546875,
              27.7273015625
            ],
            [
              85.446583984375,
              27.7273015625
            ],
            [
              85.446583984375,
              27.727272265625
            ],
            [
              85.44661328125001,
              27.727272265625
            ],
            [
              85.44661328125001,
              27.727330859374998
            ],
            [
              85.44664257812501,
              27.727330859374998
            ],
            [
              85.44664257812501,
              27.727389453125
            ],
            [
              85.44661328125001,
              27.727389453125
            ],
            [
              85.44661328125001,
              27.72741875
            ],
            [
              85.446583984375,
              27.72741875
            ]
          ]
        ]
      },
      "properties": {
        "building_id": 91,
        "damage_tier": "destroyed",
        "confidence": 0.446
      }
    },
    {
      "type": "Feature",
      "geometry": {
        "type": "Polygon",
        "coordinates": [
          [
            [
              85.455724609375,
              27.7282390625
            ],
            [
              85.455724609375,
              27.728209765625
            ],
            [
              85.4556953125,
              27.728209765625
            ],
            [
              85.4556953125,
              27.728180468749997
            ],
            [
              85.45563671875,
              27.728180468749997
            ],
            [
              85.45563671875,
              27.728151171875
            ],
            [
              85.455607421875,
              27.728151171875
            ],
            [
              85.455607421875,
              27.728092578124997
            ],
            [
              85.455578125,
              27.728092578124997
            ],
            [
              85.455578125,
              27.727975390624998
            ],
            [
              85.455607421875,
              27.727975390624998
            ],
            [
              85.455607421875,
              27.727916796875
            ],
            [
              85.455578125,
              27.727916796875
            ],
            [
              85.455578125,
              27.72782890625
            ],
            [
              85.455548828125,
              27.72782890625
            ],
            [
              85.455548828125,
              27.727623828124997
            ],
            [
              85.45551953125,
              27.727623828124997
            ],
            [
              85.45551953125,
              27.72759453125
            ],
            [
              85.455490234375,
              27.72759453125
            ],
            [
              85.455490234375,
              27.727623828124997
            ],
            [
              85.4554609375,
              27.727623828124997
            ],
            [
              85.4554609375,
              27.727682421875
            ],
            [
              85.45543164062501,
              27.727682421875
            ],
            [
              85.45543164062501,
              27.727887499999998
            ],
            [
              85.45540234375001,
              27.727887499999998
            ],
            [
              85.45540234375001,
              27.727916796875
            ],
            [
              85.45528515625,
              27.727916796875
            ],
            [
              85.45528515625,
              27.727741015625
            ],
            [
              85.455314453125,
              27.727741015625
            ],
            [
              85.455314453125,
              27.727682421875
            ],
            [
              85.45534375,
              27.727682421875
            ],
            [
              85.45534375,
              27.727565234375
            ],
            [
              85.455373046875,
              27.727565234375
            ],
            [
              85.455373046875,
              27.727535937499997
            ],
            [
              85.45540234375001,
              27.727535937499997
            ],
            [
              85.45540234375001,
              27.727506640625
            ],
            [
              85.45543164062501,
              27.727506640625
            ],
            [
              85.45543164062501,
              27.727448046874997
            ],
            [
              85.45540234375001,
              27.727448046874997
            ],
            [
              85.45540234375001,
              27.727360156249997
            ],
            [
              85.45543164062501,
              27.727360156249997
            ],
            [
              85.45543164062501,
              27.7273015625
            ],
            [
              85.4554609375,
              27.7273015625
            ],
            [
              85.4554609375,
              27.727242968749998
            ],
            [
              85.455490234375,
              27.727242968749998
            ],
            [
              85.455490234375,
              27.727213671875
            ],
            [
              85.455548828125,
              27.727213671875
            ],
            [
              85.455548828125,
              27.727242968749998
            ],
            [
              85.455578125,
              27.727242968749998
            ],
            [
              85.455578125,
              27.727272265625
            ],
            [
              85.455607421875,
              27.727272265625
            ],
            [
              85.455607421875,
              27.7273015625
            ],
            [
              85.45563671875,
              27.7273015625
            ],
            [
              85.45563671875,
              27.727330859374998
            ],
            [
              85.455666015625,
              27.727330859374998
            ],
            [
              85.455666015625,
              27.727389453125
            ],
            [
              85.4556953125,
              27.727389453125
            ],
            [
              85.4556953125,
              27.72747734375
            ],
            [
              85.455724609375,
              27.72747734375
            ],
            [
              85.455724609375,
              27.727565234375
            ],
            [
              85.45575390625001,
              27.727565234375
            ],
            [
              85.45575390625001,
              27.72759453125
            ],
            [
              85.45578320312501,
              27.72759453125
            ],
            [
              85.45578320312501,
              27.727682421875
            ],
            [
              85.45581250000001,
              27.727682421875
            ],
            [
              85.45581250000001,
              27.7277703125
            ],
            [
              85.45578320312501,
              27.7277703125
            ],
            [
              85.45578320312501,
              27.727887499999998
            ],
            [
              85.45575390625001,
              27.727887499999998
            ],
            [
              85.45575390625001,
              27.727916796875
            ],
            [
              85.455724609375,
              27.727916796875
            ],
            [
              85.455724609375,
              27.728063281249998
            ],
            [
              85.45575390625001,
              27.728063281249998
            ],
            [
              85.45575390625001,
              27.7282390625
            ],
            [
              85.455724609375,
              27.7282390625
            ]
          ]
        ]
      },
      "properties": {
        "building_id": 92,
        "damage_tier": "no-damage",
        "confidence": 0.882
      }
    },
    {
      "type": "Feature",
      "geometry": {
        "type": "Polygon",
        "coordinates": [
          [
            [
              85.43993359375,
              27.727975390624998
            ],
            [
              85.43993359375,
              27.72794609375
            ],
            [
              85.439904296875,
              27.72794609375
            ],
            [
              85.439904296875,
              27.727916796875
            ],
            [
              85.439875,
              27.727916796875
            ],
            [
              85.439875,
              27.727887499999998
            ],
            [
              85.43981640625,
              27.727887499999998
            ],
            [
              85.43981640625,
              27.727858203125
            ],
            [
              85.439787109375,
              27.727858203125
            ],
            [
              85.439787109375,
              27.727799609374998
            ],
            [
              85.4397578125,
              27.727799609374998
            ],
            [
              85.4397578125,
              27.727741015625
            ],
            [
              85.439728515625,
              27.727741015625
            ],
            [
              85.439728515625,
              27.727653125
            ],
            [
              85.43969921875001,
              27.727653125
            ],
            [
              85.43969921875001,
              27.727565234375
            ],
            [
              85.439728515625,
              27.727565234375
            ],
            [
              85.439728515625,
              27.727506640625
            ],
            [
              85.4397578125,
              27.727506640625
            ],
            [
              85.4397578125,
              27.72747734375
            ],
            [
              85.439787109375,
              27.72747734375
            ],
            [
              85.439787109375,
              27.727389453125
            ],
            [
              85.43981640625,
              27.727389453125
            ],
            [
              85.43981640625,
              27.727330859374998
            ],
            [
              85.439845703125,
              27.727330859374998
            ],
            [
              85.439845703125,
              27.7273015625
            ],
            [
              85.439875,
              27.7273015625
            ],
            [
              85.439875,
              27.727242968749998
            ],
            [
              85.43993359375,
              27.727242968749998
            ],
            [
              85.43993359375,
              27.727213671875
            ],
            [
              85.44005078125001,
              27.727213671875
            ],
            [
              85.44005078125001,
              27.727184375
            ],
            [
              85.44016796875,
              27.727184375
            ],
            [
              85.44016796875,
              27.727213671875
            ],
            [
              85.440197265625,
              27.727213671875
            ],
            [
              85.440197265625,
              27.727242968749998
            ],
            [
              85.4402265625,
              27.727242968749998
            ],
            [
              85.4402265625,
              27.727272265625
            ],
            [
              85.440255859375,
              27.727272265625
            ],
            [
              85.440255859375,
              27.7273015625
            ],
            [
              85.44028515625,
              27.7273015625
            ],
            [
              85.44028515625,
              27.727330859374998
            ],
            [
              85.440314453125,
              27.727330859374998
            ],
            [
              85.440314453125,
              27.727389453125
            ],
            [
              85.44034375,
              27.727389453125
            ],
            [
              85.44034375,
              27.727448046874997
            ],
            [
              85.440373046875,
              27.727448046874997
            ],
            [
              85.440373046875,
              27.727535937499997
            ],
            [
              85.44040234375001,
              27.727535937499997
            ],
            [
              85.44040234375001,
              27.727653125
            ],
            [
              85.44043164062501,
              27.727653125
            ],
            [
              85.44043164062501,
              27.727711718749998
            ],
            [
              85.44040234375001,
              27.727711718749998
            ],
            [
              85.44040234375001,
              27.727741015625
            ],
            [
              85.440255859375,
              27.727741015625
            ],
            [
              85.440255859375,
              27.7277703125
            ],
            [
              85.4402265625,
              27.7277703125
            ],
            [
              85.4402265625,
              27.727799609374998
            ],
            [
              85.440197265625,
              27.727799609374998
            ],
            [
              85.440197265625,
              27.72782890625
            ],
            [
              85.44016796875,
              27.72782890625
            ],
            [
              85.44016796875,
              27.727858203125
            ],
            [
              85.440138671875,
              27.727858203125
            ],
            [
              85.440138671875,
              27.727887499999998
            ],
            [
              85.440109375,
              27.727887499999998
            ],
            [
              85.440109375,
              27.727916796875
            ],
            [
              85.440080078125,
              27.727916796875
            ],
            [
              85.440080078125,
              27.72794609375
            ],
            [
              85.4399921875,
              27.72794609375
            ],
            [
              85.4399921875,
              27.727975390624998
            ],
            [
              85.43993359375,
              27.727975390624998
            ]
          ]
        ]
      },
      "properties": {
        "building_id": 93,
        "damage_tier": "no-damage",
        "confidence": 0.544
      }
    },
    {
      "type": "Feature",
      "geometry": {
        "type": "Polygon",
        "coordinates": [
          [
            [
              85.4540546875,
              27.727623828124997
            ],
            [
              85.4540546875,
              27.72759453125
            ],
            [
              85.454025390625,
              27.72759453125
            ],
            [
              85.454025390625,
              27.727565234375
            ],
            [
              85.45399609375,
              27.727565234375
            ],
            [
              85.45399609375,
              27.727535937499997
            ],
            [
              85.45396679687501,
              27.727535937499997
            ],
            [
              85.45396679687501,
              27.72747734375
            ],
            [
              85.45393750000001,
              27.72747734375
            ],
            [
              85.45393750000001,
              27.727330859374998
            ],
            [
              85.453908203125,
              27.727330859374998
            ],
            [
              85.453908203125,
              27.727272265625
            ],
            [
              85.45387890625,
              27.727272265625
            ],
            [
              85.45387890625,
              27.727242968749998
            ],
            [
              85.453849609375,
              27.727242968749998
            ],
            [
              85.453849609375,
              27.727213671875
            ],
            [
              85.45387890625,
              27.727213671875
            ],
            [
              85.45387890625,
              27.727184375
            ],
            [
              85.453908203125,
              27.727184375
            ],
            [
              85.453908203125,
              27.72712578125
            ],
            [
              85.45393750000001,
              27.72712578125
            ],
            [
              85.45393750000001,
              27.727096484375
            ],
            [
              85.454025390625,
              27.727096484375
            ],
            [
              85.454025390625,
              27.727067187499998
            ],
            [
              85.454201171875,
              27.727067187499998
            ],
            [
              85.454201171875,
              27.727096484375
            ],
            [
              85.45440625,
              27.727096484375
            ],
            [
              85.45440625,
              27.72712578125
            ],
            [
              85.454435546875,
              27.72712578125
            ],
            [
              85.454435546875,
              27.727213671875
            ],
            [
              85.45440625,
              27.727213671875
            ],
            [
              85.45440625,
              27.727360156249997
            ],
            [
              85.454435546875,
              27.727360156249997
            ],
            [
              85.454435546875,
              27.727389453125
            ],
            [
              85.45440625,
              27.727389453125
            ],
            [
              85.45440625,
              27.727565234375
            ],
            [
              85.454376953125,
              27.727565234375
            ],
            [
              85.454376953125,
              27.72759453125
            ],
            [
              85.45434765625001,
              27.72759453125
            ],
            [
              85.45434765625001,
              27.727623828124997
            ],
            [
              85.4540546875,
              27.727623828124997
            ]
          ]
        ]
      },
      "properties": {
        "building_id": 94,
        "damage_tier": "no-damage",
        "confidence": 0.872
      }
    },
    {
      "type": "Feature",
      "geometry": {
        "type": "Polygon",
        "coordinates": [
          [
            [
              85.464015625,
              27.7273015625
            ],
            [
              85.464015625,
              27.727272265625
            ],
            [
              85.463927734375,
              27.727272265625
            ],
            [
              85.463927734375,
              27.727184375
            ],
            [
              85.46395703125,
              27.727184375
            ],
            [
              85.46395703125,
              27.727155078124998
            ],
            [
              85.463986328125,
              27.727155078124998
            ],
            [
              85.463986328125,
              27.72712578125
            ],
            [
              85.464044921875,
              27.72712578125
            ],
            [
              85.464044921875,
              27.727067187499998
            ],
            [
              85.46407421875,
              27.727067187499998
            ],
            [
              85.46407421875,
              27.72700859375
            ],
            [
              85.4641328125,
              27.72700859375
            ],
            [
              85.4641328125,
              27.726979296874998
            ],
            [
              85.46425,
              27.726979296874998
            ],
            [
              85.46425,
              27.72700859375
            ],
            [
              85.464279296875,
              27.72700859375
            ],
            [
              85.464279296875,
              27.727037890625
            ],
            [
              85.46430859375,
              27.727037890625
            ],
            [
              85.46430859375,
              27.727096484375
            ],
            [
              85.464337890625,
              27.727096484375
            ],
            [
              85.464337890625,
              27.727155078124998
            ],
            [
              85.46430859375,
              27.727155078124998
            ],
            [
              85.46430859375,
              27.727242968749998
            ],
            [
              85.464279296875,
              27.727242968749998
            ],
            [
              85.464279296875,
              27.727272265625
            ],
            [
              85.46425,
              27.727272265625
            ],
            [
              85.46425,
              27.7273015625
            ],
            [
              85.464015625,
              27.7273015625
            ]
          ]
        ]
      },
      "properties": {
        "building_id": 95,
        "damage_tier": "no-damage",
        "confidence": 0.511
      }
    },
    {
      "type": "Feature",
      "geometry": {
        "type": "Polygon",
        "coordinates": [
          [
            [
              85.44169140625,
              27.7280046875
            ],
            [
              85.44169140625,
              27.727887499999998
            ],
            [
              85.441662109375,
              27.727887499999998
            ],
            [
              85.441662109375,
              27.727682421875
            ],
            [
              85.4416328125,
              27.727682421875
            ],
            [
              85.4416328125,
              27.727653125
            ],
            [
              85.441603515625,
              27.727653125
            ],
            [
              85.441603515625,
              27.727623828124997
            ],
            [
              85.44157421875,
              27.727623828124997
            ],
            [
              85.44157421875,
              27.72759453125
            ],
            [
              85.44145703125,
              27.72759453125
            ],
            [
              85.44145703125,
              27.727623828124997
            ],
            [
              85.441193359375,
              27.727623828124997
            ],
            [
              85.441193359375,
              27.727535937499997
            ],
            [
              85.44116406250001,
              27.727535937499997
            ],
            [
              85.44116406250001,
              27.72747734375
            ],
            [
              85.44113476562501,
              27.72747734375
            ],
            [
              85.44113476562501,
              27.727448046874997
            ],
            [
              85.441076171875,
              27.727448046874997
            ],
            [
              85.441076171875,
              27.72741875
            ],
            [
              85.441017578125,
              27.72741875
            ],
            [
              85.441017578125,
              27.727389453125
            ],
            [
              85.440900390625,
              27.727389453125
            ],
            [
              85.440900390625,
              27.727360156249997
            ],
            [
              85.440841796875,
              27.727360156249997
            ],
            [
              85.440841796875,
              27.727330859374998
            ],
            [
              85.44078320312501,
              27.727330859374998
            ],
            [
              85.44078320312501,
              27.7273015625
            ],
            [
              85.440724609375,
              27.7273015625
            ],
            [
              85.440724609375,
              27.727272265625
            ],
            [
              85.44063671875,
              27.727272265625
            ],
            [
              85.44063671875,
              27.727242968749998
            ],
            [
              85.440607421875,
              27.727242968749998
            ],
            [
              85.440607421875,
              27.727184375
            ],
            [
              85.440578125,
              27.727184375
            ],
            [
              85.440578125,
              27.72712578125
            ],
            [
              85.440548828125,
              27.72712578125
            ],
            [
              85.440548828125,
              27.727067187499998
            ],
            [
              85.44051953125,
              27.727067187499998
            ],
            [
              85.44051953125,
              27.72700859375
            ],
            [
              85.440490234375,
              27.72700859375
            ],
            [
              85.440490234375,
              27.72695
            ],
            [
              85.4404609375,
              27.72695
            ],
            [
              85.4404609375,
              27.726920703125
            ],
            [
              85.44043164062501,
              27.726920703125
            ],
            [
              85.44043164062501,
              27.726891406249997
            ],
            [
              85.44034375,
              27.726891406249997
            ],
            [
              85.44034375,
              27.726920703125
            ],
            [
              85.440197265625,
              27.726920703125
            ],
            [
              85.440197265625,
              27.72695
            ],
            [
              85.440138671875,
              27.72695
            ],
            [
              85.440138671875,
              27.726920703125
            ],
            [
              85.44005078125001,
              27.726920703125
            ],
            [
              85.44005078125001,
              27.726891406249997
            ],
            [
              85.44002148437501,
              27.726891406249997
            ],
            [
              85.44002148437501,
              27.726862109375
            ],
            [
              85.44005078125001,
              27.726862109375
            ],
            [
              85.44005078125001,
              27.7268328125
            ],
            [
              85.440080078125,
              27.7268328125
            ],
            [
              85.440080078125,
              27.726803515624997
            ],
            [
              85.440138671875,
              27.726803515624997
            ],
            [
              85.440138671875,
              27.72677421875
            ],
            [
              85.44016796875,
              27.72677421875
            ],
            [
              85.44016796875,
              27.726744921875
            ],
            [
              85.440197265625,
              27.726744921875
            ],
            [
              85.440197265625,
              27.726715624999997
            ],
            [
              85.440255859375,
              27.726715624999997
            ],
            [
              85.440255859375,
              27.726686328125
            ],
            [
              85.44028515625,
              27.726686328125
            ],
            [
              85.44028515625,
              27.72665703125
            ],
            [
              85.440314453125,
              27.72665703125
            ],
            [
              85.440314453125,
              27.726627734374997
            ],
            [
              85.440373046875,
              27.726627734374997
            ],
            [
              85.440373046875,
              27.726598437499998
            ],
            [
              85.44051953125,
              27.726598437499998
            ],
            [
              85.44051953125,
              27.726627734374997
            ],
            [
              85.440548828125,
              27.726627734374997
            ],
            [
              85.440548828125,
              27.726715624999997
            ],
            [
              85.440578125,
              27.726715624999997
            ],
            [
              85.440578125,
              27.726744921875
            ],
            [
              85.440724609375,
              27.726744921875
            ],
            [
              85.440724609375,
              27.726715624999997
            ],
            [
              85.44078320312501,
              27.726715624999997
            ],
            [
              85.44078320312501,
              27.726686328125
            ],
            [
              85.440841796875,
              27.726686328125
            ],
            [
              85.440841796875,
              27.72665703125
            ],
            [
              85.440900390625,
              27.72665703125
            ],
            [
              85.440900390625,
              27.726627734374997
            ],
            [
              85.440958984375,
              27.726627734374997
            ],
            [
              85.440958984375,
              27.726598437499998
            ],
            [
              85.44098828125,
              27.726598437499998
            ],
            [
              85.44098828125,
              27.726569140625
            ],
            [
              85.44110546875,
              27.726569140625
            ],
            [
              85.44110546875,
              27.726598437499998
            ],
            [
              85.44116406250001,
              27.726598437499998
            ],
            [
              85.44116406250001,
              27.726627734374997
            ],
            [
              85.44128125,
              27.726627734374997
            ],
            [
              85.44128125,
              27.72665703125
            ],
            [
              85.441427734375,
              27.72665703125
            ],
            [
              85.441427734375,
              27.726686328125
            ],
            [
              85.44151562500001,
              27.726686328125
            ],
            [
              85.44151562500001,
              27.726715624999997
            ],
            [
              85.441603515625,
              27.726715624999997
            ],
            [
              85.441603515625,
              27.726744921875
            ],
            [
              85.441662109375,
              27.726744921875
            ],
            [
              85.441662109375,
              27.72677421875
            ],
            [
              85.44192578125,
              27.72677421875
            ],
            [
              85.44192578125,
              27.726803515624997
            ],
            [
              85.441984375,
              27.726803515624997
            ],
            [
              85.441984375,
              27.7268328125
            ],
            [
              85.44204296875,
              27.7268328125
            ],
            [
              85.44204296875,
              27.726862109375
            ],
            [
              85.442072265625,
              27.726862109375
            ],
            [
              85.442072265625,
              27.726891406249997
            ],
            [
              85.442130859375,
              27.726891406249997
            ],
            [
              85.442130859375,
              27.726920703125
            ],
            [
              85.442189453125,
              27.726920703125
            ],
            [
              85.442189453125,
              27.72695
            ],
            [
              85.44224804687501,
              27.72695
            ],
            [
              85.44224804687501,
              27.726979296874998
            ],
            [
              85.442306640625,
              27.726979296874998
            ],
            [
              85.442306640625,
              27.727037890625
            ],
            [
              85.44227734375,
              27.727037890625
            ],
            [
              85.44227734375,
              27.727067187499998
            ],
            [
              85.44221875000001,
              27.727067187499998
            ],
            [
              85.44221875000001,
              27.72712578125
            ],
            [
              85.44216015625,
              27.72712578125
            ],
            [
              85.44216015625,
              27.727155078124998
            ],
            [
              85.442130859375,
              27.727155078124998
            ],
            [
              85.442130859375,
              27.727184375
            ],
            [
              85.442072265625,
              27.727184375
            ],
            [
              85.442072265625,
              27.727242968749998
            ],
            [
              85.44204296875,
              27.727242968749998
            ],
            [
              85.44204296875,
              27.727272265625
            ],
            [
              85.442013671875,
              27.727272265625
            ],
            [
              85.442013671875,
              27.7273015625
            ],
            [
              85.441984375,
              27.7273015625
            ],
            [
              85.441984375,
              27.727330859374998
            ],
            [
              85.441955078125,
              27.727330859374998
            ],
            [
              85.441955078125,
              27.72741875
            ],
            [
              85.441984375,
              27.72741875
            ],
            [
              85.441984375,
              27.727448046874997
            ],
            [
              85.4421015625,
              27.727448046874997
            ],
            [
              85.4421015625,
              27.72741875
            ],
            [
              85.442189453125,
              27.72741875
            ],
            [
              85.442189453125,
              27.727448046874997
            ],
            [
              85.44224804687501,
              27.727448046874997
            ],
            [
              85.44224804687501,
              27.72747734375
            ],
            [
              85.44227734375,
              27.72747734375
            ],
            [
              85.44227734375,
              27.727506640625
            ],
            [
              85.442306640625,
              27.727506640625
            ],
            [
              85.442306640625,
              27.727565234375
            ],
            [
              85.4423359375,
              27.727565234375
            ],
            [
              85.4423359375,
              27.727653125
            ],
            [
              85.442365234375,
              27.727653125
            ],
            [
              85.442365234375,
              27.7277703125
            ],
            [
              85.4423359375,
              27.7277703125
            ],
            [
              85.4423359375,
              27.727799609374998
            ],
            [
              85.442306640625,
              27.727799609374998
            ],
            [
              85.442306640625,
              27.72782890625
            ],
            [
              85.44227734375,
              27.72782890625
            ],
            [
              85.44227734375,
              27.727799609374998
            ],
            [
              85.44221875000001,
              27.727799609374998
            ],
            [
              85.44221875000001,
              27.7277703125
            ],
            [
              85.44216015625,
              27.7277703125
            ],
            [
              85.44216015625,
              27.727741015625
            ],
            [
              85.4421015625,
              27.727741015625
            ],
            [
              85.4421015625,
              27.727711718749998
            ],
            [
              85.442072265625,
              27.727711718749998
            ],
            [
              85.442072265625,
              27.727682421875
            ],
            [
              85.442013671875,
              27.727682421875
            ],
            [
              85.442013671875,
              27.727653125
            ],
            [
              85.441984375,
              27.727653125
            ],
            [
              85.441984375,
              27.727623828124997
            ],
            [
              85.441955078125,
              27.727623828124997
            ],
            [
              85.441955078125,
              27.72759453125
            ],
            [
              85.44189648437501,
              27.72759453125
            ],
            [
              85.44189648437501,
              27.727623828124997
            ],
            [
              85.44186718750001,
              27.727623828124997
            ],
            [
              85.44186718750001,
              27.727682421875
            ],
            [
              85.441837890625,
              27.727682421875
            ],
            [
              85.441837890625,
              27.727975390624998
            ],
            [
              85.44180859375,
              27.727975390624998
            ],
            [
              85.44180859375,
              27.7280046875
            ],
            [
              85.44169140625,
              27.7280046875
            ]
          ]
        ]
      },
      "properties": {
        "building_id": 96,
        "damage_tier": "destroyed",
        "confidence": 0.705
      }
    },
    {
      "type": "Feature",
      "geometry": {
        "type": "Polygon",
        "coordinates": [
          [
            [
              85.43946484375,
              27.7263640625
            ],
            [
              85.43946484375,
              27.726334765624998
            ],
            [
              85.43940625,
              27.726334765624998
            ],
            [
              85.43940625,
              27.726246874999998
            ],
            [
              85.439435546875,
              27.726246874999998
            ],
            [
              85.439435546875,
              27.726217578125
            ],
            [
              85.43946484375,
              27.726217578125
            ],
            [
              85.43946484375,
              27.72618828125
            ],
            [
              85.439494140625,
              27.72618828125
            ],
            [
              85.439494140625,
              27.726217578125
            ],
            [
              85.439552734375,
              27.726217578125
            ],
            [
              85.439552734375,
              27.726246874999998
            ],
            [
              85.43958203125,
              27.726246874999998
            ],
            [
              85.43958203125,
              27.726334765624998
            ],
            [
              85.439494140625,
              27.726334765624998
            ],
            [
              85.439494140625,
              27.7263640625
            ],
            [
              85.43946484375,
              27.7263640625
            ]
          ]
        ]
      },
      "properties": {
        "building_id": 97,
        "damage_tier": "destroyed",
        "confidence": 0.597
      }
    },
    {
      "type": "Feature",
      "geometry": {
        "type": "Polygon",
        "coordinates": [
          [
            [
              85.462638671875,
              27.726071093749997
            ],
            [
              85.462638671875,
              27.726041796875
            ],
            [
              85.46266796875,
              27.726041796875
            ],
            [
              85.46266796875,
              27.726071093749997
            ],
            [
              85.462638671875,
              27.726071093749997
            ]
          ]
        ]
      },
      "properties": {
        "building_id": 98,
        "damage_tier": "no-damage",
        "confidence": 0.777
      }
    },
    {
      "type": "Feature",
      "geometry": {
        "type": "Polygon",
        "coordinates": [
          [
            [
              85.44623242187501,
              27.727272265625
            ],
            [
              85.44623242187501,
              27.727242968749998
            ],
            [
              85.44614453125,
              27.727242968749998
            ],
            [
              85.44614453125,
              27.727213671875
            ],
            [
              85.446115234375,
              27.727213671875
            ],
            [
              85.446115234375,
              27.727155078124998
            ],
            [
              85.4460859375,
              27.727155078124998
            ],
            [
              85.4460859375,
              27.727067187499998
            ],
            [
              85.446056640625,
              27.727067187499998
            ],
            [
              85.446056640625,
              27.72695
            ],
            [
              85.44602734375,
              27.72695
            ],
            [
              85.44602734375,
              27.726862109375
            ],
            [
              85.446056640625,
              27.726862109375
            ],
            [
              85.446056640625,
              27.726803515624997
            ],
            [
              85.4460859375,
              27.726803515624997
            ],
            [
              85.4460859375,
              27.726744921875
            ],
            [
              85.446115234375,
              27.726744921875
            ],
            [
              85.446115234375,
              27.726715624999997
            ],
            [
              85.446173828125,
              27.726715624999997
            ],
            [
              85.446173828125,
              27.72665703125
            ],
            [
              85.446203125,
              27.72665703125
            ],
            [
              85.446203125,
              27.726598437499998
            ],
            [
              85.44623242187501,
              27.726598437499998
            ],
            [
              85.44623242187501,
              27.726393359375
            ],
            [
              85.446203125,
              27.726393359375
            ],
            [
              85.446203125,
              27.726334765624998
            ],
            [
              85.446173828125,
              27.726334765624998
            ],
            [
              85.446173828125,
              27.726246874999998
            ],
            [
              85.446203125,
              27.726246874999998
            ],
            [
              85.446203125,
              27.726217578125
            ],
            [
              85.4463203125,
              27.726217578125
            ],
            [
              85.4463203125,
              27.72618828125
            ],
            [
              85.44637890625,
              27.72618828125
            ],
            [
              85.44637890625,
              27.726158984374997
            ],
            [
              85.446701171875,
              27.726158984374997
            ],
            [
              85.446701171875,
              27.7261296875
            ],
            [
              85.4467890625,
              27.7261296875
            ],
            [
              85.4467890625,
              27.726100390625
            ],
            [
              85.44702343750001,
              27.726100390625
            ],
            [
              85.44702343750001,
              27.7261296875
            ],
            [
              85.44708203125,
              27.7261296875
            ],
            [
              85.44708203125,
              27.726100390625
            ],
            [
              85.447140625,
              27.726100390625
            ],
            [
              85.447140625,
              27.726071093749997
            ],
            [
              85.447169921875,
              27.726071093749997
            ],
            [
              85.447169921875,
              27.7260125
            ],
            [
              85.44719921875,
              27.7260125
            ],
            [
              85.44719921875,
              27.72595390625
            ],
            [
              85.447228515625,
              27.72595390625
            ],
            [
              85.447228515625,
              27.725924609375
            ],
            [
              85.4472578125,
              27.725924609375
            ],
            [
              85.4472578125,
              27.72583671875
            ],
            [
              85.447287109375,
              27.72583671875
            ],
            [
              85.447287109375,
              27.725807421875
            ],
            [
              85.44731640625,
              27.725807421875
            ],
            [
              85.44731640625,
              27.725778124999998
            ],
            [
              85.44737500000001,
              27.725778124999998
            ],
            [
              85.44737500000001,
              27.725748828125
            ],
            [
              85.44743359375,
              27.725748828125
            ],
            [
              85.44743359375,
              27.72571953125
            ],
            [
              85.447638671875,
              27.72571953125
            ],
            [
              85.447638671875,
              27.725748828125
            ],
            [
              85.44766796875,
              27.725748828125
            ],
            [
              85.44766796875,
              27.725778124999998
            ],
            [
              85.44769726562501,
              27.725778124999998
            ],
            [
              85.44769726562501,
              27.725807421875
            ],
            [
              85.44772656250001,
              27.725807421875
            ],
            [
              85.44772656250001,
              27.72583671875
            ],
            [
              85.44775585937501,
              27.72583671875
            ],
            [
              85.44775585937501,
              27.725895312499997
            ],
            [
              85.44778515625,
              27.725895312499997
            ],
            [
              85.44778515625,
              27.726217578125
            ],
            [
              85.447814453125,
              27.726217578125
            ],
            [
              85.447814453125,
              27.7263640625
            ],
            [
              85.44784375,
              27.7263640625
            ],
            [
              85.44784375,
              27.726422656249998
            ],
            [
              85.447873046875,
              27.726422656249998
            ],
            [
              85.447873046875,
              27.72653984375
            ],
            [
              85.44778515625,
              27.72653984375
            ],
            [
              85.44778515625,
              27.726569140625
            ],
            [
              85.44766796875,
              27.726569140625
            ],
            [
              85.44766796875,
              27.726598437499998
            ],
            [
              85.447580078125,
              27.726598437499998
            ],
            [
              85.447580078125,
              27.726627734374997
            ],
            [
              85.4474921875,
              27.726627734374997
            ],
            [
              85.4474921875,
              27.72665703125
            ],
            [
              85.44719921875,
              27.72665703125
            ],
            [
              85.44719921875,
              27.726686328125
            ],
            [
              85.44708203125,
              27.726686328125
            ],
            [
              85.44708203125,
              27.726715624999997
            ],
            [
              85.44699414062501,
              27.726715624999997
            ],
            [
              85.44699414062501,
              27.72677421875
            ],
            [
              85.44696484375001,
              27.72677421875
            ],
            [
              85.44696484375001,
              27.726803515624997
            ],
            [
              85.44690625,
              27.726803515624997
            ],
            [
              85.44690625,
              27.7268328125
            ],
            [
              85.446876953125,
              27.7268328125
            ],
            [
              85.446876953125,
              27.726862109375
            ],
            [
              85.44684765625,
              27.726862109375
            ],
            [
              85.44684765625,
              27.726891406249997
            ],
            [
              85.4467890625,
              27.726891406249997
            ],
            [
              85.4467890625,
              27.726920703125
            ],
            [
              85.44673046875,
              27.726920703125
            ],
            [
              85.44673046875,
              27.72695
            ],
            [
              85.446671875,
              27.72695
            ],
            [
              85.446671875,
              27.726979296874998
            ],
            [
              85.44664257812501,
              27.726979296874998
            ],
            [
              85.44664257812501,
              27.727096484375
            ],
            [
              85.44661328125001,
              27.727096484375
            ],
            [
              85.44661328125001,
              27.727213671875
            ],
            [
              85.446466796875,
              27.727213671875
            ],
            [
              85.446466796875,
              27.727242968749998
            ],
            [
              85.446408203125,
              27.727242968749998
            ],
            [
              85.446408203125,
              27.727272265625
            ],
            [
              85.44623242187501,
              27.727272265625
            ]
          ],
          [
            [
              85.446935546875,
              27.726627734374997
            ],
            [
              85.44699414062501,
              27.726627734374997
            ],
            [
              85.44699414062501,
              27.726598437499998
            ],
            [
              85.44702343750001,
              27.726598437499998
            ],
            [
              85.44702343750001,
              27.726569140625
            ],
            [
              85.447052734375,
              27.726569140625
            ],
            [
              85.447052734375,
              27.72653984375
            ],
            [
              85.44708203125,
              27.72653984375
            ],
            [
              85.44708203125,
              27.726510546874998
            ],
            [
              85.447052734375,
              27.726510546874998
            ],
            [
              85.447052734375,
              27.72648125
            ],
            [
              85.44699414062501,
              27.72648125
            ],
            [
              85.44699414062501,
              27.726451953125
            ],
            [
              85.44690625,
              27.726451953125
            ],
            [
              85.44690625,
              27.72648125
            ],
            [
              85.446876953125,
              27.72648125
            ],
            [
              85.446876953125,
              27.726510546874998
            ],
            [
              85.44684765625,
              27.726510546874998
            ],
            [
              85.44684765625,
              27.726569140625
            ],
            [
              85.44690625,
              27.726569140625
            ],
            [
              85.44690625,
              27.726598437499998
            ],
            [
              85.446935546875,
              27.726598437499998
            ],
            [
              85.446935546875,
              27.726627734374997
            ]
          ]
        ]
      },
      "properties": {
        "building_id": 99,
        "damage_tier": "no-damage",
        "confidence": 0.503
      }
    },
    {
      "type": "Feature",
      "geometry": {
        "type": "Polygon",
        "coordinates": [
          [
            [
              85.465890625,
              27.725748828125
            ],
            [
              85.465890625,
              27.72571953125
            ],
            [
              85.465861328125,
              27.72571953125
            ],
            [
              85.465861328125,
              27.7256609375
            ],
            [
              85.465890625,
              27.7256609375
            ],
            [
              85.465890625,
              27.725602343749998
            ],
            [
              85.465861328125,
              27.725602343749998
            ],
            [
              85.465861328125,
              27.725573046875
            ],
            [
              85.46583203125,
              27.725573046875
            ],
            [
              85.46583203125,
              27.72554375
            ],
            [
              85.465802734375,
              27.72554375
            ],
            [
              85.465802734375,
              27.725514453124998
            ],
            [
              85.4657734375,
              27.725514453124998
            ],
            [
              85.4657734375,
              27.725455859375
            ],
            [
              85.465802734375,
              27.725455859375
            ],
            [
              85.465802734375,
              27.725397265625
            ],
            [
              85.46583203125,
              27.725397265625
            ],
            [
              85.46583203125,
              27.72536796875
            ],
            [
              85.465861328125,
              27.72536796875
            ],
            [
              85.465861328125,
              27.725397265625
            ],
            [
              85.465890625,
              27.725397265625
            ],
            [
              85.465890625,
              27.725455859375
            ],
            [
              85.465919921875,
              27.725455859375
            ],
            [
              85.465919921875,
              27.72548515625
            ],
            [
              85.46594921875,
              27.72548515625
            ],
            [
              85.46594921875,
              27.725602343749998
            ],
            [
              85.465978515625,
              27.725602343749998
            ],
            [
              85.465978515625,
              27.7256609375
            ],
            [
              85.46600781250001,
              27.7256609375
            ],
            [
              85.46600781250001,
              27.725748828125
            ],
            [
              85.465890625,
              27.725748828125
            ]
          ]
        ]
      },
      "properties": {
        "building_id": 100,
        "damage_tier": "no-damage",
        "confidence": 0.932
      }
    },
    {
      "type": "Feature",
      "geometry": {
        "type": "Polygon",
        "coordinates": [
          [
            [
              85.46196484375001,
              27.725866015624998
            ],
            [
              85.46196484375001,
              27.72583671875
            ],
            [
              85.46173046875,
              27.72583671875
            ],
            [
              85.46173046875,
              27.725748828125
            ],
            [
              85.461701171875,
              27.725748828125
            ],
            [
              85.461701171875,
              27.725690234374998
            ],
            [
              85.46167187500001,
              27.725690234374998
            ],
            [
              85.46167187500001,
              27.7256609375
            ],
            [
              85.46164257812501,
              27.7256609375
            ],
            [
              85.46164257812501,
              27.725631640625
            ],
            [
              85.461583984375,
              27.725631640625
            ],
            [
              85.461583984375,
              27.725602343749998
            ],
            [
              85.461525390625,
              27.725602343749998
            ],
            [
              85.461525390625,
              27.725573046875
            ],
            [
              85.461466796875,
              27.725573046875
            ],
            [
              85.461466796875,
              27.72554375
            ],
            [
              85.461408203125,
              27.72554375
            ],
            [
              85.461408203125,
              27.725514453124998
            ],
            [
              85.461349609375,
              27.725514453124998
            ],
            [
              85.461349609375,
              27.72548515625
            ],
            [
              85.4613203125,
              27.72548515625
            ],
            [
              85.4613203125,
              27.725455859375
            ],
            [
              85.46129101562501,
              27.725455859375
            ],
            [
              85.46129101562501,
              27.725397265625
            ],
            [
              85.46126171875001,
              27.725397265625
            ],
            [
              85.46126171875001,
              27.72536796875
            ],
            [
              85.46123242187501,
              27.72536796875
            ],
            [
              85.46123242187501,
              27.725338671874997
            ],
            [
              85.461203125,
              27.725338671874997
            ],
            [
              85.461203125,
              27.725280078125
            ],
            [
              85.461173828125,
              27.725280078125
            ],
            [
              85.461173828125,
              27.725221484375
            ],
            [
              85.461203125,
              27.725221484375
            ],
            [
              85.461203125,
              27.7251921875
            ],
            [
              85.46123242187501,
              27.7251921875
            ],
            [
              85.46123242187501,
              27.725133593749998
            ],
            [
              85.46126171875001,
              27.725133593749998
            ],
            [
              85.46126171875001,
              27.725104296875
            ],
            [
              85.461349609375,
              27.725104296875
            ],
            [
              85.461349609375,
              27.725074999999997
            ],
            [
              85.46167187500001,
              27.725074999999997
            ],
            [
              85.46167187500001,
              27.725133593749998
            ],
            [
              85.461701171875,
              27.725133593749998
            ],
            [
              85.461701171875,
              27.725162890624997
            ],
            [
              85.46173046875,
              27.725162890624997
            ],
            [
              85.46173046875,
              27.7251921875
            ],
            [
              85.461759765625,
              27.7251921875
            ],
            [
              85.461759765625,
              27.725250781249997
            ],
            [
              85.4617890625,
              27.725250781249997
            ],
            [
              85.4617890625,
              27.725280078125
            ],
            [
              85.46184765625,
              27.725280078125
            ],
            [
              85.46184765625,
              27.725309375
            ],
            [
              85.461935546875,
              27.725309375
            ],
            [
              85.461935546875,
              27.725338671874997
            ],
            [
              85.462052734375,
              27.725338671874997
            ],
            [
              85.462052734375,
              27.72536796875
            ],
            [
              85.462111328125,
              27.72536796875
            ],
            [
              85.462111328125,
              27.725397265625
            ],
            [
              85.462140625,
              27.725397265625
            ],
            [
              85.462140625,
              27.725426562499997
            ],
            [
              85.46219921875,
              27.725426562499997
            ],
            [
              85.46219921875,
              27.725455859375
            ],
            [
              85.462228515625,
              27.725455859375
            ],
            [
              85.462228515625,
              27.72548515625
            ],
            [
              85.4622578125,
              27.72548515625
            ],
            [
              85.4622578125,
              27.72554375
            ],
            [
              85.462287109375,
              27.72554375
            ],
            [
              85.462287109375,
              27.725573046875
            ],
            [
              85.46237500000001,
              27.725573046875
            ],
            [
              85.46237500000001,
              27.725602343749998
            ],
            [
              85.46243359375,
              27.725602343749998
            ],
            [
              85.46243359375,
              27.725631640625
            ],
            [
              85.462287109375,
              27.725631640625
            ],
            [
              85.462287109375,
              27.7256609375
            ],
            [
              85.46219921875,
              27.7256609375
            ],
            [
              85.46219921875,
              27.725690234374998
            ],
            [
              85.462169921875,
              27.725690234374998
            ],
            [
              85.462169921875,
              27.72571953125
            ],
            [
              85.462140625,
              27.72571953125
            ],
            [
              85.462140625,
              27.725778124999998
            ],
            [
              85.462111328125,
              27.725778124999998
            ],
            [
              85.462111328125,
              27.725807421875
            ],
            [
              85.46208203125,
              27.725807421875
            ],
            [
              85.46208203125,
              27.72583671875
            ],
            [
              85.462052734375,
              27.72583671875
            ],
            [
              85.462052734375,
              27.725866015624998
            ],
            [
              85.46196484375001,
              27.725866015624998
            ]
          ]
        ]
      },
      "properties": {
        "building_id": 101,
        "damage_tier": "no-damage",
        "confidence": 0.951
      }
    },
    {
      "type": "Feature",
      "geometry": {
        "type": "Polygon",
        "coordinates": [
          [
            [
              85.45399609375,
              27.725133593749998
            ],
            [
              85.45399609375,
              27.72501640625
            ],
            [
              85.454025390625,
              27.72501640625
            ],
            [
              85.454025390625,
              27.724987109375
            ],
            [
              85.454083984375,
              27.724987109375
            ],
            [
              85.454083984375,
              27.724957812499998
            ],
            [
              85.45411328125,
              27.724957812499998
            ],
            [
              85.45411328125,
              27.724987109375
            ],
            [
              85.454142578125,
              27.724987109375
            ],
            [
              85.454142578125,
              27.725104296875
            ],
            [
              85.454171875,
              27.725104296875
            ],
            [
              85.454171875,
              27.725133593749998
            ],
            [
              85.45399609375,
              27.725133593749998
            ]
          ]
        ]
      },
      "properties": {
        "building_id": 102,
        "damage_tier": "no-damage",
        "confidence": 0.94
      }
    },
    {
      "type": "Feature",
      "geometry": {
        "type": "Polygon",
        "coordinates": [
          [
            [
              85.458654296875,
              27.725250781249997
            ],
            [
              85.458654296875,
              27.7251921875
            ],
            [
              85.458625,
              27.7251921875
            ],
            [
              85.458625,
              27.725162890624997
            ],
            [
              85.458595703125,
              27.725162890624997
            ],
            [
              85.458595703125,
              27.725133593749998
            ],
            [
              85.45856640625,
              27.725133593749998
            ],
            [
              85.45856640625,
              27.725104296875
            ],
            [
              85.458595703125,
              27.725104296875
            ],
            [
              85.458595703125,
              27.72501640625
            ],
            [
              85.458654296875,
              27.72501640625
            ],
            [
              85.458654296875,
              27.724987109375
            ],
            [
              85.458771484375,
              27.724987109375
            ],
            [
              85.458771484375,
              27.724957812499998
            ],
            [
              85.45891796875,
              27.724957812499998
            ],
            [
              85.45891796875,
              27.724987109375
            ],
            [
              85.458947265625,
              27.724987109375
            ],
            [
              85.458947265625,
              27.725074999999997
            ],
            [
              85.4589765625,
              27.725074999999997
            ],
            [
              85.4589765625,
              27.7251921875
            ],
            [
              85.458947265625,
              27.7251921875
            ],
            [
              85.458947265625,
              27.725221484375
            ],
            [
              85.45891796875,
              27.725221484375
            ],
            [
              85.45891796875,
              27.725250781249997
            ],
            [
              85.458654296875,
              27.725250781249997
            ]
          ]
        ]
      },
      "properties": {
        "building_id": 103,
        "damage_tier": "no-damage",
        "confidence": 0.949
      }
    },
    {
      "type": "Feature",
      "geometry": {
        "type": "Polygon",
        "coordinates": [
          [
            [
              85.46190625,
              27.725074999999997
            ],
            [
              85.46190625,
              27.725045703124998
            ],
            [
              85.4617890625,
              27.725045703124998
            ],
            [
              85.4617890625,
              27.72501640625
            ],
            [
              85.46173046875,
              27.72501640625
            ],
            [
              85.46173046875,
              27.724987109375
            ],
            [
              85.461701171875,
              27.724987109375
            ],
            [
              85.461701171875,
              27.724957812499998
            ],
            [
              85.46164257812501,
              27.724957812499998
            ],
            [
              85.46164257812501,
              27.724928515625
            ],
            [
              85.46161328125001,
              27.724928515625
            ],
            [
              85.46161328125001,
              27.724869921874998
            ],
            [
              85.46167187500001,
              27.724869921874998
            ],
            [
              85.46167187500001,
              27.724840625
            ],
            [
              85.46190625,
              27.724840625
            ],
            [
              85.46190625,
              27.724811328125
            ],
            [
              85.462140625,
              27.724811328125
            ],
            [
              85.462140625,
              27.724782031249998
            ],
            [
              85.46219921875,
              27.724782031249998
            ],
            [
              85.46219921875,
              27.724811328125
            ],
            [
              85.462228515625,
              27.724811328125
            ],
            [
              85.462228515625,
              27.724869921874998
            ],
            [
              85.4622578125,
              27.724869921874998
            ],
            [
              85.4622578125,
              27.724957812499998
            ],
            [
              85.462228515625,
              27.724957812499998
            ],
            [
              85.462228515625,
              27.725045703124998
            ],
            [
              85.46219921875,
              27.725045703124998
            ],
            [
              85.46219921875,
              27.725074999999997
            ],
            [
              85.46190625,
              27.725074999999997
            ]
          ]
        ]
      },
      "properties": {
        "building_id": 104,
        "damage_tier": "no-damage",
        "confidence": 0.962
      }
    },
    {
      "type": "Feature",
      "geometry": {
        "type": "Polygon",
        "coordinates": [
          [
            [
              85.463986328125,
              27.725631640625
            ],
            [
              85.463986328125,
              27.725602343749998
            ],
            [
              85.4638984375,
              27.725602343749998
            ],
            [
              85.4638984375,
              27.725573046875
            ],
            [
              85.46383984375001,
              27.725573046875
            ],
            [
              85.46383984375001,
              27.72554375
            ],
            [
              85.46378125,
              27.72554375
            ],
            [
              85.46378125,
              27.725514453124998
            ],
            [
              85.463751953125,
              27.725514453124998
            ],
            [
              85.463751953125,
              27.725162890624997
            ],
            [
              85.46378125,
              27.725162890624997
            ],
            [
              85.46378125,
              27.725045703124998
            ],
            [
              85.46381054687501,
              27.725045703124998
            ],
            [
              85.46381054687501,
              27.724987109375
            ],
            [
              85.46378125,
              27.724987109375
            ],
            [
              85.46378125,
              27.724840625
            ],
            [
              85.46381054687501,
              27.724840625
            ],
            [
              85.46381054687501,
              27.724782031249998
            ],
            [
              85.46383984375001,
              27.724782031249998
            ],
            [
              85.46383984375001,
              27.7247234375
            ],
            [
              85.46386914062501,
              27.7247234375
            ],
            [
              85.46386914062501,
              27.72466484375
            ],
            [
              85.463927734375,
              27.72466484375
            ],
            [
              85.463927734375,
              27.724635546875
            ],
            [
              85.4641328125,
              27.724635546875
            ],
            [
              85.4641328125,
              27.72466484375
            ],
            [
              85.46425,
              27.72466484375
            ],
            [
              85.46425,
              27.724635546875
            ],
            [
              85.46430859375,
              27.724635546875
            ],
            [
              85.46430859375,
              27.724606249999997
            ],
            [
              85.464484375,
              27.724606249999997
            ],
            [
              85.464484375,
              27.724635546875
            ],
            [
              85.46454296875001,
              27.724635546875
            ],
            [
              85.46454296875001,
              27.72466484375
            ],
            [
              85.46457226562501,
              27.72466484375
            ],
            [
              85.46457226562501,
              27.7247234375
            ],
            [
              85.464630859375,
              27.7247234375
            ],
            [
              85.464630859375,
              27.724752734375
            ],
            [
              85.464748046875,
              27.724752734375
            ],
            [
              85.464748046875,
              27.724782031249998
            ],
            [
              85.4648359375,
              27.724782031249998
            ],
            [
              85.4648359375,
              27.724811328125
            ],
            [
              85.46489453125001,
              27.724811328125
            ],
            [
              85.46489453125001,
              27.724840625
            ],
            [
              85.46492382812501,
              27.724840625
            ],
            [
              85.46492382812501,
              27.72489921875
            ],
            [
              85.46495312500001,
              27.72489921875
            ],
            [
              85.46495312500001,
              27.725045703124998
            ],
            [
              85.464982421875,
              27.725045703124998
            ],
            [
              85.464982421875,
              27.725104296875
            ],
            [
              85.46501171875,
              27.725104296875
            ],
            [
              85.46501171875,
              27.725221484375
            ],
            [
              85.465041015625,
              27.725221484375
            ],
            [
              85.465041015625,
              27.725250781249997
            ],
            [
              85.46501171875,
              27.725250781249997
            ],
            [
              85.46501171875,
              27.725309375
            ],
            [
              85.464982421875,
              27.725309375
            ],
            [
              85.464982421875,
              27.725338671874997
            ],
            [
              85.46495312500001,
              27.725338671874997
            ],
            [
              85.46495312500001,
              27.72536796875
            ],
            [
              85.46492382812501,
              27.72536796875
            ],
            [
              85.46492382812501,
              27.725397265625
            ],
            [
              85.46442578125,
              27.725397265625
            ],
            [
              85.46442578125,
              27.725338671874997
            ],
            [
              85.464396484375,
              27.725338671874997
            ],
            [
              85.464396484375,
              27.7251921875
            ],
            [
              85.4643671875,
              27.7251921875
            ],
            [
              85.4643671875,
              27.725133593749998
            ],
            [
              85.464337890625,
              27.725133593749998
            ],
            [
              85.464337890625,
              27.725104296875
            ],
            [
              85.46425,
              27.725104296875
            ],
            [
              85.46425,
              27.725162890624997
            ],
            [
              85.46422070312501,
              27.725162890624997
            ],
            [
              85.46422070312501,
              27.7251921875
            ],
            [
              85.46419140625001,
              27.7251921875
            ],
            [
              85.46419140625001,
              27.725309375
            ],
            [
              85.46422070312501,
              27.725309375
            ],
            [
              85.46422070312501,
              27.725397265625
            ],
            [
              85.46425,
              27.725397265625
            ],
            [
              85.46425,
              27.725514453124998
            ],
            [
              85.46422070312501,
              27.725514453124998
            ],
            [
              85.46422070312501,
              27.725573046875
            ],
            [
              85.46419140625001,
              27.725573046875
            ],
            [
              85.46419140625001,
              27.725602343749998
            ],
            [
              85.4641328125,
              27.725602343749998
            ],
            [
              85.4641328125,
              27.725631640625
            ],
            [
              85.463986328125,
              27.725631640625
            ]
          ]
        ]
      },
      "properties": {
        "building_id": 105,
        "damage_tier": "no-damage",
        "confidence": 0.779
      }
    },
    {
      "type": "Feature",
      "geometry": {
        "type": "Polygon",
        "coordinates": [
          [
            [
              85.4631953125,
              27.72548515625
            ],
            [
              85.4631953125,
              27.725455859375
            ],
            [
              85.46310742187501,
              27.725455859375
            ],
            [
              85.46310742187501,
              27.725426562499997
            ],
            [
              85.46307812500001,
              27.725426562499997
            ],
            [
              85.46307812500001,
              27.725397265625
            ],
            [
              85.46301953125,
              27.725397265625
            ],
            [
              85.46301953125,
              27.72536796875
            ],
            [
              85.462990234375,
              27.72536796875
            ],
            [
              85.462990234375,
              27.725338671874997
            ],
            [
              85.4629609375,
              27.725338671874997
            ],
            [
              85.4629609375,
              27.725309375
            ],
            [
              85.46290234375,
              27.725309375
            ],
            [
              85.46290234375,
              27.725280078125
            ],
            [
              85.46284375,
              27.725280078125
            ],
            [
              85.46284375,
              27.725250781249997
            ],
            [
              85.462814453125,
              27.725250781249997
            ],
            [
              85.462814453125,
              27.725221484375
            ],
            [
              85.46278515625,
              27.725221484375
            ],
            [
              85.46278515625,
              27.7251921875
            ],
            [
              85.46275585937501,
              27.7251921875
            ],
            [
              85.46275585937501,
              27.725133593749998
            ],
            [
              85.46272656250001,
              27.725133593749998
            ],
            [
              85.46272656250001,
              27.725074999999997
            ],
            [
              85.46269726562501,
              27.725074999999997
            ],
            [
              85.46269726562501,
              27.72501640625
            ],
            [
              85.46266796875,
              27.72501640625
            ],
            [
              85.46266796875,
              27.724957812499998
            ],
            [
              85.46269726562501,
              27.724957812499998
            ],
            [
              85.46269726562501,
              27.72489921875
            ],
            [
              85.46275585937501,
              27.72489921875
            ],
            [
              85.46275585937501,
              27.724869921874998
            ],
            [
              85.462931640625,
              27.724869921874998
            ],
            [
              85.462931640625,
              27.724840625
            ],
            [
              85.463048828125,
              27.724840625
            ],
            [
              85.463048828125,
              27.724811328125
            ],
            [
              85.46307812500001,
              27.724811328125
            ],
            [
              85.46307812500001,
              27.724782031249998
            ],
            [
              85.46310742187501,
              27.724782031249998
            ],
            [
              85.46310742187501,
              27.724752734375
            ],
            [
              85.46313671875001,
              27.724752734375
            ],
            [
              85.46313671875001,
              27.7247234375
            ],
            [
              85.463166015625,
              27.7247234375
            ],
            [
              85.463166015625,
              27.724694140624997
            ],
            [
              85.4631953125,
              27.724694140624997
            ],
            [
              85.4631953125,
              27.72466484375
            ],
            [
              85.463224609375,
              27.72466484375
            ],
            [
              85.463224609375,
              27.724635546875
            ],
            [
              85.46325390625,
              27.724635546875
            ],
            [
              85.46325390625,
              27.724576953125
            ],
            [
              85.4633125,
              27.724576953125
            ],
            [
              85.4633125,
              27.72454765625
            ],
            [
              85.46337109375,
              27.72454765625
            ],
            [
              85.46337109375,
              27.724606249999997
            ],
            [
              85.463400390625,
              27.724606249999997
            ],
            [
              85.463400390625,
              27.724752734375
            ],
            [
              85.46337109375,
              27.724752734375
            ],
            [
              85.46337109375,
              27.72489921875
            ],
            [
              85.463400390625,
              27.72489921875
            ],
            [
              85.463400390625,
              27.724928515625
            ],
            [
              85.46345898437501,
              27.724928515625
            ],
            [
              85.46345898437501,
              27.724957812499998
            ],
            [
              85.46348828125001,
              27.724957812499998
            ],
            [
              85.46348828125001,
              27.72501640625
            ],
            [
              85.463517578125,
              27.72501640625
            ],
            [
              85.463517578125,
              27.725045703124998
            ],
            [
              85.463546875,
              27.725045703124998
            ],
            [
              85.463546875,
              27.725104296875
            ],
            [
              85.463576171875,
              27.725104296875
            ],
            [
              85.463576171875,
              27.7251921875
            ],
            [
              85.46360546875,
              27.7251921875
            ],
            [
              85.46360546875,
              27.725309375
            ],
            [
              85.463576171875,
              27.725309375
            ],
            [
              85.463576171875,
              27.72536796875
            ],
            [
              85.463546875,
              27.72536796875
            ],
            [
              85.463546875,
              27.725397265625
            ],
            [
              85.463517578125,
              27.725397265625
            ],
            [
              85.463517578125,
              27.725426562499997
            ],
            [
              85.46342968750001,
              27.725426562499997
            ],
            [
              85.46342968750001,
              27.725455859375
            ],
            [
              85.463341796875,
              27.725455859375
            ],
            [
              85.463341796875,
              27.72548515625
            ],
            [
              85.4631953125,
              27.72548515625
            ]
          ]
        ]
      },
      "properties": {
        "building_id": 106,
        "damage_tier": "no-damage",
        "confidence": 0.924
      }
    },
    {
      "type": "Feature",
      "geometry": {
        "type": "Polygon",
        "coordinates": [
          [
            [
              85.45543164062501,
              27.7261296875
            ],
            [
              85.45543164062501,
              27.726100390625
            ],
            [
              85.455373046875,
              27.726100390625
            ],
            [
              85.455373046875,
              27.726041796875
            ],
            [
              85.45534375,
              27.726041796875
            ],
            [
              85.45534375,
              27.72595390625
            ],
            [
              85.455314453125,
              27.72595390625
            ],
            [
              85.455314453125,
              27.725866015624998
            ],
            [
              85.45528515625,
              27.725866015624998
            ],
            [
              85.45528515625,
              27.725807421875
            ],
            [
              85.455255859375,
              27.725807421875
            ],
            [
              85.455255859375,
              27.725778124999998
            ],
            [
              85.4552265625,
              27.725778124999998
            ],
            [
              85.4552265625,
              27.725748828125
            ],
            [
              85.455197265625,
              27.725748828125
            ],
            [
              85.455197265625,
              27.72571953125
            ],
            [
              85.45505078125001,
              27.72571953125
            ],
            [
              85.45505078125001,
              27.725690234374998
            ],
            [
              85.4549921875,
              27.725690234374998
            ],
            [
              85.4549921875,
              27.7256609375
            ],
            [
              85.454875,
              27.7256609375
            ],
            [
              85.454875,
              27.725690234374998
            ],
            [
              85.4547578125,
              27.725690234374998
            ],
            [
              85.4547578125,
              27.7256609375
            ],
            [
              85.45469921875001,
              27.7256609375
            ],
            [
              85.45469921875001,
              27.725631640625
            ],
            [
              85.45466992187501,
              27.725631640625
            ],
            [
              85.45466992187501,
              27.725573046875
            ],
            [
              85.454640625,
              27.725573046875
            ],
            [
              85.454640625,
              27.72554375
            ],
            [
              85.45458203125,
              27.72554375
            ],
            [
              85.45458203125,
              27.725514453124998
            ],
            [
              85.45440625,
              27.725514453124998
            ],
            [
              85.45440625,
              27.725573046875
            ],
            [
              85.454376953125,
              27.725573046875
            ],
            [
              85.454376953125,
              27.725602343749998
            ],
            [
              85.45434765625001,
              27.725602343749998
            ],
            [
              85.45434765625001,
              27.725631640625
            ],
            [
              85.45428906250001,
              27.725631640625
            ],
            [
              85.45428906250001,
              27.7256609375
            ],
            [
              85.454201171875,
              27.7256609375
            ],
            [
              85.454201171875,
              27.725631640625
            ],
            [
              85.454171875,
              27.725631640625
            ],
            [
              85.454171875,
              27.725573046875
            ],
            [
              85.454201171875,
              27.725573046875
            ],
            [
              85.454201171875,
              27.72554375
            ],
            [
              85.45423046875,
              27.72554375
            ],
            [
              85.45423046875,
              27.725514453124998
            ],
            [
              85.454259765625,
              27.725514453124998
            ],
            [
              85.454259765625,
              27.72548515625
            ],
            [
              85.45428906250001,
              27.72548515625
            ],
            [
              85.45428906250001,
              27.725455859375
            ],
            [
              85.454259765625,
              27.725455859375
            ],
            [
              85.454259765625,
              27.72536796875
            ],
            [
              85.45423046875,
              27.72536796875
            ],
            [
              85.45423046875,
              27.7251921875
            ],
            [
              85.4545234375,
              27.7251921875
            ],
            [
              85.4545234375,
              27.725221484375
            ],
            [
              85.454552734375,
              27.725221484375
            ],
            [
              85.454552734375,
              27.725250781249997
            ],
            [
              85.45458203125,
              27.725250781249997
            ],
            [
              85.45458203125,
              27.725280078125
            ],
            [
              85.454611328125,
              27.725280078125
            ],
            [
              85.454611328125,
              27.725309375
            ],
            [
              85.454728515625,
              27.725309375
            ],
            [
              85.454728515625,
              27.725280078125
            ],
            [
              85.4547578125,
              27.725280078125
            ],
            [
              85.4547578125,
              27.725221484375
            ],
            [
              85.454728515625,
              27.725221484375
            ],
            [
              85.454728515625,
              27.725133593749998
            ],
            [
              85.45466992187501,
              27.725133593749998
            ],
            [
              85.45466992187501,
              27.725104296875
            ],
            [
              85.4545234375,
              27.725104296875
            ],
            [
              85.4545234375,
              27.725074999999997
            ],
            [
              85.45446484375,
              27.725074999999997
            ],
            [
              85.45446484375,
              27.72501640625
            ],
            [
              85.454435546875,
              27.72501640625
            ],
            [
              85.454435546875,
              27.724957812499998
            ],
            [
              85.45440625,
              27.724957812499998
            ],
            [
              85.45440625,
              27.724928515625
            ],
            [
              85.454376953125,
              27.724928515625
            ],
            [
              85.454376953125,
              27.72489921875
            ],
            [
              85.45434765625001,
              27.72489921875
            ],
            [
              85.45434765625001,
              27.724869921874998
            ],
            [
              85.454376953125,
              27.724869921874998
            ],
            [
              85.454376953125,
              27.724840625
            ],
            [
              85.45440625,
              27.724840625
            ],
            [
              85.45440625,
              27.724782031249998
            ],
            [
              85.454435546875,
              27.724782031249998
            ],
            [
              85.454435546875,
              27.724752734375
            ],
            [
              85.45440625,
              27.724752734375
            ],
            [
              85.45440625,
              27.724635546875
            ],
            [
              85.45446484375,
              27.724635546875
            ],
            [
              85.45446484375,
              27.724606249999997
            ],
            [
              85.4545234375,
              27.724606249999997
            ],
            [
              85.4545234375,
              27.724576953125
            ],
            [
              85.454611328125,
              27.724576953125
            ],
            [
              85.454611328125,
              27.72454765625
            ],
            [
              85.454728515625,
              27.72454765625
            ],
            [
              85.454728515625,
              27.724576953125
            ],
            [
              85.45481640625,
              27.724576953125
            ],
            [
              85.45481640625,
              27.724606249999997
            ],
            [
              85.454845703125,
              27.724606249999997
            ],
            [
              85.454845703125,
              27.724635546875
            ],
            [
              85.454875,
              27.724635546875
            ],
            [
              85.454875,
              27.72466484375
            ],
            [
              85.454904296875,
              27.72466484375
            ],
            [
              85.454904296875,
              27.724840625
            ],
            [
              85.45493359375,
              27.724840625
            ],
            [
              85.45493359375,
              27.724869921874998
            ],
            [
              85.455197265625,
              27.724869921874998
            ],
            [
              85.455197265625,
              27.72489921875
            ],
            [
              85.455373046875,
              27.72489921875
            ],
            [
              85.455373046875,
              27.724928515625
            ],
            [
              85.45543164062501,
              27.724928515625
            ],
            [
              85.45543164062501,
              27.724957812499998
            ],
            [
              85.4554609375,
              27.724957812499998
            ],
            [
              85.4554609375,
              27.724987109375
            ],
            [
              85.455490234375,
              27.724987109375
            ],
            [
              85.455490234375,
              27.72501640625
            ],
            [
              85.45551953125,
              27.72501640625
            ],
            [
              85.45551953125,
              27.725045703124998
            ],
            [
              85.455548828125,
              27.725045703124998
            ],
            [
              85.455548828125,
              27.725074999999997
            ],
            [
              85.45563671875,
              27.725074999999997
            ],
            [
              85.45563671875,
              27.725104296875
            ],
            [
              85.455666015625,
              27.725104296875
            ],
            [
              85.455666015625,
              27.725133593749998
            ],
            [
              85.4556953125,
              27.725133593749998
            ],
            [
              85.4556953125,
              27.725162890624997
            ],
            [
              85.455724609375,
              27.725162890624997
            ],
            [
              85.455724609375,
              27.7251921875
            ],
            [
              85.45578320312501,
              27.7251921875
            ],
            [
              85.45578320312501,
              27.725221484375
            ],
            [
              85.455841796875,
              27.725221484375
            ],
            [
              85.455841796875,
              27.725250781249997
            ],
            [
              85.455900390625,
              27.725250781249997
            ],
            [
              85.455900390625,
              27.725221484375
            ],
            [
              85.455958984375,
              27.725221484375
            ],
            [
              85.455958984375,
              27.7251921875
            ],
            [
              85.456017578125,
              27.7251921875
            ],
            [
              85.456017578125,
              27.725221484375
            ],
            [
              85.456076171875,
              27.725221484375
            ],
            [
              85.456076171875,
              27.725280078125
            ],
            [
              85.45610546875,
              27.725280078125
            ],
            [
              85.45610546875,
              27.72536796875
            ],
            [
              85.456046875,
              27.72536796875
            ],
            [
              85.456046875,
              27.725397265625
            ],
            [
              85.455900390625,
              27.725397265625
            ],
            [
              85.455900390625,
              27.72536796875
            ],
            [
              85.455841796875,
              27.72536796875
            ],
            [
              85.455841796875,
              27.725397265625
            ],
            [
              85.45578320312501,
              27.725397265625
            ],
            [
              85.45578320312501,
              27.725426562499997
            ],
            [
              85.45575390625001,
              27.725426562499997
            ],
            [
              85.45575390625001,
              27.72548515625
            ],
            [
              85.455724609375,
              27.72548515625
            ],
            [
              85.455724609375,
              27.725514453124998
            ],
            [
              85.455666015625,
              27.725514453124998
            ],
            [
              85.455666015625,
              27.72554375
            ],
            [
              85.45563671875,
              27.72554375
            ],
            [
              85.45563671875,
              27.725573046875
            ],
            [
              85.455607421875,
              27.725573046875
            ],
            [
              85.455607421875,
              27.725690234374998
            ],
            [
              85.455578125,
              27.725690234374998
            ],
            [
              85.455578125,
              27.72571953125
            ],
            [
              85.455607421875,
              27.72571953125
            ],
            [
              85.455607421875,
              27.725748828125
            ],
            [
              85.45563671875,
              27.725748828125
            ],
            [
              85.45563671875,
              27.725778124999998
            ],
            [
              85.455666015625,
              27.725778124999998
            ],
            [
              85.455666015625,
              27.725807421875
            ],
            [
              85.4556953125,
              27.725807421875
            ],
            [
              85.4556953125,
              27.72583671875
            ],
            [
              85.455724609375,
              27.72583671875
            ],
            [
              85.455724609375,
              27.725866015624998
            ],
            [
              85.45575390625001,
              27.725866015624998
            ],
            [
              85.45575390625001,
              27.725895312499997
            ],
            [
              85.45578320312501,
              27.725895312499997
            ],
            [
              85.45578320312501,
              27.725924609375
            ],
            [
              85.45581250000001,
              27.725924609375
            ],
            [
              85.45581250000001,
              27.7260125
            ],
            [
              85.45578320312501,
              27.7260125
            ],
            [
              85.45578320312501,
              27.726100390625
            ],
            [
              85.4556953125,
              27.726100390625
            ],
            [
              85.4556953125,
              27.7261296875
            ],
            [
              85.45543164062501,
              27.7261296875
            ]
          ],
          [
            [
              85.45493359375,
              27.725573046875
            ],
            [
              85.454962890625,
              27.725573046875
            ],
            [
              85.454962890625,
              27.72554375
            ],
            [
              85.45502148437501,
              27.72554375
            ],
            [
              85.45502148437501,
              27.725514453124998
            ],
            [
              85.45505078125001,
              27.725514453124998
            ],
            [
              85.45505078125001,
              27.725455859375
            ],
            [
              85.45508007812501,
              27.725455859375
            ],
            [
              85.45508007812501,
              27.72536796875
            ],
            [
              85.455109375,
              27.72536796875
            ],
            [
              85.455109375,
              27.725338671874997
            ],
            [
              85.45516796875,
              27.725338671874997
            ],
            [
              85.45516796875,
              27.725309375
            ],
            [
              85.45534375,
              27.725309375
            ],
            [
              85.45534375,
              27.725280078125
            ],
            [
              85.4554609375,
              27.725280078125
            ],
            [
              85.4554609375,
              27.725250781249997
            ],
            [
              85.455490234375,
              27.725250781249997
            ],
            [
              85.455490234375,
              27.725221484375
            ],
            [
              85.45543164062501,
              27.725221484375
            ],
            [
              85.45543164062501,
              27.7251921875
            ],
            [
              85.45516796875,
              27.7251921875
            ],
            [
              85.45516796875,
              27.725162890624997
            ],
            [
              85.4549921875,
              27.725162890624997
            ],
            [
              85.4549921875,
              27.7251921875
            ],
            [
              85.454904296875,
              27.7251921875
            ],
            [
              85.454904296875,
              27.725221484375
            ],
            [
              85.454875,
              27.725221484375
            ],
            [
              85.454875,
              27.725250781249997
            ],
            [
              85.454845703125,
              27.725250781249997
            ],
            [
              85.454845703125,
              27.725426562499997
            ],
            [
              85.454875,
              27.725426562499997
            ],
            [
              85.454875,
              27.725514453124998
            ],
            [
              85.454904296875,
              27.725514453124998
            ],
            [
              85.454904296875,
              27.72554375
            ],
            [
              85.45493359375,
              27.72554375
            ],
            [
              85.45493359375,
              27.725573046875
            ]
          ]
        ]
      },
      "properties": {
        "building_id": 107,
        "damage_tier": "no-damage",
        "confidence": 0.905
      }
    },
    {
      "type": "Feature",
      "geometry": {
        "type": "Polygon",
        "coordinates": [
          [
            [
              85.456310546875,
              27.725162890624997
            ],
            [
              85.456310546875,
              27.725133593749998
            ],
            [
              85.45628125,
              27.725133593749998
            ],
            [
              85.45628125,
              27.724957812499998
            ],
            [
              85.456310546875,
              27.724957812499998
            ],
            [
              85.456310546875,
              27.724928515625
            ],
            [
              85.45633984375,
              27.724928515625
            ],
            [
              85.45633984375,
              27.72489921875
            ],
            [
              85.4563984375,
              27.72489921875
            ],
            [
              85.4563984375,
              27.724869921874998
            ],
            [
              85.45648632812501,
              27.724869921874998
            ],
            [
              85.45648632812501,
              27.72489921875
            ],
            [
              85.45657421875,
              27.72489921875
            ],
            [
              85.45657421875,
              27.724928515625
            ],
            [
              85.45669140625,
              27.724928515625
            ],
            [
              85.45669140625,
              27.724957812499998
            ],
            [
              85.45675,
              27.724957812499998
            ],
            [
              85.45675,
              27.724987109375
            ],
            [
              85.45689648437501,
              27.724987109375
            ],
            [
              85.45689648437501,
              27.724957812499998
            ],
            [
              85.45692578125,
              27.724957812499998
            ],
            [
              85.45692578125,
              27.724928515625
            ],
            [
              85.456955078125,
              27.724928515625
            ],
            [
              85.456955078125,
              27.724869921874998
            ],
            [
              85.45692578125,
              27.724869921874998
            ],
            [
              85.45692578125,
              27.724694140624997
            ],
            [
              85.456955078125,
              27.724694140624997
            ],
            [
              85.456955078125,
              27.724606249999997
            ],
            [
              85.456984375,
              27.724606249999997
            ],
            [
              85.456984375,
              27.7244890625
            ],
            [
              85.457013671875,
              27.7244890625
            ],
            [
              85.457013671875,
              27.724401171874998
            ],
            [
              85.4571015625,
              27.724401171874998
            ],
            [
              85.4571015625,
              27.724371875
            ],
            [
              85.457189453125,
              27.724371875
            ],
            [
              85.457189453125,
              27.724342578124997
            ],
            [
              85.45724804687501,
              27.724342578124997
            ],
            [
              85.45724804687501,
              27.724313281249998
            ],
            [
              85.457482421875,
              27.724313281249998
            ],
            [
              85.457482421875,
              27.724342578124997
            ],
            [
              85.45751171875,
              27.724342578124997
            ],
            [
              85.45751171875,
              27.724371875
            ],
            [
              85.457541015625,
              27.724371875
            ],
            [
              85.457541015625,
              27.724401171874998
            ],
            [
              85.4575703125,
              27.724401171874998
            ],
            [
              85.4575703125,
              27.724430468749997
            ],
            [
              85.45759960937501,
              27.724430468749997
            ],
            [
              85.45759960937501,
              27.7244890625
            ],
            [
              85.45795117187501,
              27.7244890625
            ],
            [
              85.45795117187501,
              27.724518359374997
            ],
            [
              85.45800976562501,
              27.724518359374997
            ],
            [
              85.45800976562501,
              27.724606249999997
            ],
            [
              85.45798046875001,
              27.724606249999997
            ],
            [
              85.45798046875001,
              27.72466484375
            ],
            [
              85.457892578125,
              27.72466484375
            ],
            [
              85.457892578125,
              27.724694140624997
            ],
            [
              85.4576875,
              27.724694140624997
            ],
            [
              85.4576875,
              27.72466484375
            ],
            [
              85.45762890625001,
              27.72466484375
            ],
            [
              85.45762890625001,
              27.724694140624997
            ],
            [
              85.4575703125,
              27.724694140624997
            ],
            [
              85.4575703125,
              27.724782031249998
            ],
            [
              85.457541015625,
              27.724782031249998
            ],
            [
              85.457541015625,
              27.724811328125
            ],
            [
              85.45751171875,
              27.724811328125
            ],
            [
              85.45751171875,
              27.724840625
            ],
            [
              85.457482421875,
              27.724840625
            ],
            [
              85.457482421875,
              27.724869921874998
            ],
            [
              85.457453125,
              27.724869921874998
            ],
            [
              85.457453125,
              27.72489921875
            ],
            [
              85.457423828125,
              27.72489921875
            ],
            [
              85.457423828125,
              27.724928515625
            ],
            [
              85.4573359375,
              27.724928515625
            ],
            [
              85.4573359375,
              27.724957812499998
            ],
            [
              85.45721875000001,
              27.724957812499998
            ],
            [
              85.45721875000001,
              27.724928515625
            ],
            [
              85.4571015625,
              27.724928515625
            ],
            [
              85.4571015625,
              27.724957812499998
            ],
            [
              85.457072265625,
              27.724957812499998
            ],
            [
              85.457072265625,
              27.724987109375
            ],
            [
              85.45704296875,
              27.724987109375
            ],
            [
              85.45704296875,
              27.72501640625
            ],
            [
              85.457013671875,
              27.72501640625
            ],
            [
              85.457013671875,
              27.725045703124998
            ],
            [
              85.456955078125,
              27.725045703124998
            ],
            [
              85.456955078125,
              27.725074999999997
            ],
            [
              85.45680859375,
              27.725074999999997
            ],
            [
              85.45680859375,
              27.725104296875
            ],
            [
              85.456779296875,
              27.725104296875
            ],
            [
              85.456779296875,
              27.725133593749998
            ],
            [
              85.456720703125,
              27.725133593749998
            ],
            [
              85.456720703125,
              27.725162890624997
            ],
            [
              85.456310546875,
              27.725162890624997
            ]
          ]
        ]
      },
      "properties": {
        "building_id": 108,
        "damage_tier": "no-damage",
        "confidence": 0.925
      }
    },
    {
      "type": "Feature",
      "geometry": {
        "type": "Polygon",
        "coordinates": [
          [
            [
              85.455841796875,
              27.724459765625
            ],
            [
              85.455841796875,
              27.724430468749997
            ],
            [
              85.45575390625001,
              27.724430468749997
            ],
            [
              85.45575390625001,
              27.724401171874998
            ],
            [
              85.455607421875,
              27.724401171874998
            ],
            [
              85.455607421875,
              27.724342578124997
            ],
            [
              85.455578125,
              27.724342578124997
            ],
            [
              85.455578125,
              27.724283984375
            ],
            [
              85.455607421875,
              27.724283984375
            ],
            [
              85.455607421875,
              27.7242546875
            ],
            [
              85.45563671875,
              27.7242546875
            ],
            [
              85.45563671875,
              27.724225390624998
            ],
            [
              85.455724609375,
              27.724225390624998
            ],
            [
              85.455724609375,
              27.7242546875
            ],
            [
              85.45587109375,
              27.7242546875
            ],
            [
              85.45587109375,
              27.724283984375
            ],
            [
              85.455900390625,
              27.724283984375
            ],
            [
              85.455900390625,
              27.724313281249998
            ],
            [
              85.4559296875,
              27.724313281249998
            ],
            [
              85.4559296875,
              27.724342578124997
            ],
            [
              85.45598828125,
              27.724342578124997
            ],
            [
              85.45598828125,
              27.724371875
            ],
            [
              85.456017578125,
              27.724371875
            ],
            [
              85.456017578125,
              27.724401171874998
            ],
            [
              85.456046875,
              27.724401171874998
            ],
            [
              85.456046875,
              27.724430468749997
            ],
            [
              85.456017578125,
              27.724430468749997
            ],
            [
              85.456017578125,
              27.724459765625
            ],
            [
              85.455841796875,
              27.724459765625
            ]
          ]
        ]
      },
      "properties": {
        "building_id": 109,
        "damage_tier": "no-damage",
        "confidence": 0.875
      }
    },
    {
      "type": "Feature",
      "geometry": {
        "type": "Polygon",
        "coordinates": [
          [
            [
              85.45396679687501,
              27.723903125
            ],
            [
              85.45396679687501,
              27.723873828124997
            ],
            [
              85.45393750000001,
              27.723873828124997
            ],
            [
              85.45393750000001,
              27.723815234375
            ],
            [
              85.454025390625,
              27.723815234375
            ],
            [
              85.454025390625,
              27.72384453125
            ],
            [
              85.4540546875,
              27.72384453125
            ],
            [
              85.4540546875,
              27.723873828124997
            ],
            [
              85.454025390625,
              27.723873828124997
            ],
            [
              85.454025390625,
              27.723903125
            ],
            [
              85.45396679687501,
              27.723903125
            ]
          ]
        ]
      },
      "properties": {
        "building_id": 110,
        "damage_tier": "no-damage",
        "confidence": 0.819
      }
    },
    {
      "type": "Feature",
      "geometry": {
        "type": "Polygon",
        "coordinates": [
          [
            [
              85.463576171875,
              27.723434375
            ],
            [
              85.463576171875,
              27.723405078124998
            ],
            [
              85.463517578125,
              27.723405078124998
            ],
            [
              85.463517578125,
              27.72337578125
            ],
            [
              85.46348828125001,
              27.72337578125
            ],
            [
              85.46348828125001,
              27.723346484375
            ],
            [
              85.463517578125,
              27.723346484375
            ],
            [
              85.463517578125,
              27.723287890625
            ],
            [
              85.463546875,
              27.723287890625
            ],
            [
              85.463546875,
              27.72325859375
            ],
            [
              85.463576171875,
              27.72325859375
            ],
            [
              85.463576171875,
              27.723229296874997
            ],
            [
              85.4638984375,
              27.723229296874997
            ],
            [
              85.4638984375,
              27.723287890625
            ],
            [
              85.46386914062501,
              27.723287890625
            ],
            [
              85.46386914062501,
              27.72337578125
            ],
            [
              85.46383984375001,
              27.72337578125
            ],
            [
              85.46383984375001,
              27.723405078124998
            ],
            [
              85.463751953125,
              27.723405078124998
            ],
            [
              85.463751953125,
              27.723434375
            ],
            [
              85.463576171875,
              27.723434375
            ]
          ]
        ]
      },
      "properties": {
        "building_id": 112,
        "damage_tier": "no-damage",
        "confidence": 0.902
      }
    },
    {
      "type": "Feature",
      "geometry": {
        "type": "Polygon",
        "coordinates": [
          [
            [
              85.45431835937501,
              27.723346484375
            ],
            [
              85.45431835937501,
              27.723317187499998
            ],
            [
              85.45428906250001,
              27.723317187499998
            ],
            [
              85.45428906250001,
              27.72325859375
            ],
            [
              85.45431835937501,
              27.72325859375
            ],
            [
              85.45431835937501,
              27.723229296874997
            ],
            [
              85.454376953125,
              27.723229296874997
            ],
            [
              85.454376953125,
              27.723317187499998
            ],
            [
              85.45434765625001,
              27.723317187499998
            ],
            [
              85.45434765625001,
              27.723346484375
            ],
            [
              85.45431835937501,
              27.723346484375
            ]
          ]
        ]
      },
      "properties": {
        "building_id": 113,
        "damage_tier": "no-damage",
        "confidence": 0.857
      }
    },
    {
      "type": "Feature",
      "geometry": {
        "type": "Polygon",
        "coordinates": [
          [
            [
              85.45209179687501,
              27.723112109375
            ],
            [
              85.45209179687501,
              27.723053515624997
            ],
            [
              85.4520625,
              27.723053515624997
            ],
            [
              85.4520625,
              27.72302421875
            ],
            [
              85.45209179687501,
              27.72302421875
            ],
            [
              85.45209179687501,
              27.722994921875
            ],
            [
              85.45212109375001,
              27.722994921875
            ],
            [
              85.45212109375001,
              27.722965624999997
            ],
            [
              85.4521796875,
              27.722965624999997
            ],
            [
              85.4521796875,
              27.722936328124998
            ],
            [
              85.45223828125,
              27.722936328124998
            ],
            [
              85.45223828125,
              27.7230828125
            ],
            [
              85.45215039062501,
              27.7230828125
            ],
            [
              85.45215039062501,
              27.723112109375
            ],
            [
              85.45209179687501,
              27.723112109375
            ]
          ]
        ]
      },
      "properties": {
        "building_id": 114,
        "damage_tier": "no-damage",
        "confidence": 0.901
      }
    },
    {
      "type": "Feature",
      "geometry": {
        "type": "Polygon",
        "coordinates": [
          [
            [
              85.467794921875,
              27.723170703125
            ],
            [
              85.467794921875,
              27.723141406249997
            ],
            [
              85.467765625,
              27.723141406249997
            ],
            [
              85.467765625,
              27.723112109375
            ],
            [
              85.467736328125,
              27.723112109375
            ],
            [
              85.467736328125,
              27.723053515624997
            ],
            [
              85.467677734375,
              27.723053515624997
            ],
            [
              85.467677734375,
              27.722994921875
            ],
            [
              85.467736328125,
              27.722994921875
            ],
            [
              85.467736328125,
              27.722965624999997
            ],
            [
              85.467765625,
              27.722965624999997
            ],
            [
              85.467765625,
              27.722936328124998
            ],
            [
              85.467794921875,
              27.722936328124998
            ],
            [
              85.467794921875,
              27.72290703125
            ],
            [
              85.46782421875001,
              27.72290703125
            ],
            [
              85.46782421875001,
              27.722877734374997
            ],
            [
              85.46785351562501,
              27.722877734374997
            ],
            [
              85.46785351562501,
              27.72290703125
            ],
            [
              85.467912109375,
              27.72290703125
            ],
            [
              85.467912109375,
              27.722936328124998
            ],
            [
              85.468,
              27.722936328124998
            ],
            [
              85.468,
              27.723141406249997
            ],
            [
              85.46788281250001,
              27.723141406249997
            ],
            [
              85.46788281250001,
              27.723170703125
            ],
            [
              85.467794921875,
              27.723170703125
            ]
          ]
        ]
      },
      "properties": {
        "building_id": 115,
        "damage_tier": "no-damage",
        "confidence": 0.942
      }
    },
    {
      "type": "Feature",
      "geometry": {
        "type": "Polygon",
        "coordinates": [
          [
            [
              85.452208984375,
              27.722819140625
            ],
            [
              85.452208984375,
              27.722760546874998
            ],
            [
              85.45223828125,
              27.722760546874998
            ],
            [
              85.45223828125,
              27.722819140625
            ],
            [
              85.452208984375,
              27.722819140625
            ]
          ]
        ]
      },
      "properties": {
        "building_id": 116,
        "damage_tier": "no-damage",
        "confidence": 0.89
      }
    },
    {
      "type": "Feature",
      "geometry": {
        "type": "Polygon",
        "coordinates": [
          [
            [
              85.462169921875,
              27.7230828125
            ],
            [
              85.462169921875,
              27.723053515624997
            ],
            [
              85.462111328125,
              27.723053515624997
            ],
            [
              85.462111328125,
              27.722760546874998
            ],
            [
              85.462140625,
              27.722760546874998
            ],
            [
              85.462140625,
              27.722643359375
            ],
            [
              85.462169921875,
              27.722643359375
            ],
            [
              85.462169921875,
              27.722496874999997
            ],
            [
              85.4622578125,
              27.722496874999997
            ],
            [
              85.4622578125,
              27.722526171875
            ],
            [
              85.46237500000001,
              27.722526171875
            ],
            [
              85.46237500000001,
              27.72255546875
            ],
            [
              85.462462890625,
              27.72255546875
            ],
            [
              85.462462890625,
              27.722584765624998
            ],
            [
              85.4624921875,
              27.722584765624998
            ],
            [
              85.4624921875,
              27.7226140625
            ],
            [
              85.462521484375,
              27.7226140625
            ],
            [
              85.462521484375,
              27.722643359375
            ],
            [
              85.46255078125,
              27.722643359375
            ],
            [
              85.46255078125,
              27.722936328124998
            ],
            [
              85.4624921875,
              27.722936328124998
            ],
            [
              85.4624921875,
              27.722965624999997
            ],
            [
              85.462462890625,
              27.722965624999997
            ],
            [
              85.462462890625,
              27.72302421875
            ],
            [
              85.46240429687501,
              27.72302421875
            ],
            [
              85.46240429687501,
              27.723053515624997
            ],
            [
              85.462287109375,
              27.723053515624997
            ],
            [
              85.462287109375,
              27.7230828125
            ],
            [
              85.462169921875,
              27.7230828125
            ]
          ]
        ]
      },
      "properties": {
        "building_id": 117,
        "damage_tier": "no-damage",
        "confidence": 0.945
      }
    },
    {
      "type": "Feature",
      "geometry": {
        "type": "Polygon",
        "coordinates": [
          [
            [
              85.46102734375,
              27.7235515625
            ],
            [
              85.46102734375,
              27.723522265625
            ],
            [
              85.46091015625001,
              27.723522265625
            ],
            [
              85.46091015625001,
              27.723492968749998
            ],
            [
              85.460822265625,
              27.723492968749998
            ],
            [
              85.460822265625,
              27.723463671875
            ],
            [
              85.46079296875,
              27.723463671875
            ],
            [
              85.46079296875,
              27.723434375
            ],
            [
              85.460763671875,
              27.723434375
            ],
            [
              85.460763671875,
              27.723405078124998
            ],
            [
              85.460734375,
              27.723405078124998
            ],
            [
              85.460734375,
              27.723317187499998
            ],
            [
              85.460763671875,
              27.723317187499998
            ],
            [
              85.460763671875,
              27.72325859375
            ],
            [
              85.460734375,
              27.72325859375
            ],
            [
              85.460734375,
              27.723229296874997
            ],
            [
              85.460705078125,
              27.723229296874997
            ],
            [
              85.460705078125,
              27.7232
            ],
            [
              85.460646484375,
              27.7232
            ],
            [
              85.460646484375,
              27.723170703125
            ],
            [
              85.4606171875,
              27.723170703125
            ],
            [
              85.4606171875,
              27.723053515624997
            ],
            [
              85.460587890625,
              27.723053515624997
            ],
            [
              85.460587890625,
              27.722965624999997
            ],
            [
              85.4606171875,
              27.722965624999997
            ],
            [
              85.4606171875,
              27.722848437499998
            ],
            [
              85.460646484375,
              27.722848437499998
            ],
            [
              85.460646484375,
              27.72278984375
            ],
            [
              85.46067578125,
              27.72278984375
            ],
            [
              85.46067578125,
              27.722760546874998
            ],
            [
              85.460763671875,
              27.722760546874998
            ],
            [
              85.460763671875,
              27.72273125
            ],
            [
              85.460822265625,
              27.72273125
            ],
            [
              85.460822265625,
              27.722701953125
            ],
            [
              85.4608515625,
              27.722701953125
            ],
            [
              85.4608515625,
              27.722672656249998
            ],
            [
              85.46088085937501,
              27.722672656249998
            ],
            [
              85.46088085937501,
              27.722643359375
            ],
            [
              85.46091015625001,
              27.722643359375
            ],
            [
              85.46091015625001,
              27.7226140625
            ],
            [
              85.46093945312501,
              27.7226140625
            ],
            [
              85.46093945312501,
              27.722584765624998
            ],
            [
              85.46096875,
              27.722584765624998
            ],
            [
              85.46096875,
              27.72255546875
            ],
            [
              85.460998046875,
              27.72255546875
            ],
            [
              85.460998046875,
              27.722496874999997
            ],
            [
              85.46102734375,
              27.722496874999997
            ],
            [
              85.46102734375,
              27.722467578125
            ],
            [
              85.461173828125,
              27.722467578125
            ],
            [
              85.461173828125,
              27.722496874999997
            ],
            [
              85.461349609375,
              27.722496874999997
            ],
            [
              85.461349609375,
              27.722526171875
            ],
            [
              85.46149609375,
              27.722526171875
            ],
            [
              85.46149609375,
              27.72255546875
            ],
            [
              85.461525390625,
              27.72255546875
            ],
            [
              85.461525390625,
              27.722584765624998
            ],
            [
              85.4615546875,
              27.722584765624998
            ],
            [
              85.4615546875,
              27.7226140625
            ],
            [
              85.461583984375,
              27.7226140625
            ],
            [
              85.461583984375,
              27.722672656249998
            ],
            [
              85.46161328125001,
              27.722672656249998
            ],
            [
              85.46161328125001,
              27.722819140625
            ],
            [
              85.461583984375,
              27.722819140625
            ],
            [
              85.461583984375,
              27.722936328124998
            ],
            [
              85.4615546875,
              27.722936328124998
            ],
            [
              85.4615546875,
              27.72302421875
            ],
            [
              85.461525390625,
              27.72302421875
            ],
            [
              85.461525390625,
              27.7230828125
            ],
            [
              85.46149609375,
              27.7230828125
            ],
            [
              85.46149609375,
              27.723141406249997
            ],
            [
              85.461466796875,
              27.723141406249997
            ],
            [
              85.461466796875,
              27.723229296874997
            ],
            [
              85.4614375,
              27.723229296874997
            ],
            [
              85.4614375,
              27.723287890625
            ],
            [
              85.461408203125,
              27.723287890625
            ],
            [
              85.461408203125,
              27.723317187499998
            ],
            [
              85.46137890625,
              27.723317187499998
            ],
            [
              85.46137890625,
              27.723346484375
            ],
            [
              85.461115234375,
              27.723346484375
            ],
            [
              85.461115234375,
              27.72337578125
            ],
            [
              85.4610859375,
              27.72337578125
            ],
            [
              85.4610859375,
              27.723405078124998
            ],
            [
              85.46114453125,
              27.723405078124998
            ],
            [
              85.46114453125,
              27.723434375
            ],
            [
              85.461173828125,
              27.723434375
            ],
            [
              85.461173828125,
              27.723463671875
            ],
            [
              85.461203125,
              27.723463671875
            ],
            [
              85.461203125,
              27.723492968749998
            ],
            [
              85.461173828125,
              27.723492968749998
            ],
            [
              85.461173828125,
              27.723522265625
            ],
            [
              85.46114453125,
              27.723522265625
            ],
            [
              85.46114453125,
              27.7235515625
            ],
            [
              85.46102734375,
              27.7235515625
            ]
          ],
          [
            [
              85.4608515625,
              27.723287890625
            ],
            [
              85.46096875,
              27.723287890625
            ],
            [
              85.46096875,
              27.72325859375
            ],
            [
              85.46093945312501,
              27.72325859375
            ],
            [
              85.46093945312501,
              27.723229296874997
            ],
            [
              85.46088085937501,
              27.723229296874997
            ],
            [
              85.46088085937501,
              27.72325859375
            ],
            [
              85.4608515625,
              27.72325859375
            ],
            [
              85.4608515625,
              27.723287890625
            ]
          ]
        ]
      },
      "properties": {
        "building_id": 118,
        "damage_tier": "no-damage",
        "confidence": 0.943
      }
    },
    {
      "type": "Feature",
      "geometry": {
        "type": "Polygon",
        "coordinates": [
          [
            [
              85.46240429687501,
              27.722350390625
            ],
            [
              85.46240429687501,
              27.722321093749997
            ],
            [
              85.46234570312501,
              27.722321093749997
            ],
            [
              85.46234570312501,
              27.722291796875
            ],
            [
              85.462287109375,
              27.722291796875
            ],
            [
              85.462287109375,
              27.7222625
            ],
            [
              85.46219921875,
              27.7222625
            ],
            [
              85.46219921875,
              27.722233203124997
            ],
            [
              85.462140625,
              27.722233203124997
            ],
            [
              85.462140625,
              27.722203906249998
            ],
            [
              85.462169921875,
              27.722203906249998
            ],
            [
              85.462169921875,
              27.722174609375
            ],
            [
              85.462580078125,
              27.722174609375
            ],
            [
              85.462580078125,
              27.722350390625
            ],
            [
              85.46240429687501,
              27.722350390625
            ]
          ]
        ]
      },
      "properties": {
        "building_id": 119,
        "damage_tier": "no-damage",
        "confidence": 0.915
      }
    },
    {
      "type": "Feature",
      "geometry": {
        "type": "Polygon",
        "coordinates": [
          [
            [
              85.457453125,
              27.722233203124997
            ],
            [
              85.457453125,
              27.722203906249998
            ],
            [
              85.45739453125,
              27.722203906249998
            ],
            [
              85.45739453125,
              27.722174609375
            ],
            [
              85.457423828125,
              27.722174609375
            ],
            [
              85.457423828125,
              27.722116015624998
            ],
            [
              85.457453125,
              27.722116015624998
            ],
            [
              85.457453125,
              27.72208671875
            ],
            [
              85.457482421875,
              27.72208671875
            ],
            [
              85.457482421875,
              27.722057421875
            ],
            [
              85.457541015625,
              27.722057421875
            ],
            [
              85.457541015625,
              27.72208671875
            ],
            [
              85.4575703125,
              27.72208671875
            ],
            [
              85.4575703125,
              27.722203906249998
            ],
            [
              85.457541015625,
              27.722203906249998
            ],
            [
              85.457541015625,
              27.722233203124997
            ],
            [
              85.457453125,
              27.722233203124997
            ]
          ]
        ]
      },
      "properties": {
        "building_id": 120,
        "damage_tier": "no-damage",
        "confidence": 0.914
      }
    },
    {
      "type": "Feature",
      "geometry": {
        "type": "Polygon",
        "coordinates": [
          [
            [
              85.460998046875,
              27.7223796875
            ],
            [
              85.460998046875,
              27.722350390625
            ],
            [
              85.46096875,
              27.722350390625
            ],
            [
              85.46096875,
              27.722174609375
            ],
            [
              85.46093945312501,
              27.722174609375
            ],
            [
              85.46093945312501,
              27.722116015624998
            ],
            [
              85.46091015625001,
              27.722116015624998
            ],
            [
              85.46091015625001,
              27.72208671875
            ],
            [
              85.46093945312501,
              27.72208671875
            ],
            [
              85.46093945312501,
              27.722057421875
            ],
            [
              85.460998046875,
              27.722057421875
            ],
            [
              85.460998046875,
              27.722028124999998
            ],
            [
              85.46102734375,
              27.722028124999998
            ],
            [
              85.46102734375,
              27.721998828125
            ],
            [
              85.461115234375,
              27.721998828125
            ],
            [
              85.461115234375,
              27.72196953125
            ],
            [
              85.46129101562501,
              27.72196953125
            ],
            [
              85.46129101562501,
              27.721998828125
            ],
            [
              85.4613203125,
              27.721998828125
            ],
            [
              85.4613203125,
              27.722028124999998
            ],
            [
              85.46137890625,
              27.722028124999998
            ],
            [
              85.46137890625,
              27.722057421875
            ],
            [
              85.461408203125,
              27.722057421875
            ],
            [
              85.461408203125,
              27.722145312499997
            ],
            [
              85.46137890625,
              27.722145312499997
            ],
            [
              85.46137890625,
              27.722174609375
            ],
            [
              85.461349609375,
              27.722174609375
            ],
            [
              85.461349609375,
              27.722203906249998
            ],
            [
              85.46126171875001,
              27.722203906249998
            ],
            [
              85.46126171875001,
              27.722233203124997
            ],
            [
              85.461173828125,
              27.722233203124997
            ],
            [
              85.461173828125,
              27.7222625
            ],
            [
              85.46114453125,
              27.7222625
            ],
            [
              85.46114453125,
              27.722321093749997
            ],
            [
              85.461115234375,
              27.722321093749997
            ],
            [
              85.461115234375,
              27.722350390625
            ],
            [
              85.461056640625,
              27.722350390625
            ],
            [
              85.461056640625,
              27.7223796875
            ],
            [
              85.460998046875,
              27.7223796875
            ]
          ]
        ]
      },
      "properties": {
        "building_id": 121,
        "damage_tier": "no-damage",
        "confidence": 0.961
      }
    },
    {
      "type": "Feature",
      "geometry": {
        "type": "Polygon",
        "coordinates": [
          [
            [
              85.459240234375,
              27.724342578124997
            ],
            [
              85.459240234375,
              27.724313281249998
            ],
            [
              85.4592109375,
              27.724313281249998
            ],
            [
              85.4592109375,
              27.724283984375
            ],
            [
              85.459181640625,
              27.724283984375
            ],
            [
              85.459181640625,
              27.7242546875
            ],
            [
              85.45915234375,
              27.7242546875
            ],
            [
              85.45915234375,
              27.724225390624998
            ],
            [
              85.459123046875,
              27.724225390624998
            ],
            [
              85.459123046875,
              27.724166796875
            ],
            [
              85.45909375000001,
              27.724166796875
            ],
            [
              85.45909375000001,
              27.724108203125
            ],
            [
              85.45906445312501,
              27.724108203125
            ],
            [
              85.45906445312501,
              27.72407890625
            ],
            [
              85.45903515625,
              27.72407890625
            ],
            [
              85.45903515625,
              27.724049609374998
            ],
            [
              85.4589765625,
              27.724049609374998
            ],
            [
              85.4589765625,
              27.7240203125
            ],
            [
              85.458947265625,
              27.7240203125
            ],
            [
              85.458947265625,
              27.723991015625
            ],
            [
              85.458888671875,
              27.723991015625
            ],
            [
              85.458888671875,
              27.723903125
            ],
            [
              85.458859375,
              27.723903125
            ],
            [
              85.458859375,
              27.723698046874997
            ],
            [
              85.458830078125,
              27.723698046874997
            ],
            [
              85.458830078125,
              27.723610156249997
            ],
            [
              85.45880078125,
              27.723610156249997
            ],
            [
              85.45880078125,
              27.723580859374998
            ],
            [
              85.458771484375,
              27.723580859374998
            ],
            [
              85.458771484375,
              27.7235515625
            ],
            [
              85.45874218750001,
              27.7235515625
            ],
            [
              85.45874218750001,
              27.723492968749998
            ],
            [
              85.45871289062501,
              27.723492968749998
            ],
            [
              85.45871289062501,
              27.723434375
            ],
            [
              85.45868359375001,
              27.723434375
            ],
            [
              85.45868359375001,
              27.723346484375
            ],
            [
              85.45871289062501,
              27.723346484375
            ],
            [
              85.45871289062501,
              27.723317187499998
            ],
            [
              85.45874218750001,
              27.723317187499998
            ],
            [
              85.45874218750001,
              27.7232
            ],
            [
              85.458771484375,
              27.7232
            ],
            [
              85.458771484375,
              27.722936328124998
            ],
            [
              85.45880078125,
              27.722936328124998
            ],
            [
              85.45880078125,
              27.722877734374997
            ],
            [
              85.458771484375,
              27.722877734374997
            ],
            [
              85.458771484375,
              27.72278984375
            ],
            [
              85.458654296875,
              27.72278984375
            ],
            [
              85.458654296875,
              27.722819140625
            ],
            [
              85.458625,
              27.722819140625
            ],
            [
              85.458625,
              27.722848437499998
            ],
            [
              85.458595703125,
              27.722848437499998
            ],
            [
              85.458595703125,
              27.722877734374997
            ],
            [
              85.45856640625,
              27.722877734374997
            ],
            [
              85.45856640625,
              27.722994921875
            ],
            [
              85.458537109375,
              27.722994921875
            ],
            [
              85.458537109375,
              27.723141406249997
            ],
            [
              85.4585078125,
              27.723141406249997
            ],
            [
              85.4585078125,
              27.723317187499998
            ],
            [
              85.458478515625,
              27.723317187499998
            ],
            [
              85.458478515625,
              27.72337578125
            ],
            [
              85.45844921875,
              27.72337578125
            ],
            [
              85.45844921875,
              27.723405078124998
            ],
            [
              85.45836132812501,
              27.723405078124998
            ],
            [
              85.45836132812501,
              27.723434375
            ],
            [
              85.458244140625,
              27.723434375
            ],
            [
              85.458244140625,
              27.723405078124998
            ],
            [
              85.45815625,
              27.723405078124998
            ],
            [
              85.45815625,
              27.723346484375
            ],
            [
              85.458185546875,
              27.723346484375
            ],
            [
              85.458185546875,
              27.723317187499998
            ],
            [
              85.458244140625,
              27.723317187499998
            ],
            [
              85.458244140625,
              27.723287890625
            ],
            [
              85.45833203125001,
              27.723287890625
            ],
            [
              85.45833203125001,
              27.72325859375
            ],
            [
              85.458390625,
              27.72325859375
            ],
            [
              85.458390625,
              27.7232
            ],
            [
              85.458419921875,
              27.7232
            ],
            [
              85.458419921875,
              27.723112109375
            ],
            [
              85.458390625,
              27.723112109375
            ],
            [
              85.458390625,
              27.72302421875
            ],
            [
              85.45836132812501,
              27.72302421875
            ],
            [
              85.45836132812501,
              27.722965624999997
            ],
            [
              85.45833203125001,
              27.722965624999997
            ],
            [
              85.45833203125001,
              27.722936328124998
            ],
            [
              85.4582734375,
              27.722936328124998
            ],
            [
              85.4582734375,
              27.72290703125
            ],
            [
              85.458244140625,
              27.72290703125
            ],
            [
              85.458244140625,
              27.722701953125
            ],
            [
              85.4582734375,
              27.722701953125
            ],
            [
              85.4582734375,
              27.722526171875
            ],
            [
              85.458244140625,
              27.722526171875
            ],
            [
              85.458244140625,
              27.722467578125
            ],
            [
              85.45821484375,
              27.722467578125
            ],
            [
              85.45821484375,
              27.7223796875
            ],
            [
              85.458185546875,
              27.7223796875
            ],
            [
              85.458185546875,
              27.722174609375
            ],
            [
              85.45821484375,
              27.722174609375
            ],
            [
              85.45821484375,
              27.722116015624998
            ],
            [
              85.458244140625,
              27.722116015624998
            ],
            [
              85.458244140625,
              27.72208671875
            ],
            [
              85.4582734375,
              27.72208671875
            ],
            [
              85.4582734375,
              27.722057421875
            ],
            [
              85.45833203125001,
              27.722057421875
            ],
            [
              85.45833203125001,
              27.722028124999998
            ],
            [
              85.45836132812501,
              27.722028124999998
            ],
            [
              85.45836132812501,
              27.721998828125
            ],
            [
              85.458419921875,
              27.721998828125
            ],
            [
              85.458419921875,
              27.721940234374998
            ],
            [
              85.45844921875,
              27.721940234374998
            ],
            [
              85.45844921875,
              27.7219109375
            ],
            [
              85.458478515625,
              27.7219109375
            ],
            [
              85.458478515625,
              27.721823046875
            ],
            [
              85.4585078125,
              27.721823046875
            ],
            [
              85.4585078125,
              27.721676562499997
            ],
            [
              85.458537109375,
              27.721676562499997
            ],
            [
              85.458537109375,
              27.72161796875
            ],
            [
              85.45856640625,
              27.72161796875
            ],
            [
              85.45856640625,
              27.721588671874997
            ],
            [
              85.45874218750001,
              27.721588671874997
            ],
            [
              85.45874218750001,
              27.721559375
            ],
            [
              85.45880078125,
              27.721559375
            ],
            [
              85.45880078125,
              27.721588671874997
            ],
            [
              85.458830078125,
              27.721588671874997
            ],
            [
              85.458830078125,
              27.72161796875
            ],
            [
              85.458859375,
              27.72161796875
            ],
            [
              85.458859375,
              27.721647265625
            ],
            [
              85.45891796875,
              27.721647265625
            ],
            [
              85.45891796875,
              27.721705859375
            ],
            [
              85.458947265625,
              27.721705859375
            ],
            [
              85.458947265625,
              27.721823046875
            ],
            [
              85.4589765625,
              27.721823046875
            ],
            [
              85.4589765625,
              27.721881640625
            ],
            [
              85.45903515625,
              27.721881640625
            ],
            [
              85.45903515625,
              27.7219109375
            ],
            [
              85.459357421875,
              27.7219109375
            ],
            [
              85.459357421875,
              27.721940234374998
            ],
            [
              85.45941601562501,
              27.721940234374998
            ],
            [
              85.45941601562501,
              27.72196953125
            ],
            [
              85.45944531250001,
              27.72196953125
            ],
            [
              85.45944531250001,
              27.721998828125
            ],
            [
              85.45947460937501,
              27.721998828125
            ],
            [
              85.45947460937501,
              27.722028124999998
            ],
            [
              85.45950390625,
              27.722028124999998
            ],
            [
              85.45950390625,
              27.722057421875
            ],
            [
              85.459533203125,
              27.722057421875
            ],
            [
              85.459533203125,
              27.72208671875
            ],
            [
              85.4595625,
              27.72208671875
            ],
            [
              85.4595625,
              27.722145312499997
            ],
            [
              85.459591796875,
              27.722145312499997
            ],
            [
              85.459591796875,
              27.722203906249998
            ],
            [
              85.45962109375,
              27.722203906249998
            ],
            [
              85.45962109375,
              27.7222625
            ],
            [
              85.459650390625,
              27.7222625
            ],
            [
              85.459650390625,
              27.722350390625
            ],
            [
              85.4596796875,
              27.722350390625
            ],
            [
              85.4596796875,
              27.722408984374997
            ],
            [
              85.459708984375,
              27.722408984374997
            ],
            [
              85.459708984375,
              27.72243828125
            ],
            [
              85.45973828125,
              27.72243828125
            ],
            [
              85.45973828125,
              27.722496874999997
            ],
            [
              85.459767578125,
              27.722496874999997
            ],
            [
              85.459767578125,
              27.722643359375
            ],
            [
              85.45979687500001,
              27.722643359375
            ],
            [
              85.45979687500001,
              27.72290703125
            ],
            [
              85.459767578125,
              27.72290703125
            ],
            [
              85.459767578125,
              27.722965624999997
            ],
            [
              85.45973828125,
              27.722965624999997
            ],
            [
              85.45973828125,
              27.722994921875
            ],
            [
              85.459708984375,
              27.722994921875
            ],
            [
              85.459708984375,
              27.72302421875
            ],
            [
              85.4596796875,
              27.72302421875
            ],
            [
              85.4596796875,
              27.723053515624997
            ],
            [
              85.45962109375,
              27.723053515624997
            ],
            [
              85.45962109375,
              27.7230828125
            ],
            [
              85.4595625,
              27.7230828125
            ],
            [
              85.4595625,
              27.723112109375
            ],
            [
              85.45950390625,
              27.723112109375
            ],
            [
              85.45950390625,
              27.723141406249997
            ],
            [
              85.459533203125,
              27.723141406249997
            ],
            [
              85.459533203125,
              27.723170703125
            ],
            [
              85.4595625,
              27.723170703125
            ],
            [
              85.4595625,
              27.7232
            ],
            [
              85.459591796875,
              27.7232
            ],
            [
              85.459591796875,
              27.723229296874997
            ],
            [
              85.45962109375,
              27.723229296874997
            ],
            [
              85.45962109375,
              27.72325859375
            ],
            [
              85.4596796875,
              27.72325859375
            ],
            [
              85.4596796875,
              27.723287890625
            ],
            [
              85.459708984375,
              27.723287890625
            ],
            [
              85.459708984375,
              27.723346484375
            ],
            [
              85.45973828125,
              27.723346484375
            ],
            [
              85.45973828125,
              27.723405078124998
            ],
            [
              85.459708984375,
              27.723405078124998
            ],
            [
              85.459708984375,
              27.723463671875
            ],
            [
              85.4596796875,
              27.723463671875
            ],
            [
              85.4596796875,
              27.723610156249997
            ],
            [
              85.459708984375,
              27.723610156249997
            ],
            [
              85.459708984375,
              27.723639453125
            ],
            [
              85.45973828125,
              27.723639453125
            ],
            [
              85.45973828125,
              27.723668749999998
            ],
            [
              85.459767578125,
              27.723668749999998
            ],
            [
              85.459767578125,
              27.723698046874997
            ],
            [
              85.45979687500001,
              27.723698046874997
            ],
            [
              85.45979687500001,
              27.72372734375
            ],
            [
              85.45982617187501,
              27.72372734375
            ],
            [
              85.45982617187501,
              27.723756640625
            ],
            [
              85.45985546875,
              27.723756640625
            ],
            [
              85.45985546875,
              27.723785937499997
            ],
            [
              85.459884765625,
              27.723785937499997
            ],
            [
              85.459884765625,
              27.723815234375
            ],
            [
              85.4599140625,
              27.723815234375
            ],
            [
              85.4599140625,
              27.72384453125
            ],
            [
              85.45997265625,
              27.72384453125
            ],
            [
              85.45997265625,
              27.723873828124997
            ],
            [
              85.460001953125,
              27.723873828124997
            ],
            [
              85.460001953125,
              27.723903125
            ],
            [
              85.460060546875,
              27.723903125
            ],
            [
              85.460060546875,
              27.723932421875
            ],
            [
              85.460119140625,
              27.723932421875
            ],
            [
              85.460119140625,
              27.723961718749997
            ],
            [
              85.46014843750001,
              27.723961718749997
            ],
            [
              85.46014843750001,
              27.723991015625
            ],
            [
              85.46017773437501,
              27.723991015625
            ],
            [
              85.46017773437501,
              27.72407890625
            ],
            [
              85.46020703125001,
              27.72407890625
            ],
            [
              85.46020703125001,
              27.724137499999998
            ],
            [
              85.460236328125,
              27.724137499999998
            ],
            [
              85.460236328125,
              27.724166796875
            ],
            [
              85.460265625,
              27.724166796875
            ],
            [
              85.460265625,
              27.72419609375
            ],
            [
              85.46017773437501,
              27.72419609375
            ],
            [
              85.46017773437501,
              27.724225390624998
            ],
            [
              85.45979687500001,
              27.724225390624998
            ],
            [
              85.45979687500001,
              27.72419609375
            ],
            [
              85.45962109375,
              27.72419609375
            ],
            [
              85.45962109375,
              27.724225390624998
            ],
            [
              85.459591796875,
              27.724225390624998
            ],
            [
              85.459591796875,
              27.7242546875
            ],
            [
              85.459533203125,
              27.7242546875
            ],
            [
              85.459533203125,
              27.724283984375
            ],
            [
              85.45950390625,
              27.724283984375
            ],
            [
              85.45950390625,
              27.724313281249998
            ],
            [
              85.45947460937501,
              27.724313281249998
            ],
            [
              85.45947460937501,
              27.724342578124997
            ],
            [
              85.459240234375,
              27.724342578124997
            ]
          ]
        ]
      },
      "properties": {
        "building_id": 122,
        "damage_tier": "no-damage",
        "confidence": 0.922
      }
    },
    {
      "type": "Feature",
      "geometry": {
        "type": "Polygon",
        "coordinates": [
          [
            [
              85.450216796875,
              27.720211718749997
            ],
            [
              85.450216796875,
              27.72009453125
            ],
            [
              85.45024609375,
              27.72009453125
            ],
            [
              85.45024609375,
              27.720065234375
            ],
            [
              85.45027539062501,
              27.720065234375
            ],
            [
              85.45027539062501,
              27.720035937499997
            ],
            [
              85.45030468750001,
              27.720035937499997
            ],
            [
              85.45030468750001,
              27.720006640624998
            ],
            [
              85.450333984375,
              27.720006640624998
            ],
            [
              85.450333984375,
              27.71997734375
            ],
            [
              85.450392578125,
              27.71997734375
            ],
            [
              85.450392578125,
              27.720123828124997
            ],
            [
              85.450333984375,
              27.720123828124997
            ],
            [
              85.450333984375,
              27.720153125
            ],
            [
              85.45027539062501,
              27.720153125
            ],
            [
              85.45027539062501,
              27.720182421875
            ],
            [
              85.45024609375,
              27.720182421875
            ],
            [
              85.45024609375,
              27.720211718749997
            ],
            [
              85.450216796875,
              27.720211718749997
            ]
          ]
        ]
      },
      "properties": {
        "building_id": 124,
        "damage_tier": "no-damage",
        "confidence": 0.978
      }
    },
    {
      "type": "Feature",
      "geometry": {
        "type": "Polygon",
        "coordinates": [
          [
            [
              85.438263671875,
              27.711569140625
            ],
            [
              85.438263671875,
              27.71153984375
            ],
            [
              85.43820507812501,
              27.71153984375
            ],
            [
              85.43820507812501,
              27.711510546874997
            ],
            [
              85.43817578125,
              27.711510546874997
            ],
            [
              85.43817578125,
              27.711393359375
            ],
            [
              85.43820507812501,
              27.711393359375
            ],
            [
              85.43820507812501,
              27.7113640625
            ],
            [
              85.438380859375,
              27.7113640625
            ],
            [
              85.438380859375,
              27.711334765624997
            ],
            [
              85.438439453125,
              27.711334765624997
            ],
            [
              85.438439453125,
              27.71130546875
            ],
            [
              85.43846875,
              27.71130546875
            ],
            [
              85.43846875,
              27.711276171875
            ],
            [
              85.438498046875,
              27.711276171875
            ],
            [
              85.438498046875,
              27.711246874999997
            ],
            [
              85.43852734375,
              27.711246874999997
            ],
            [
              85.43852734375,
              27.711217578124998
            ],
            [
              85.43855664062501,
              27.711217578124998
            ],
            [
              85.43855664062501,
              27.71118828125
            ],
            [
              85.43858593750001,
              27.71118828125
            ],
            [
              85.43858593750001,
              27.711158984374997
            ],
            [
              85.438673828125,
              27.711158984374997
            ],
            [
              85.438673828125,
              27.71118828125
            ],
            [
              85.438703125,
              27.71118828125
            ],
            [
              85.438703125,
              27.711217578124998
            ],
            [
              85.438732421875,
              27.711217578124998
            ],
            [
              85.438732421875,
              27.711276171875
            ],
            [
              85.43876171875,
              27.711276171875
            ],
            [
              85.43876171875,
              27.71130546875
            ],
            [
              85.438732421875,
              27.71130546875
            ],
            [
              85.438732421875,
              27.711334765624997
            ],
            [
              85.438673828125,
              27.711334765624997
            ],
            [
              85.438673828125,
              27.7113640625
            ],
            [
              85.43858593750001,
              27.7113640625
            ],
            [
              85.43858593750001,
              27.711393359375
            ],
            [
              85.43855664062501,
              27.711393359375
            ],
            [
              85.43855664062501,
              27.711422656249997
            ],
            [
              85.43846875,
              27.711422656249997
            ],
            [
              85.43846875,
              27.711451953125
            ],
            [
              85.438380859375,
              27.711451953125
            ],
            [
              85.438380859375,
              27.71148125
            ],
            [
              85.4383515625,
              27.71148125
            ],
            [
              85.4383515625,
              27.711510546874997
            ],
            [
              85.438322265625,
              27.711510546874997
            ],
            [
              85.438322265625,
              27.71153984375
            ],
            [
              85.43829296875,
              27.71153984375
            ],
            [
              85.43829296875,
              27.711569140625
            ],
            [
              85.438263671875,
              27.711569140625
            ]
          ]
        ]
      },
      "properties": {
        "building_id": 125,
        "damage_tier": "minor-damage",
        "confidence": 0.579
      }
    },
    {
      "type": "Feature",
      "geometry": {
        "type": "Polygon",
        "coordinates": [
          [
            [
              85.44702343750001,
              27.71001640625
            ],
            [
              85.44702343750001,
              27.709987109375
            ],
            [
              85.44696484375001,
              27.709987109375
            ],
            [
              85.44696484375001,
              27.709957812499997
            ],
            [
              85.446935546875,
              27.709957812499997
            ],
            [
              85.446935546875,
              27.709811328125
            ],
            [
              85.44696484375001,
              27.709811328125
            ],
            [
              85.44696484375001,
              27.709782031249997
            ],
            [
              85.44699414062501,
              27.709782031249997
            ],
            [
              85.44699414062501,
              27.709694140624997
            ],
            [
              85.44702343750001,
              27.709694140624997
            ],
            [
              85.44702343750001,
              27.709664843749998
            ],
            [
              85.44699414062501,
              27.709664843749998
            ],
            [
              85.44699414062501,
              27.709606249999997
            ],
            [
              85.44696484375001,
              27.709606249999997
            ],
            [
              85.44696484375001,
              27.709576953124998
            ],
            [
              85.44690625,
              27.709576953124998
            ],
            [
              85.44690625,
              27.70954765625
            ],
            [
              85.446876953125,
              27.70954765625
            ],
            [
              85.446876953125,
              27.709518359374997
            ],
            [
              85.44684765625,
              27.709518359374997
            ],
            [
              85.44684765625,
              27.709401171874998
            ],
            [
              85.446876953125,
              27.709401171874998
            ],
            [
              85.446876953125,
              27.709313281249997
            ],
            [
              85.44690625,
              27.709313281249997
            ],
            [
              85.44690625,
              27.709283984375
            ],
            [
              85.446935546875,
              27.709283984375
            ],
            [
              85.446935546875,
              27.709225390624997
            ],
            [
              85.44696484375001,
              27.709225390624997
            ],
            [
              85.44696484375001,
              27.70919609375
            ],
            [
              85.44702343750001,
              27.70919609375
            ],
            [
              85.44702343750001,
              27.709166796875
            ],
            [
              85.447140625,
              27.709166796875
            ],
            [
              85.447140625,
              27.70919609375
            ],
            [
              85.4472578125,
              27.70919609375
            ],
            [
              85.4472578125,
              27.709166796875
            ],
            [
              85.44731640625,
              27.709166796875
            ],
            [
              85.44731640625,
              27.70919609375
            ],
            [
              85.44737500000001,
              27.70919609375
            ],
            [
              85.44737500000001,
              27.709225390624997
            ],
            [
              85.447404296875,
              27.709225390624997
            ],
            [
              85.447404296875,
              27.7092546875
            ],
            [
              85.44743359375,
              27.7092546875
            ],
            [
              85.44743359375,
              27.709283984375
            ],
            [
              85.4474921875,
              27.709283984375
            ],
            [
              85.4474921875,
              27.709313281249997
            ],
            [
              85.447521484375,
              27.709313281249997
            ],
            [
              85.447521484375,
              27.709342578124996
            ],
            [
              85.44755078125,
              27.709342578124996
            ],
            [
              85.44755078125,
              27.709371875
            ],
            [
              85.44769726562501,
              27.709371875
            ],
            [
              85.44769726562501,
              27.709401171874998
            ],
            [
              85.44772656250001,
              27.709401171874998
            ],
            [
              85.44772656250001,
              27.709430468749996
            ],
            [
              85.44775585937501,
              27.709430468749996
            ],
            [
              85.44775585937501,
              27.709459765625
            ],
            [
              85.44778515625,
              27.709459765625
            ],
            [
              85.44778515625,
              27.709489062499998
            ],
            [
              85.447814453125,
              27.709489062499998
            ],
            [
              85.447814453125,
              27.709576953124998
            ],
            [
              85.44778515625,
              27.709576953124998
            ],
            [
              85.44778515625,
              27.709664843749998
            ],
            [
              85.44775585937501,
              27.709664843749998
            ],
            [
              85.44775585937501,
              27.709694140624997
            ],
            [
              85.44772656250001,
              27.709694140624997
            ],
            [
              85.44772656250001,
              27.7097234375
            ],
            [
              85.44769726562501,
              27.7097234375
            ],
            [
              85.44769726562501,
              27.709752734374998
            ],
            [
              85.44766796875,
              27.709752734374998
            ],
            [
              85.44766796875,
              27.709782031249997
            ],
            [
              85.447609375,
              27.709782031249997
            ],
            [
              85.447609375,
              27.709811328125
            ],
            [
              85.447521484375,
              27.709811328125
            ],
            [
              85.447521484375,
              27.709840625
            ],
            [
              85.447462890625,
              27.709840625
            ],
            [
              85.447462890625,
              27.709869921874997
            ],
            [
              85.44743359375,
              27.709869921874997
            ],
            [
              85.44743359375,
              27.70989921875
            ],
            [
              85.44737500000001,
              27.70989921875
            ],
            [
              85.44737500000001,
              27.709928515625
            ],
            [
              85.44734570312501,
              27.709928515625
            ],
            [
              85.44734570312501,
              27.709957812499997
            ],
            [
              85.44731640625,
              27.709957812499997
            ],
            [
              85.44731640625,
              27.709987109375
            ],
            [
              85.4472578125,
              27.709987109375
            ],
            [
              85.4472578125,
              27.71001640625
            ],
            [
              85.44702343750001,
              27.71001640625
            ]
          ]
        ]
      },
      "properties": {
        "building_id": 126,
        "damage_tier": "no-damage",
        "confidence": 0.803
      }
    }
  ]
}